-- MySQL dump 10.13  Distrib 5.5.40, for debian-linux-gnu (x86_64)
--
-- Host: localhost    Database: Enviromap
-- ------------------------------------------------------
-- Server version	5.5.40-0ubuntu0.12.04.1

/*!40101 SET @OLD_CHARACTER_SET_CLIENT=@@CHARACTER_SET_CLIENT */;
/*!40101 SET @OLD_CHARACTER_SET_RESULTS=@@CHARACTER_SET_RESULTS */;
/*!40101 SET @OLD_COLLATION_CONNECTION=@@COLLATION_CONNECTION */;
/*!40101 SET NAMES utf8 */;
/*!40103 SET @OLD_TIME_ZONE=@@TIME_ZONE */;
/*!40103 SET TIME_ZONE='+00:00' */;
/*!40014 SET @OLD_UNIQUE_CHECKS=@@UNIQUE_CHECKS, UNIQUE_CHECKS=0 */;
/*!40014 SET @OLD_FOREIGN_KEY_CHECKS=@@FOREIGN_KEY_CHECKS, FOREIGN_KEY_CHECKS=0 */;
/*!40101 SET @OLD_SQL_MODE=@@SQL_MODE, SQL_MODE='NO_AUTO_VALUE_ON_ZERO' */;
/*!40111 SET @OLD_SQL_NOTES=@@SQL_NOTES, SQL_NOTES=0 */;

--
-- Table structure for table `Activities`
--

DROP TABLE IF EXISTS `Activities`;
/*!40101 SET @saved_cs_client     = @@character_set_client */;
/*!40101 SET character_set_client = utf8 */;
CREATE TABLE `Activities` (
  `Id` int(11) NOT NULL AUTO_INCREMENT,
  `Content` varchar(500) DEFAULT NULL,
  `Date` datetime DEFAULT NULL,
  `ActivityTypes_Id` int(11) NOT NULL,
  `Users_Id` int(11) DEFAULT NULL,
  `Problems_Id` int(11) NOT NULL,
  PRIMARY KEY (`Id`),
  KEY `fk_Activities_ActivityTypes1_idx` (`ActivityTypes_Id`),
  KEY `fk_Activities_Users1_idx` (`Users_Id`),
  KEY `fk_Activities_Problems1_idx` (`Problems_Id`),
  CONSTRAINT `fk_Activities_ActivityTypes1` FOREIGN KEY (`ActivityTypes_Id`) REFERENCES `ActivityTypes` (`Id`) ON DELETE NO ACTION ON UPDATE NO ACTION,
  CONSTRAINT `fk_Activities_Problems1` FOREIGN KEY (`Problems_Id`) REFERENCES `Problems` (`Id`) ON DELETE CASCADE ON UPDATE NO ACTION,
  CONSTRAINT `fk_Activities_Users1` FOREIGN KEY (`Users_Id`) REFERENCES `Users` (`Id`) ON DELETE SET NULL ON UPDATE NO ACTION
) ENGINE=InnoDB AUTO_INCREMENT=1261 DEFAULT CHARSET=utf8;
/*!40101 SET character_set_client = @saved_cs_client */;

--
-- Dumping data for table `Activities`
--

LOCK TABLES `Activities` WRITE;
/*!40000 ALTER TABLE `Activities` DISABLE KEYS */;
INSERT INTO `Activities` VALUES (1,'{\"Content\":\"Проблему додано анонімно\",\"userName\":\"(Анонім)\"}','2014-02-18 09:15:51',1,2,1),(2,'{\"Content\":\"Проблему додано анонімно\",\"userName\":\"(Анонім)\"}','2014-02-19 14:00:50',1,2,2),(3,'{\"Content\":\"Проблему додано анонімно\",\"userName\":\"(Анонім)\"}','2014-02-26 14:09:47',1,2,3),(4,'{\"Content\":\"Проблему додано анонімно\",\"userName\":\"(Анонім)\"}','2014-02-26 18:45:04',1,2,4),(5,'{\"Content\":\"Проблему додано анонімно\",\"userName\":\"(Анонім)\"}','2014-02-27 17:24:53',1,2,5),(6,'{\"Content\":\"Проблему додано анонімно\",\"userName\":\"(Анонім)\"}','2014-02-18 17:54:51',1,2,6),(7,'{\"Content\":\"Проблему додано анонімно\",\"userName\":\"(Анонім)\"}','2014-02-27 17:19:56',1,2,7),(8,'{\"Content\":\"Проблему додано анонімно\",\"userName\":\"(Анонім)\"}','2014-02-27 20:16:08',1,2,8),(9,'{\"Content\":\"Проблему додано анонімно\",\"userName\":\"(Анонім)\"}','2014-02-27 20:29:48',1,2,9),(10,'{\"Content\":\"Проблему додано анонімно\",\"userName\":\"(Анонім)\"}','2014-02-27 20:37:27',1,2,10),(11,'{\"Content\":\"Проблему додано анонімно\",\"userName\":\"(Анонім)\"}','2014-02-27 23:15:33',1,2,11),(12,'{\"Content\":\"Проблему додано анонімно\",\"userName\":\"(Анонім)\"}','2014-03-02 22:25:39',1,2,12),(13,'{\"Content\":\"Проблему додано анонімно\",\"userName\":\"(Анонім)\"}','2014-03-02 22:35:18',1,2,13),(14,'{\"Content\":\"Проблему додано анонімно\",\"userName\":\"(Анонім)\"}','2014-03-03 13:09:47',1,2,14),(18,'{\"Content\":\"Проблему додано анонімно\",\"userName\":\"(Анонім)\"}','2014-03-03 14:39:08',1,2,18),(19,'{\"Content\":\"Проблему додано анонімно\",\"userName\":\"(Анонім)\"}','2014-03-03 16:15:34',1,2,19),(20,'{\"Content\":\"Проблему додано анонімно\",\"userName\":\"(Анонім)\"}','2014-03-06 18:59:10',1,2,20),(21,'{\"Content\":\"Проблему додано анонімно\",\"userName\":\"(Анонім)\"}','2014-03-06 21:20:47',1,2,21),(22,'{\"Content\":\"Проблему додано анонімно\",\"userName\":\"(Анонім)\"}','2014-03-11 13:28:18',1,2,22),(23,'{\"Content\":\"Проблему додано анонімно\",\"userName\":\"(Анонім)\"}','2014-03-13 02:43:36',1,2,23),(24,'{\"Content\":\"Проблему додано анонімно\",\"userName\":\"(Анонім)\"}','2014-03-13 21:20:55',1,2,24),(25,'{\"Content\":\"Проблему додано анонімно\",\"userName\":\"(Анонім)\"}','2014-03-14 17:10:33',1,2,25),(26,'{\"Content\":\"Проблему додано анонімно\",\"userName\":\"(Анонім)\"}','2014-03-17 15:24:58',1,2,26),(27,'{\"Content\":\"Проблему додано анонімно\",\"userName\":\"(Анонім)\"}','2014-03-17 16:22:13',1,2,27),(28,'{\"Content\":\"Проблему додано анонімно\",\"userName\":\"(Анонім)\"}','2014-03-17 16:23:07',1,2,28),(29,'{\"Content\":\"Проблему додано анонімно\",\"userName\":\"(Анонім)\"}','2014-03-17 16:39:06',1,2,29),(30,'{\"Content\":\"Проблему додано анонімно\",\"userName\":\"(Анонім)\"}','2014-03-17 18:21:55',1,2,30),(31,'{\"Content\":\"Проблему додано анонімно\",\"userName\":\"(Анонім)\"}','2014-03-18 08:14:00',1,2,31),(32,'{\"Content\":\"Проблему додано анонімно\",\"userName\":\"(Анонім)\"}','2014-03-18 08:14:27',1,2,32),(33,'{\"Content\":\"Проблему додано анонімно\",\"userName\":\"(Анонім)\"}','2014-03-18 11:14:05',1,2,33),(34,'{\"Content\":\"Проблему додано анонімно\",\"userName\":\"(Анонім)\"}','2014-03-18 14:21:22',1,2,34),(36,'{\"Content\":\"Проблему додано анонімно\",\"userName\":\"(Анонім)\"}','2014-03-18 14:36:04',1,2,36),(37,'{\"Content\":\"Проблему додано анонімно\",\"userName\":\"(Анонім)\"}','2014-03-18 15:51:48',1,2,37),(39,'{\"Content\":\"Проблему додано анонімно\",\"userName\":\"(Анонім)\"}','2014-03-18 16:54:31',1,2,39),(40,'{\"Content\":\"Проблему додано анонімно\",\"userName\":\"(Анонім)\"}','2014-03-18 17:35:47',1,2,40),(41,'{\"Content\":\"Проблему додано анонімно\",\"userName\":\"(Анонім)\"}','2014-03-18 18:36:33',1,2,41),(42,'{\"Content\":\"Проблему додано анонімно\",\"userName\":\"(Анонім)\"}','2014-03-18 23:41:47',1,2,42),(43,'{\"Content\":\"Проблему додано анонімно\",\"userName\":\"(Анонім)\"}','2014-03-19 07:04:12',1,2,43),(44,'{\"Content\":\"Проблему додано анонімно\",\"userName\":\"(Анонім)\"}','2014-03-19 20:09:36',1,2,44),(45,'{\"Content\":\"Проблему додано анонімно\",\"userName\":\"(Анонім)\"}','2014-03-19 13:06:54',1,2,45),(46,'{\"Content\":\"Проблему додано анонімно\",\"userName\":\"(Анонім)\"}','2014-03-20 08:08:28',1,2,46),(48,'{\"Content\":\"Проблему додано анонімно\",\"userName\":\"(Анонім)\"}','2014-03-25 06:22:50',1,2,48),(49,'{\"Content\":\"Проблему додано анонімно\",\"userName\":\"(Анонім)\"}','2014-03-25 11:04:22',1,2,49),(50,'{\"Content\":\"Проблему додано анонімно\",\"userName\":\"(Анонім)\"}','2014-03-25 19:50:14',1,2,50),(51,'{\"Content\":\"Проблему додано анонімно\",\"userName\":\"(Анонім)\"}','2014-03-25 20:16:53',1,2,51),(52,'{\"Content\":\"Проблему додано анонімно\",\"userName\":\"(Анонім)\"}','2014-03-25 20:31:53',1,2,52),(53,'{\"Content\":\"Проблему додано анонімно\",\"userName\":\"(Анонім)\"}','2014-03-25 21:48:56',1,2,53),(54,'{\"Content\":\"Проблему додано анонімно\",\"userName\":\"(Анонім)\"}','2014-03-26 14:12:01',1,2,54),(55,'{\"Content\":\"Проблему додано анонімно\",\"userName\":\"(Анонім)\"}','2014-03-26 14:15:11',1,2,55),(56,'{\"Content\":\"Проблему додано анонімно\",\"userName\":\"(Анонім)\"}','2014-03-26 15:34:09',1,2,56),(57,'{\"Content\":\"Проблему додано анонімно\",\"userName\":\"(Анонім)\"}','2014-03-26 16:09:09',1,2,57),(58,'{\"Content\":\"Проблему додано анонімно\",\"userName\":\"(Анонім)\"}','2014-03-26 16:10:04',1,2,58),(59,'{\"Content\":\"Проблему додано анонімно\",\"userName\":\"(Анонім)\"}','2014-03-26 16:13:06',1,2,59),(60,'{\"Content\":\"Проблему додано анонімно\",\"userName\":\"(Анонім)\"}','2014-03-26 16:13:44',1,2,60),(61,'{\"Content\":\"Проблему додано анонімно\",\"userName\":\"(Анонім)\"}','2014-03-26 16:15:14',1,2,61),(62,'{\"Content\":\"Проблему додано анонімно\",\"userName\":\"(Анонім)\"}','2014-03-26 16:16:29',1,2,62),(63,'{\"Content\":\"Проблему додано анонімно\",\"userName\":\"(Анонім)\"}','2014-03-26 16:16:57',1,2,63),(64,'{\"Content\":\"Проблему додано анонімно\",\"userName\":\"(Анонім)\"}','2014-03-26 16:20:39',1,2,64),(65,'{\"Content\":\"Проблему додано анонімно\",\"userName\":\"(Анонім)\"}','2014-03-26 16:21:24',1,2,65),(66,'{\"Content\":\"Проблему додано анонімно\",\"userName\":\"(Анонім)\"}','2014-03-26 16:25:12',1,2,66),(67,'{\"Content\":\"Проблему додано анонімно\",\"userName\":\"(Анонім)\"}','2014-03-26 16:25:31',1,2,67),(68,'{\"Content\":\"Проблему додано анонімно\",\"userName\":\"(Анонім)\"}','2014-03-26 16:26:07',1,2,68),(69,'{\"Content\":\"Проблему додано анонімно\",\"userName\":\"(Анонім)\"}','2014-03-26 16:35:05',1,2,69),(71,'{\"Content\":\"Проблему додано анонімно\",\"userName\":\"(Анонім)\"}','2014-03-26 16:39:53',1,2,71),(72,'{\"Content\":\"Проблему додано анонімно\",\"userName\":\"(Анонім)\"}','2014-03-26 16:43:56',1,2,72),(73,'{\"Content\":\"Проблему додано анонімно\",\"userName\":\"(Анонім)\"}','2014-03-26 17:00:23',1,2,73),(74,'{\"Content\":\"Проблему додано анонімно\",\"userName\":\"(Анонім)\"}','2014-03-26 17:11:29',1,2,74),(75,'{\"Content\":\"Проблему додано анонімно\",\"userName\":\"(Анонім)\"}','2014-03-26 17:15:06',1,2,75),(76,'{\"Content\":\"Проблему додано анонімно\",\"userName\":\"(Анонім)\"}','2014-03-26 17:47:51',1,2,76),(79,'{\"Content\":\"Проблему додано анонімно\",\"userName\":\"(Анонім)\"}','2014-03-26 18:28:10',1,2,79),(80,'{\"Content\":\"Проблему додано анонімно\",\"userName\":\"(Анонім)\"}','2014-03-26 18:45:01',1,2,80),(81,'{\"Content\":\"Проблему додано анонімно\",\"userName\":\"(Анонім)\"}','2014-03-26 19:04:12',1,2,81),(82,'{\"Content\":\"Проблему додано анонімно\",\"userName\":\"(Анонім)\"}','2014-03-26 19:20:33',1,2,82),(83,'{\"Content\":\"Проблему додано анонімно\",\"userName\":\"(Анонім)\"}','2014-03-26 19:22:43',1,2,83),(84,'{\"Content\":\"Проблему додано анонімно\",\"userName\":\"(Анонім)\"}','2014-03-26 19:59:57',1,2,84),(85,'{\"Content\":\"Проблему додано анонімно\",\"userName\":\"(Анонім)\"}','2014-03-26 20:06:30',1,2,85),(86,'{\"Content\":\"Проблему додано анонімно\",\"userName\":\"(Анонім)\"}','2014-03-26 20:14:12',1,2,86),(88,'{\"Content\":\"Проблему додано анонімно\",\"userName\":\"(Анонім)\"}','2014-03-26 21:33:02',1,2,88),(89,'{\"Content\":\"Проблему додано анонімно\",\"userName\":\"(Анонім)\"}','2014-03-26 21:48:47',1,2,89),(90,'{\"Content\":\"Проблему додано анонімно\",\"userName\":\"(Анонім)\"}','2014-03-26 22:34:45',1,2,90),(91,'{\"Content\":\"Проблему додано анонімно\",\"userName\":\"(Анонім)\"}','2014-03-26 22:55:33',1,2,91),(93,'{\"Content\":\"Проблему додано анонімно\",\"userName\":\"(Анонім)\"}','2014-03-27 07:03:44',1,2,93),(94,'{\"Content\":\"Проблему додано анонімно\",\"userName\":\"(Анонім)\"}','2014-03-27 07:11:51',1,2,94),(95,'{\"Content\":\"Проблему додано анонімно\",\"userName\":\"(Анонім)\"}','2014-03-27 07:15:51',1,2,95),(96,'{\"Content\":\"Проблему додано анонімно\",\"userName\":\"(Анонім)\"}','2014-03-27 07:31:38',1,2,96),(97,'{\"Content\":\"Проблему додано анонімно\",\"userName\":\"(Анонім)\"}','2014-03-27 07:35:11',1,2,97),(98,'{\"Content\":\"Проблему додано анонімно\",\"userName\":\"(Анонім)\"}','2014-03-27 07:40:13',1,2,98),(99,'{\"Content\":\"Проблему додано анонімно\",\"userName\":\"(Анонім)\"}','2014-03-27 07:48:03',1,2,99),(101,'{\"Content\":\"Проблему додано анонімно\",\"userName\":\"(Анонім)\"}','2014-03-27 07:52:00',1,2,101),(102,'{\"Content\":\"Проблему додано анонімно\",\"userName\":\"(Анонім)\"}','2014-03-27 07:53:39',1,2,102),(104,'{\"Content\":\"Проблему додано анонімно\",\"userName\":\"(Анонім)\"}','2014-03-27 08:10:58',1,2,104),(105,'{\"Content\":\"Проблему додано анонімно\",\"userName\":\"(Анонім)\"}','2014-03-27 08:12:20',1,2,105),(107,'{\"Content\":\"Проблему додано анонімно\",\"userName\":\"(Анонім)\"}','2014-03-27 09:45:43',1,2,107),(108,'{\"Content\":\"Проблему додано анонімно\",\"userName\":\"(Анонім)\"}','2014-03-27 09:49:10',1,2,108),(109,'{\"Content\":\"Проблему додано анонімно\",\"userName\":\"(Анонім)\"}','2014-03-27 09:51:14',1,2,109),(110,'{\"Content\":\"Проблему додано анонімно\",\"userName\":\"(Анонім)\"}','2014-03-27 09:51:35',1,2,110),(112,'{\"Content\":\"Проблему додано анонімно\",\"userName\":\"(Анонім)\"}','2014-03-27 10:03:00',1,2,112),(113,'{\"Content\":\"Проблему додано анонімно\",\"userName\":\"(Анонім)\"}','2014-03-27 10:08:35',1,2,113),(114,'{\"Content\":\"Проблему додано анонімно\",\"userName\":\"(Анонім)\"}','2014-03-27 10:13:58',1,2,114),(116,'{\"Content\":\"Проблему додано анонімно\",\"userName\":\"(Анонім)\"}','2014-03-27 10:23:08',1,2,116),(117,'{\"Content\":\"Проблему додано анонімно\",\"userName\":\"(Анонім)\"}','2014-03-27 10:25:51',1,2,117),(118,'{\"Content\":\"Проблему додано анонімно\",\"userName\":\"(Анонім)\"}','2014-03-27 10:28:58',1,2,118),(119,'{\"Content\":\"Проблему додано анонімно\",\"userName\":\"(Анонім)\"}','2014-03-27 10:32:59',1,2,119),(120,'{\"Content\":\"Проблему додано анонімно\",\"userName\":\"(Анонім)\"}','2014-03-27 10:53:02',1,2,120),(121,'{\"Content\":\"Проблему додано анонімно\",\"userName\":\"(Анонім)\"}','2014-03-27 10:57:50',1,2,121),(124,'{\"Content\":\"Проблему додано анонімно\",\"userName\":\"(Анонім)\"}','2014-03-27 11:12:45',1,2,124),(125,'{\"Content\":\"Проблему додано анонімно\",\"userName\":\"(Анонім)\"}','2014-03-27 11:17:19',1,2,125),(126,'{\"Content\":\"Проблему додано анонімно\",\"userName\":\"(Анонім)\"}','2014-03-27 11:22:22',1,2,126),(127,'{\"Content\":\"Проблему додано анонімно\",\"userName\":\"(Анонім)\"}','2014-03-27 12:10:18',1,2,127),(128,'{\"Content\":\"Проблему додано анонімно\",\"userName\":\"(Анонім)\"}','2014-03-27 12:18:31',1,2,128),(129,'{\"Content\":\"Проблему додано анонімно\",\"userName\":\"(Анонім)\"}','2014-03-27 12:38:44',1,2,129),(130,'{\"Content\":\"Проблему додано анонімно\",\"userName\":\"(Анонім)\"}','2014-03-27 12:44:55',1,2,130),(131,'{\"Content\":\"Проблему додано анонімно\",\"userName\":\"(Анонім)\"}','2014-03-27 14:22:54',1,2,131),(132,'{\"Content\":\"Проблему додано анонімно\",\"userName\":\"(Анонім)\"}','2014-03-27 14:48:52',1,2,132),(133,'{\"Content\":\"Проблему додано анонімно\",\"userName\":\"(Анонім)\"}','2014-03-27 15:24:37',1,2,133),(134,'{\"Content\":\"Проблему додано анонімно\",\"userName\":\"(Анонім)\"}','2014-03-27 15:42:40',1,2,134),(135,'{\"Content\":\"Проблему додано анонімно\",\"userName\":\"(Анонім)\"}','2014-03-27 15:44:46',1,2,135),(136,'{\"Content\":\"Проблему додано анонімно\",\"userName\":\"(Анонім)\"}','2014-03-27 16:58:50',1,2,136),(137,'{\"Content\":\"Проблему додано анонімно\",\"userName\":\"(Анонім)\"}','2014-03-27 18:40:59',1,2,137),(138,'{\"Content\":\"Проблему додано анонімно\",\"userName\":\"(Анонім)\"}','2014-03-27 18:56:15',1,2,138),(139,'{\"Content\":\"Проблему додано анонімно\",\"userName\":\"(Анонім)\"}','2014-03-27 19:41:30',1,2,139),(140,'{\"Content\":\"Проблему додано анонімно\",\"userName\":\"(Анонім)\"}','2014-03-27 20:34:53',1,2,140),(141,'{\"Content\":\"Проблему додано анонімно\",\"userName\":\"(Анонім)\"}','2014-03-27 21:06:19',1,2,141),(142,'{\"Content\":\"Проблему додано анонімно\",\"userName\":\"(Анонім)\"}','2014-03-28 00:05:32',1,2,142),(143,'{\"Content\":\"Проблему додано анонімно\",\"userName\":\"(Анонім)\"}','2014-03-28 08:14:04',1,2,143),(144,'{\"Content\":\"Проблему додано анонімно\",\"userName\":\"(Анонім)\"}','2014-03-28 08:17:10',1,2,144),(145,'{\"Content\":\"Проблему додано анонімно\",\"userName\":\"(Анонім)\"}','2014-03-28 08:28:52',1,2,145),(146,'{\"Content\":\"Проблему додано анонімно\",\"userName\":\"(Анонім)\"}','2014-03-28 12:43:00',1,2,146),(147,'{\"Content\":\"Проблему додано анонімно\",\"userName\":\"(Анонім)\"}','2014-03-28 12:55:49',1,2,147),(148,'{\"Content\":\"Проблему додано анонімно\",\"userName\":\"(Анонім)\"}','2014-03-28 12:59:43',1,2,148),(149,'{\"Content\":\"Проблему додано анонімно\",\"userName\":\"(Анонім)\"}','2014-03-28 13:19:41',1,2,149),(150,'{\"Content\":\"Проблему додано анонімно\",\"userName\":\"(Анонім)\"}','2014-03-28 20:04:24',1,2,150),(152,'{\"Content\":\"Проблему додано анонімно\",\"userName\":\"(Анонім)\"}','2014-03-29 02:13:47',1,2,152),(153,'{\"Content\":\"Проблему додано анонімно\",\"userName\":\"(Анонім)\"}','2014-03-29 07:11:59',1,2,153),(154,'{\"Content\":\"Проблему додано анонімно\",\"userName\":\"(Анонім)\"}','2014-03-29 07:18:21',1,2,154),(155,'{\"Content\":\"Проблему додано анонімно\",\"userName\":\"(Анонім)\"}','2014-03-29 10:24:00',1,2,155),(156,'{\"Content\":\"Проблему додано анонімно\",\"userName\":\"(Анонім)\"}','2014-03-29 13:05:36',1,2,156),(158,'{\"Content\":\"Проблему додано анонімно\",\"userName\":\"(Анонім)\"}','2014-03-29 18:14:27',1,2,158),(159,'{\"Content\":\"Проблему додано анонімно\",\"userName\":\"(Анонім)\"}','2014-03-29 20:01:18',1,2,159),(160,'{\"Content\":\"Проблему додано анонімно\",\"userName\":\"(Анонім)\"}','2014-03-29 23:00:19',1,2,160),(161,'{\"Content\":\"Проблему додано анонімно\",\"userName\":\"(Анонім)\"}','2014-03-30 03:24:07',1,2,161),(163,'{\"Content\":\"Проблему додано анонімно\",\"userName\":\"(Анонім)\"}','2014-03-30 07:58:28',1,2,163),(164,'{\"Content\":\"Проблему додано анонімно\",\"userName\":\"(Анонім)\"}','2014-04-02 13:22:12',1,2,164),(165,'{\"Content\":\"Проблему додано анонімно\",\"userName\":\"(Анонім)\"}','2014-04-02 20:48:29',1,2,165),(166,'{\"Content\":\"Проблему додано анонімно\",\"userName\":\"(Анонім)\"}','2014-04-06 13:00:38',1,2,166),(167,'{\"Content\":\"Проблему додано анонімно\",\"userName\":\"(Анонім)\"}','2014-04-06 18:14:31',1,2,167),(168,'{\"Content\":\"Проблему додано анонімно\",\"userName\":\"(Анонім)\"}','2014-04-08 17:52:40',1,2,168),(169,'{\"Content\":\"Проблему додано анонімно\",\"userName\":\"(Анонім)\"}','2014-04-09 17:31:42',1,2,169),(170,'{\"Content\":\"Проблему додано анонімно\",\"userName\":\"(Анонім)\"}','2014-04-09 17:38:37',1,2,170),(171,'{\"Content\":\"Проблему додано анонімно\",\"userName\":\"(Анонім)\"}','2014-04-09 20:19:48',1,2,171),(172,'{\"Content\":\"Проблему додано анонімно\",\"userName\":\"(Анонім)\"}','2014-04-11 09:26:53',1,2,172),(173,'{\"Content\":\"Проблему додано анонімно\",\"userName\":\"(Анонім)\"}','2014-04-12 13:55:59',1,2,173),(174,'{\"Content\":\"Проблему додано анонімно\",\"userName\":\"(Анонім)\"}','2014-04-14 15:04:18',1,2,174),(175,'{\"Content\":\"Проблему додано анонімно\",\"userName\":\"(Анонім)\"}','2014-04-18 14:24:46',1,2,175),(176,'{\"Content\":\"Проблему додано анонімно\",\"userName\":\"(Анонім)\"}','2014-04-24 13:55:04',1,2,176),(177,'{\"Content\":\"Проблему додано анонімно\",\"userName\":\"(Анонім)\"}','2014-04-24 14:06:52',1,2,177),(178,'{\"Content\":\"Проблему додано анонімно\",\"userName\":\"(Анонім)\"}','2014-04-25 16:21:46',1,2,178),(179,'{\"Content\":\"Проблему додано анонімно\",\"userName\":\"(Анонім)\"}','2014-05-06 09:46:48',1,2,179),(180,'{\"Content\":\"Проблему додано анонімно\",\"userName\":\"(Анонім)\"}','2014-05-14 14:46:01',1,2,180),(181,'{\"Content\":\"Проблему додано анонімно\",\"userName\":\"(Анонім)\"}','2014-05-16 20:46:37',1,2,181),(182,'{\"Content\":\"Проблему додано анонімно\",\"userName\":\"(Анонім)\"}','2014-05-16 22:03:48',1,2,182),(183,'{\"Content\":\"Проблему додано анонімно\",\"userName\":\"(Анонім)\"}','2014-05-17 07:40:22',1,2,183),(184,'{\"Content\":\"Проблему додано анонімно\",\"userName\":\"(Анонім)\"}','2014-05-18 08:25:47',1,2,184),(185,'{\"Content\":\"Проблему додано анонімно\",\"userName\":\"(Анонім)\"}','2014-05-21 13:07:08',1,2,185),(186,'{\"Content\":\"Проблему додано анонімно\",\"userName\":\"(Анонім)\"}','2014-05-24 22:03:54',1,2,186),(187,'{\"Content\":\"Проблему додано анонімно\",\"userName\":\"(Анонім)\"}','2014-05-25 06:43:42',1,2,187),(188,'{\"Content\":\"Проблему додано анонімно\",\"userName\":\"(Анонім)\"}','2014-05-26 21:10:55',1,2,188),(189,'{\"Content\":\"Проблему додано анонімно\",\"userName\":\"(Анонім)\"}','2014-06-04 13:01:40',1,2,189),(191,'{\"Content\":\"Голос додано анонімно\",\"userName\":\"(Анонім)\"}','2014-10-31 04:14:09',3,2,73),(195,'{\"Content\":\"Yahooo!\",\"userName\":\"Tony\",\"userSurname\":\"Gopster\"}','2014-10-31 12:35:54',5,14,98),(196,'{\"Content\":\"Голос додано анонімно\",\"userName\":\"(Анонім)\"}','2014-10-31 13:52:46',3,2,81),(197,'{\"Content\":\"Голос додано анонімно\",\"userName\":\"(Анонім)\"}','2014-10-31 13:53:01',3,2,50),(198,'{\"Content\":\"Голос додано анонімно\",\"userName\":\"(Анонім)\"}','2014-10-31 13:53:25',3,2,138),(199,'{\"Content\":\"Голос додано анонімно\",\"userName\":\"(Анонім)\"}','2014-10-31 13:53:34',3,2,51),(200,'{\"Content\":\"Голос додано анонімно\",\"userName\":\"(Анонім)\"}','2014-10-31 13:55:26',3,2,28),(201,'{\"Content\":\"додав голос\",\"userName\":\"Tony\",\"userSurname\":\"Gopster\"}','2014-10-31 19:28:28',3,14,54),(202,'{\"Content\":\"Голос додано анонімно\",\"userName\":\"(Анонім)\"}','2014-11-03 05:14:23',3,2,127),(204,'{\"Content\":\"Голос додано анонімно\",\"userName\":\"(Анонім)\"}','2014-11-03 12:29:41',3,2,181),(205,'{\"Content\":\"Голос додано анонімно\",\"userName\":\"(Анонім)\"}','2014-11-04 04:17:12',3,2,98),(207,'{\"Content\":\"Голос додано анонімно\",\"userName\":\"(Анонім)\"}','2014-11-04 08:23:38',3,2,173),(208,'{\"Content\":\"Проблему створено анонімно\",\"userName\":\"(Анонім)\"}','2014-11-04 08:39:23',1,2,193),(209,'{\"Content\":\"Голос додано анонімно\",\"userName\":\"(Анонім)\"}','2014-11-04 10:10:21',3,2,85),(210,'{\"Content\":\"Голос додано анонімно\",\"userName\":\"(Анонім)\"}','2014-11-04 11:00:14',3,2,41),(211,'{\"Content\":\"Голос додано анонімно\",\"userName\":\"(Анонім)\"}','2014-11-04 11:00:21',3,2,19),(212,'{\"Content\":\"Голос додано анонімно\",\"userName\":\"(Анонім)\"}','2014-11-04 11:00:31',3,2,134),(213,'{\"Content\":\"Голос додано анонімно\",\"userName\":\"(Анонім)\"}','2014-11-04 11:00:59',3,2,146),(214,'{\"Content\":\"Голос додано анонімно\",\"userName\":\"(Анонім)\"}','2014-11-04 11:13:08',3,2,173),(215,'{\"Content\":\"Голос додано анонімно\",\"userName\":\"(Анонім)\"}','2014-11-04 14:29:40',3,2,9),(216,'{\"Content\":\"Голос додано анонімно\",\"userName\":\"(Анонім)\"}','2014-11-04 14:30:05',3,2,13),(217,'{\"Content\":\"додав голос\",\"userName\":\"Василь\",\"userSurname\":\"Байцим\"}','2014-11-04 14:31:58',3,16,165),(218,'{\"Content\":\"додав голос\",\"userName\":\"Василь\",\"userSurname\":\"Байцим\"}','2014-11-04 14:32:27',3,16,105),(220,'{\"Content\":\"Голос додано анонімно\",\"userName\":\"(Анонім)\"}','2014-11-04 17:06:04',3,2,173),(221,'{\"Content\":\"додав голос\",\"userName\":\"Роман\",\"userSurname\":\"Зарічний\"}','2014-11-04 19:15:07',3,18,173),(222,'{\"Content\":\"додав голос\",\"userName\":\"Роман\",\"userSurname\":\"Зарічний\"}','2014-11-04 19:15:28',3,18,85),(223,'{\"Content\":\"Голос додано анонімно\",\"userName\":\"(Анонім)\"}','2014-11-05 05:26:32',3,2,9),(224,'{\"Content\":\"Голос додано анонімно\",\"userName\":\"(Анонім)\"}','2014-11-05 06:13:03',3,2,9),(226,'{\"Content\":\"Голос додано анонімно\",\"userName\":\"(Анонім)\"}','2014-11-05 07:55:59',3,2,127),(227,'{\"Content\":\"Голос додано анонімно\",\"userName\":\"(Анонім)\"}','2014-11-05 07:56:04',3,2,26),(228,'{\"Content\":\"Голос додано анонімно\",\"userName\":\"(Анонім)\"}','2014-11-05 07:56:15',3,2,142),(229,'{\"Content\":\"Проблему створено анонімно\",\"userName\":\"(Анонім)\"}','2014-11-05 08:08:59',1,2,195),(231,'{\"Content\":\"Голос додано анонімно\",\"userName\":\"(Анонім)\"}','2014-11-05 08:13:33',3,2,65),(232,'{\"Content\":\"Голос додано анонімно\",\"userName\":\"(Анонім)\"}','2014-11-05 08:13:42',3,2,68),(233,'{\"Content\":\"Голос додано анонімно\",\"userName\":\"(Анонім)\"}','2014-11-05 08:13:48',3,2,57),(234,'{\"Content\":\"Голос додано анонімно\",\"userName\":\"(Анонім)\"}','2014-11-05 08:13:56',3,2,99),(236,'{\"Content\":\"Голос додано анонімно\",\"userName\":\"(Анонім)\"}','2014-11-05 09:18:26',3,2,85),(237,'{\"Content\":\"Голос додано анонімно\",\"userName\":\"(Анонім)\"}','2014-11-05 09:18:41',3,2,173),(238,'{\"Content\":\"Голос додано анонімно\",\"userName\":\"(Анонім)\"}','2014-11-05 10:21:19',3,2,116),(239,'{\"Content\":\"Голос додано анонімно\",\"userName\":\"(Анонім)\"}','2014-11-05 10:21:25',3,2,55),(240,'{\"Content\":\"Голос додано анонімно\",\"userName\":\"(Анонім)\"}','2014-11-05 10:44:30',3,2,19),(241,'{\"Content\":\"Голос додано анонімно\",\"userName\":\"(Анонім)\"}','2014-11-05 10:53:35',3,2,173),(242,'{\"Content\":\"Голос додано анонімно\",\"userName\":\"(Анонім)\"}','2014-11-05 10:53:37',3,2,173),(243,'{\"Content\":\"Голос додано анонімно\",\"userName\":\"(Анонім)\"}','2014-11-05 10:53:38',3,2,173),(244,'{\"Content\":\"Голос додано анонімно\",\"userName\":\"(Анонім)\"}','2014-11-05 11:00:08',3,2,127),(245,'{\"Content\":\"Голос додано анонімно\",\"userName\":\"(Анонім)\"}','2014-11-05 11:01:08',3,2,142),(246,'{\"Content\":\"Голос додано анонімно\",\"userName\":\"(Анонім)\"}','2014-11-05 11:02:28',3,2,146),(247,'{\"Content\":\"Голос додано анонімно\",\"userName\":\"(Анонім)\"}','2014-11-05 14:00:48',3,2,165),(249,'{\"Content\":\"Голос додано анонімно\",\"userName\":\"(Анонім)\"}','2014-11-05 17:07:48',3,2,22),(250,'{\"Content\":\"Проблему створено анонімно\",\"userName\":\"(Анонім)\"}','2014-11-05 17:32:34',1,2,196),(252,'{\"Content\":\"Голос додано анонімно\",\"userName\":\"(Анонім)\"}','2014-11-05 18:32:06',3,2,8),(253,'{\"Content\":\"Голос додано анонімно\",\"userName\":\"(Анонім)\"}','2014-11-06 06:13:26',3,2,142),(254,'{\"Content\":\"Голос додано анонімно\",\"userName\":\"(Анонім)\"}','2014-11-06 06:13:49',3,2,33),(256,'{\"Content\":\"Голос додано анонімно\",\"userName\":\"(Анонім)\"}','2014-11-06 06:19:57',3,2,98),(257,'{\"Content\":\"Голос додано анонімно\",\"userName\":\"(Анонім)\"}','2014-11-06 06:37:32',3,2,3),(258,'{\"Content\":\"Голос додано анонімно\",\"userName\":\"(Анонім)\"}','2014-11-06 08:05:29',3,2,173),(260,'{\"Content\":\"Голос додано анонімно\",\"userName\":\"(Анонім)\"}','2014-11-06 08:36:03',3,2,56),(261,'{\"Content\":\"Проблему створено анонімно\",\"userName\":\"(Анонім)\"}','2014-11-06 08:56:57',1,2,197),(262,'{\"Content\":\"Голос додано анонімно\",\"userName\":\"(Анонім)\"}','2014-11-06 09:00:32',3,2,54),(263,'{\"Content\":\"Голос додано анонімно\",\"userName\":\"(Анонім)\"}','2014-11-06 09:47:12',3,2,13),(264,'{\"Content\":\"Голос додано анонімно\",\"userName\":\"(Анонім)\"}','2014-11-06 10:12:10',3,2,13),(266,'{\"Content\":\"Голос додано анонімно\",\"userName\":\"(Анонім)\"}','2014-11-06 11:08:45',3,2,29),(267,'{\"Content\":\"Голос додано анонімно\",\"userName\":\"(Анонім)\"}','2014-11-06 14:15:58',3,2,9),(268,'{\"Content\":\"Голос додано анонімно\",\"userName\":\"(Анонім)\"}','2014-11-06 14:16:37',3,2,105),(269,'{\"Content\":\"Голос додано анонімно\",\"userName\":\"(Анонім)\"}','2014-11-06 14:17:00',3,2,13),(270,'{\"Content\":\"Голос додано анонімно\",\"userName\":\"(Анонім)\"}','2014-11-06 14:17:15',3,2,85),(271,'{\"Content\":\"Голос додано анонімно\",\"userName\":\"(Анонім)\"}','2014-11-06 17:20:55',3,2,61),(273,'{\"Content\":\"Голос додано анонімно\",\"userName\":\"(Анонім)\"}','2014-11-07 03:29:12',3,2,54),(274,'{\"Content\":\"додав проблему\",\"userName\":\"ecology\",\"userSurname\":\"dnepropetrovsk\"}','2014-11-07 06:08:54',1,23,199),(275,'{\"Content\":\"Голос додано анонімно\",\"userName\":\"(Анонім)\"}','2014-11-07 06:11:02',3,2,199),(276,'{\"Content\":\"Голос додано анонімно\",\"userName\":\"(Анонім)\"}','2014-11-07 07:30:35',3,2,94),(277,'{\"Content\":\"Голос додано анонімно\",\"userName\":\"(Анонім)\"}','2014-11-07 07:31:27',3,2,95),(278,'{\"Content\":\"Голос додано анонімно\",\"userName\":\"(Анонім)\"}','2014-11-07 07:58:39',3,2,129),(279,'{\"Content\":\"Голос додано анонімно\",\"userName\":\"(Анонім)\"}','2014-11-07 08:14:32',3,2,181),(280,'{\"Content\":\"Проблему створено анонімно\",\"userName\":\"(Анонім)\"}','2014-11-07 08:35:00',1,2,200),(281,'{\"Content\":\"додав проблему\",\"userName\":\"Oleh\",\"userSurname\":\"Holodnyak\"}','2014-11-07 09:29:24',1,24,201),(283,'{\"Content\":\"Голос додано анонімно\",\"userName\":\"(Анонім)\"}','2014-11-07 11:08:57',3,2,75),(284,'{\"Content\":\"Голос додано анонімно\",\"userName\":\"(Анонім)\"}','2014-11-08 04:58:45',3,2,164),(285,'{\"Content\":\"Проблему створено анонімно\",\"userName\":\"(Анонім)\"}','2014-11-08 09:52:49',1,2,202),(286,'{\"Content\":\"Голос додано анонімно\",\"userName\":\"(Анонім)\"}','2014-11-08 17:11:41',3,2,9),(289,'{\"Content\":\"Голос додано анонімно\",\"userName\":\"(Анонім)\"}','2014-11-09 12:59:04',3,2,55),(290,'{\"Content\":\"Голос додано анонімно\",\"userName\":\"(Анонім)\"}','2014-11-09 12:59:16',3,2,116),(291,'{\"Content\":\"Голос додано анонімно\",\"userName\":\"(Анонім)\"}','2014-11-09 13:01:09',3,2,80),(292,'{\"Content\":\"Голос додано анонімно\",\"userName\":\"(Анонім)\"}','2014-11-09 14:34:46',3,2,54),(293,'{\"Content\":\"Голос додано анонімно\",\"userName\":\"(Анонім)\"}','2014-11-10 04:26:02',3,2,9),(294,'{\"Content\":\"Голос додано анонімно\",\"userName\":\"(Анонім)\"}','2014-11-10 09:37:10',3,2,134),(297,'{\"Content\":\"Голос додано анонімно\",\"userName\":\"(Анонім)\"}','2014-11-11 10:49:05',3,2,19),(298,'{\"Content\":\"Голос додано анонімно\",\"userName\":\"(Анонім)\"}','2014-11-11 10:49:23',3,2,146),(300,'{\"Content\":\"додав фото\",\"userName\":\"admin\"}','2014-11-11 15:03:20',4,NULL,200),(301,'{\"Content\":\"Голос додано анонімно\",\"userName\":\"(Анонім)\"}','2014-11-12 04:29:32',3,2,74),(302,'{\"Content\":\"Голос додано анонімно\",\"userName\":\"(Анонім)\"}','2014-11-12 13:47:31',3,2,173),(303,'{\"Content\":\"Голос додано анонімно\",\"userName\":\"(Анонім)\"}','2014-11-12 13:48:27',3,2,85),(304,'{\"Content\":\"Проблему створено анонімно\",\"userName\":\"(Анонім)\"}','2014-11-12 16:46:34',1,2,208),(305,'{\"Content\":\"додав фото\",\"userName\":\"ecology\",\"userSurname\":\"dnepropetrovsk\"}','2014-11-13 08:25:02',4,23,199),(306,'{\"Content\":\"Голос додано анонімно\",\"userName\":\"(Анонім)\"}','2014-11-14 12:58:05',3,2,129),(307,'{\"Content\":\"Для вирішення цієї проблеми Ви можете переглянути розділ \\\"Ресурси\\\" - \\\"Як організувати прибирання в парку\\\". Там детально прописані всі організаційні моменти і поради.\\n\\nЗ повагою,\\n\\nКоманда Ecomap.\",\"userName\":\"admin\",\"userSurname\":null}','2014-11-16 11:04:10',5,NULL,40),(308,'{\"Content\":\"Для початку потрібно перевірити чи є така вирубка незаконною, а вже потім приймати певні міри. Як перевірити законність вирубки і які повинні бути дії по її припиненню, цю інформацію Ви зможете знайти в розділі \\\"Ресурси\\\" - \\\"Як перевірити законність вирубки\\\".\\n\\nЗ повагою,\\n\\nКоманда Ecomap.\",\"userName\":\"admin\",\"userSurname\":null}','2014-11-16 11:41:10',5,NULL,129),(309,'{\"Content\":\"Як перевірити законність вирубки і до кого слід звернутися з вирішенням цієї проблеми - цю інформацію можна отримати в розділі \\\"Ресурси\\\" - \\\"Як перевірити законність вирубки\\\".\\n\\nЗ повагою,\\n\\nКоманда Ecomap.\",\"userName\":\"admin\",\"userSurname\":null}','2014-11-16 11:47:08',5,NULL,68),(310,'{\"Content\":\"Для початку вирішення цієї проблеми Ви можете переглянути розділ \\\"Ресурси\\\" - \\\"Як перевірити законність вирубки\\\". В ньому дана інформація з приводу, як перевірити і зупинити незаконну вирубку. З повагою, Команда Ecomap.\",\"userName\":\"admin\",\"userSurname\":null}','2014-11-16 11:52:48',5,NULL,178),(311,'{\"Content\":\"додав голос\",\"userName\":\"admin\",\"userSurname\":null}','2014-11-16 11:52:51',3,NULL,178),(312,'{\"Content\":\"Дивіться розділ \\\"Ресурси\\\" - \\\"Як перевірити законність вирубки\\\". Там Ви зможете отримати потрібну інформацію. З повагою, Команда Ecomap.\",\"userName\":\"admin\",\"userSurname\":null}','2014-11-16 11:55:13',5,NULL,89),(313,'{\"Content\":\"додав голос\",\"userName\":\"admin\",\"userSurname\":null}','2014-11-16 11:55:15',3,NULL,89),(314,'{\"Content\":\"Голос додано анонімно\",\"userName\":\"(Анонім)\"}','2014-11-17 12:20:12',3,2,129),(315,'{\"Content\":\"Голос додано анонімно\",\"userName\":\"(Анонім)\"}','2014-11-18 10:23:51',3,2,10),(316,'{\"Content\":\"Голос додано анонімно\",\"userName\":\"(Анонім)\"}','2014-11-18 10:24:52',3,2,21),(317,'{\"Content\":\"Голос додано анонімно\",\"userName\":\"(Анонім)\"}','2014-11-18 10:25:37',3,2,28),(318,'{\"Content\":\"Голос додано анонімно\",\"userName\":\"(Анонім)\"}','2014-11-18 10:39:51',3,2,69),(319,'{\"Content\":\"Голос додано анонімно\",\"userName\":\"(Анонім)\"}','2014-11-19 16:36:38',3,2,89),(320,'{\"Content\":\"Голос додано анонімно\",\"userName\":\"(Анонім)\"}','2014-11-19 16:36:42',3,2,178),(321,'{\"Content\":\"Проблему створено анонімно\",\"userName\":\"(Анонім)\"}','2014-11-20 16:43:47',1,2,209),(322,'{\"Content\":\"Голос додано анонімно\",\"userName\":\"(Анонім)\"}','2014-11-21 12:53:40',3,2,163),(323,'{\"Content\":\"Голос додано анонімно\",\"userName\":\"(Анонім)\"}','2014-11-21 12:59:39',3,2,145),(324,'{\"Content\":\"Голос додано анонімно\",\"userName\":\"(Анонім)\"}','2014-11-21 15:02:17',3,2,9),(325,'{\"Content\":\"Голос додано анонімно\",\"userName\":\"(Анонім)\"}','2014-11-21 15:02:28',3,2,105),(326,'{\"Content\":\"додав проблему\",\"userName\":\"Svyatoslav\",\"userSurname\":\"Panyonko\"}','2014-11-24 09:19:50',1,29,210),(327,'{\"Content\":\"Голос додано анонімно\",\"userName\":\"(Анонім)\"}','2014-11-24 09:45:49',3,2,210),(328,'{\"Content\":\"додав голос\",\"userName\":\"Svyatoslav\",\"userSurname\":\"Panyonko\"}','2014-11-24 12:17:29',3,29,210),(329,'{\"Content\":\"Голос додано анонімно\",\"userName\":\"(Анонім)\"}','2014-11-24 16:01:43',3,2,185),(330,'{\"Content\":\"Голос додано анонімно\",\"userName\":\"(Анонім)\"}','2014-11-24 16:02:17',3,2,174),(332,'{\"Content\":\"Голос додано анонімно\",\"userName\":\"(Анонім)\"}','2014-11-25 06:00:25',3,2,142),(333,'{\"Content\":\"Голос додано анонімно\",\"userName\":\"(Анонім)\"}','2014-11-25 06:00:32',3,2,18),(334,'{\"Content\":\"Голос додано анонімно\",\"userName\":\"(Анонім)\"}','2014-11-25 06:00:39',3,2,86),(335,'{\"Content\":\"Голос додано анонімно\",\"userName\":\"(Анонім)\"}','2014-11-25 06:01:03',3,2,129),(336,'{\"Content\":\"Голос додано анонімно\",\"userName\":\"(Анонім)\"}','2014-11-25 06:01:04',3,2,20),(337,'{\"Content\":\"Голос додано анонімно\",\"userName\":\"(Анонім)\"}','2014-11-25 06:01:30',3,2,209),(338,'{\"Content\":\"Голос додано анонімно\",\"userName\":\"(Анонім)\"}','2014-11-25 06:02:12',3,2,19),(339,'{\"Content\":\"Голос додано анонімно\",\"userName\":\"(Анонім)\"}','2014-11-25 06:02:17',3,2,146),(340,'{\"Content\":\"Голос додано анонімно\",\"userName\":\"(Анонім)\"}','2014-11-25 06:07:16',3,2,41),(341,'{\"Content\":\"Голос додано анонімно\",\"userName\":\"(Анонім)\"}','2014-11-25 06:07:19',3,2,41),(342,'{\"Content\":\"Голос додано анонімно\",\"userName\":\"(Анонім)\"}','2014-11-25 06:08:07',3,2,134),(343,'{\"Content\":\"Голос додано анонімно\",\"userName\":\"(Анонім)\"}','2014-11-25 06:08:42',3,2,184),(344,'{\"Content\":\"Голос додано анонімно\",\"userName\":\"(Анонім)\"}','2014-11-25 06:08:58',3,2,36),(345,'{\"Content\":\"Голос додано анонімно\",\"userName\":\"(Анонім)\"}','2014-11-25 06:10:00',3,2,88),(346,'{\"Content\":\"Голос додано анонімно\",\"userName\":\"(Анонім)\"}','2014-11-25 06:10:33',3,2,86),(347,'{\"Content\":\"Голос додано анонімно\",\"userName\":\"(Анонім)\"}','2014-11-25 06:10:36',3,2,18),(348,'{\"Content\":\"Голос додано анонімно\",\"userName\":\"(Анонім)\"}','2014-11-25 06:10:56',3,2,86),(349,'{\"Content\":\"Голос додано анонімно\",\"userName\":\"(Анонім)\"}','2014-11-25 06:11:20',3,2,18),(350,'{\"Content\":\"Голос додано анонімно\",\"userName\":\"(Анонім)\"}','2014-11-25 06:11:31',3,2,73),(351,'{\"Content\":\"Проблему створено анонімно\",\"userName\":\"(Анонім)\"}','2014-11-25 06:13:11',1,2,212),(352,'{\"Content\":\"Голос додано анонімно\",\"userName\":\"(Анонім)\"}','2014-11-25 06:15:30',3,2,20),(353,'{\"Content\":\"Голос додано анонімно\",\"userName\":\"(Анонім)\"}','2014-11-25 06:16:09',3,2,55),(354,'{\"Content\":\"Голос додано анонімно\",\"userName\":\"(Анонім)\"}','2014-11-25 06:16:58',3,2,6),(355,'{\"Content\":\"Голос додано анонімно\",\"userName\":\"(Анонім)\"}','2014-11-25 06:20:53',3,2,30),(356,'{\"Content\":\"Голос додано анонімно\",\"userName\":\"(Анонім)\"}','2014-11-25 06:21:01',3,2,176),(357,'{\"Content\":\"Проблему створено анонімно\",\"userName\":\"(Анонім)\"}','2014-11-25 06:22:47',1,2,213),(358,'{\"Content\":\"Голос додано анонімно\",\"userName\":\"(Анонім)\"}','2014-11-25 06:25:59',3,2,195),(359,'{\"Content\":\"Голос додано анонімно\",\"userName\":\"(Анонім)\"}','2014-11-25 06:28:19',3,2,134),(360,'{\"Content\":\"Голос додано анонімно\",\"userName\":\"(Анонім)\"}','2014-11-25 06:28:36',3,2,19),(362,'{\"Content\":\"Голос додано анонімно\",\"userName\":\"(Анонім)\"}','2014-11-25 06:29:20',3,2,60),(363,'{\"Content\":\"Проблему створено анонімно\",\"userName\":\"(Анонім)\"}','2014-11-25 06:33:16',1,2,214),(364,'{\"Content\":\"Проблему створено анонімно\",\"userName\":\"(Анонім)\"}','2014-11-25 06:34:50',1,2,215),(365,'{\"Content\":\"Голос додано анонімно\",\"userName\":\"(Анонім)\"}','2014-11-25 06:35:36',3,2,18),(366,'{\"Content\":\"Голос додано анонімно\",\"userName\":\"(Анонім)\"}','2014-11-25 06:36:06',3,2,96),(367,'{\"Content\":\"Проблему створено анонімно\",\"userName\":\"(Анонім)\"}','2014-11-25 06:42:28',1,2,216),(368,'{\"Content\":\"Проблему створено анонімно\",\"userName\":\"(Анонім)\"}','2014-11-25 06:44:35',1,2,217),(369,'{\"Content\":\"Голос додано анонімно\",\"userName\":\"(Анонім)\"}','2014-11-25 06:51:52',3,2,183),(370,'{\"Content\":\"Голос додано анонімно\",\"userName\":\"(Анонім)\"}','2014-11-25 06:54:46',3,2,8),(371,'{\"Content\":\"Голос додано анонімно\",\"userName\":\"(Анонім)\"}','2014-11-25 06:58:04',3,2,18),(372,'{\"Content\":\"Голос додано анонімно\",\"userName\":\"(Анонім)\"}','2014-11-25 07:04:36',3,2,51),(373,'{\"Content\":\"Голос додано анонімно\",\"userName\":\"(Анонім)\"}','2014-11-25 07:05:10',3,2,81),(374,'{\"Content\":\"Голос додано анонімно\",\"userName\":\"(Анонім)\"}','2014-11-25 07:05:20',3,2,50),(375,'{\"Content\":\"додав голос\",\"userName\":\"Вікторія\",\"userSurname\":\"Сергіївна\"}','2014-11-25 07:09:51',3,35,176),(376,'{\"Content\":\"додав голос\",\"userName\":\"Вікторія\",\"userSurname\":\"Сергіївна\"}','2014-11-25 07:11:33',3,35,21),(377,'{\"Content\":\"Проблему створено анонімно\",\"userName\":\"(Анонім)\"}','2014-11-25 07:11:36',1,2,218),(378,'{\"Content\":\"додав голос\",\"userName\":\"Вікторія\",\"userSurname\":\"Сергіївна\"}','2014-11-25 07:13:39',3,35,109),(379,'{\"Content\":\"Проблему створено анонімно\",\"userName\":\"(Анонім)\"}','2014-11-25 07:14:33',1,2,219),(380,'{\"Content\":\"Голос додано анонімно\",\"userName\":\"(Анонім)\"}','2014-11-25 07:24:05',3,2,57),(381,'{\"Content\":\"додав проблему\",\"userName\":\" Оксана \",\"userSurname\":\"Григорьева\"}','2014-11-25 07:24:23',1,33,220),(382,'{\"Content\":\"додав голос\",\"userName\":\" Оксана \",\"userSurname\":\"Григорьева\"}','2014-11-25 07:25:36',3,33,220),(383,'{\"Content\":\"Голос додано анонімно\",\"userName\":\"(Анонім)\"}','2014-11-25 07:26:04',3,2,41),(384,'{\"Content\":\"Вул.Калініна, вул Оржинікідзе, вул.Вербовецького\",\"userName\":\" Оксана \",\"userSurname\":\"Григорьева\"}','2014-11-25 07:27:38',5,33,220),(385,'{\"Content\":\"додав фото\",\"userName\":\"Svyatoslav\",\"userSurname\":\"Panyonko\"}','2014-11-25 07:30:22',4,29,210),(386,'{\"Content\":\"додав фото\",\"userName\":\"Svyatoslav\",\"userSurname\":\"Panyonko\"}','2014-11-25 07:30:22',4,29,210),(387,'{\"Content\":\"додав фото\",\"userName\":\"Svyatoslav\",\"userSurname\":\"Panyonko\"}','2014-11-25 07:30:22',4,29,210),(388,'{\"Content\":\"додав фото\",\"userName\":\"Svyatoslav\",\"userSurname\":\"Panyonko\"}','2014-11-25 07:30:22',4,29,210),(389,'{\"Content\":\"додав фото\",\"userName\":\"Svyatoslav\",\"userSurname\":\"Panyonko\"}','2014-11-25 07:30:22',4,29,210),(390,'{\"Content\":\"додав фото\",\"userName\":\"Svyatoslav\",\"userSurname\":\"Panyonko\"}','2014-11-25 07:30:22',4,29,210),(391,'{\"Content\":\"додав фото\",\"userName\":\"Svyatoslav\",\"userSurname\":\"Panyonko\"}','2014-11-25 07:30:22',4,29,210),(392,'{\"Content\":\"додав фото\",\"userName\":\"Svyatoslav\",\"userSurname\":\"Panyonko\"}','2014-11-25 07:30:22',4,29,210),(393,'{\"Content\":\"додав фото\",\"userName\":\"Svyatoslav\",\"userSurname\":\"Panyonko\"}','2014-11-25 07:30:22',4,29,210),(394,'{\"Content\":\"додав фото\",\"userName\":\"Svyatoslav\",\"userSurname\":\"Panyonko\"}','2014-11-25 07:30:22',4,29,210),(395,'{\"Content\":\"Голос додано анонімно\",\"userName\":\"(Анонім)\"}','2014-11-25 07:40:10',3,2,128),(396,'{\"Content\":\"додав голос\",\"userName\":\"Вікторія\",\"userSurname\":\"Сергіївна\"}','2014-11-25 07:48:08',3,35,152),(397,'{\"Content\":\"Проблему створено анонімно\",\"userName\":\"(Анонім)\"}','2014-11-25 07:56:01',1,2,221),(398,'{\"Content\":\"Голос додано анонімно\",\"userName\":\"(Анонім)\"}','2014-11-25 07:58:25',3,2,164),(399,'{\"Content\":\"Голос додано анонімно\",\"userName\":\"(Анонім)\"}','2014-11-25 08:03:08',3,2,31),(400,'{\"Content\":\"Голос додано анонімно\",\"userName\":\"(Анонім)\"}','2014-11-25 08:15:27',3,2,210),(401,'{\"Content\":\"Голос додано анонімно\",\"userName\":\"(Анонім)\"}','2014-11-25 08:15:28',3,2,134),(402,'{\"Content\":\"Голос додано анонімно\",\"userName\":\"(Анонім)\"}','2014-11-25 08:16:28',3,2,136),(403,'{\"Content\":\"Голос додано анонімно\",\"userName\":\"(Анонім)\"}','2014-11-25 08:17:31',3,2,210),(404,'{\"Content\":\"Голос додано анонімно\",\"userName\":\"(Анонім)\"}','2014-11-25 08:32:29',3,2,128),(405,'{\"Content\":\"Голос додано анонімно\",\"userName\":\"(Анонім)\"}','2014-11-25 08:32:34',3,2,210),(406,'{\"Content\":\"Голос додано анонімно\",\"userName\":\"(Анонім)\"}','2014-11-25 08:33:21',3,2,113),(407,'{\"Content\":\"Голос додано анонімно\",\"userName\":\"(Анонім)\"}','2014-11-25 08:33:38',3,2,112),(408,'{\"Content\":\"Голос додано анонімно\",\"userName\":\"(Анонім)\"}','2014-11-25 08:34:08',3,2,88),(409,'{\"Content\":\"Голос додано анонімно\",\"userName\":\"(Анонім)\"}','2014-11-25 08:35:47',3,2,212),(410,'{\"Content\":\"Голос додано анонімно\",\"userName\":\"(Анонім)\"}','2014-11-25 08:36:13',3,2,213),(411,'{\"Content\":\"Голос додано анонімно\",\"userName\":\"(Анонім)\"}','2014-11-25 08:36:31',3,2,196),(412,'{\"Content\":\"Голос додано анонімно\",\"userName\":\"(Анонім)\"}','2014-11-25 08:36:32',3,2,101),(413,'{\"Content\":\"Голос додано анонімно\",\"userName\":\"(Анонім)\"}','2014-11-25 08:37:11',3,2,133),(415,'{\"Content\":\"Проблему створено анонімно\",\"userName\":\"(Анонім)\"}','2014-11-25 08:47:46',1,2,223),(416,'{\"Content\":\"Голос додано анонімно\",\"userName\":\"(Анонім)\"}','2014-11-25 08:52:39',3,2,79),(417,'{\"Content\":\"Голос додано анонімно\",\"userName\":\"(Анонім)\"}','2014-11-25 08:54:18',3,2,117),(418,'{\"Content\":\"Голос додано анонімно\",\"userName\":\"(Анонім)\"}','2014-11-25 08:54:55',3,2,101),(419,'{\"Content\":\"Голос додано анонімно\",\"userName\":\"(Анонім)\"}','2014-11-25 08:55:04',3,2,102),(420,'{\"Content\":\"Голос додано анонімно\",\"userName\":\"(Анонім)\"}','2014-11-25 08:57:08',3,2,24),(421,'{\"Content\":\"Голос додано анонімно\",\"userName\":\"(Анонім)\"}','2014-11-25 08:57:37',3,2,23),(422,'{\"Content\":\"Голос додано анонімно\",\"userName\":\"(Анонім)\"}','2014-11-25 08:57:46',3,2,62),(423,'{\"Content\":\"Голос додано анонімно\",\"userName\":\"(Анонім)\"}','2014-11-25 08:57:51',3,2,57),(430,'{\"Content\":\"Голос додано анонімно\",\"userName\":\"(Анонім)\"}','2014-11-25 09:00:29',3,2,19),(431,'{\"Content\":\"Голос додано анонімно\",\"userName\":\"(Анонім)\"}','2014-11-25 09:00:42',3,2,210),(432,'{\"Content\":\"Голос додано анонімно\",\"userName\":\"(Анонім)\"}','2014-11-25 09:00:57',3,2,146),(433,'{\"Content\":\"Голос додано анонімно\",\"userName\":\"(Анонім)\"}','2014-11-25 09:01:16',3,2,41),(434,'{\"Content\":\"Голос додано анонімно\",\"userName\":\"(Анонім)\"}','2014-11-25 09:04:39',3,2,121),(435,'{\"Content\":\"Голос додано анонімно\",\"userName\":\"(Анонім)\"}','2014-11-25 09:17:06',3,2,146),(436,'{\"Content\":\"Голос додано анонімно\",\"userName\":\"(Анонім)\"}','2014-11-25 09:18:57',3,2,152),(437,'{\"Content\":\"Голос додано анонімно\",\"userName\":\"(Анонім)\"}','2014-11-25 09:30:48',3,2,146),(438,'{\"Content\":\"Голос додано анонімно\",\"userName\":\"(Анонім)\"}','2014-11-25 09:32:33',3,2,210),(439,'{\"Content\":\"Голос додано анонімно\",\"userName\":\"(Анонім)\"}','2014-11-25 09:51:33',3,2,41),(440,'{\"Content\":\"Голос додано анонімно\",\"userName\":\"(Анонім)\"}','2014-11-25 09:52:09',3,2,152),(441,'{\"Content\":\"Голос додано анонімно\",\"userName\":\"(Анонім)\"}','2014-11-25 09:52:24',3,2,134),(442,'{\"Content\":\"Голос додано анонімно\",\"userName\":\"(Анонім)\"}','2014-11-25 09:53:54',3,2,132),(443,'{\"Content\":\"Проблему створено анонімно\",\"userName\":\"(Анонім)\"}','2014-11-25 09:55:39',1,2,224),(444,'{\"Content\":\"Голос додано анонімно\",\"userName\":\"(Анонім)\"}','2014-11-25 09:59:17',3,2,21),(445,'{\"Content\":\"Голос додано анонімно\",\"userName\":\"(Анонім)\"}','2014-11-25 09:59:35',3,2,208),(446,'{\"Content\":\"Голос додано анонімно\",\"userName\":\"(Анонім)\"}','2014-11-25 09:59:51',3,2,2),(448,'{\"Content\":\"Проблему створено анонімно\",\"userName\":\"(Анонім)\"}','2014-11-25 10:24:52',1,2,226),(449,'{\"Content\":\"Голос додано анонімно\",\"userName\":\"(Анонім)\"}','2014-11-25 10:30:02',3,2,93),(450,'{\"Content\":\"Голос додано анонімно\",\"userName\":\"(Анонім)\"}','2014-11-25 10:45:46',3,2,73),(451,'{\"Content\":\"Голос додано анонімно\",\"userName\":\"(Анонім)\"}','2014-11-25 10:46:56',3,2,86),(452,'{\"Content\":\"Голос додано анонімно\",\"userName\":\"(Анонім)\"}','2014-11-25 10:48:07',3,2,18),(453,'{\"Content\":\"Голос додано анонімно\",\"userName\":\"(Анонім)\"}','2014-11-25 10:50:15',3,2,8),(454,'{\"Content\":\"Голос додано анонімно\",\"userName\":\"(Анонім)\"}','2014-11-25 10:50:48',3,2,176),(455,'{\"Content\":\"Голос додано анонімно\",\"userName\":\"(Анонім)\"}','2014-11-25 10:51:16',3,2,152),(456,'{\"Content\":\"Голос додано анонімно\",\"userName\":\"(Анонім)\"}','2014-11-25 11:02:35',3,2,160),(457,'{\"Content\":\"Голос додано анонімно\",\"userName\":\"(Анонім)\"}','2014-11-25 11:02:52',3,2,49),(458,'{\"Content\":\"Голос додано анонімно\",\"userName\":\"(Анонім)\"}','2014-11-25 11:03:11',3,2,86),(459,'{\"Content\":\"Голос додано анонімно\",\"userName\":\"(Анонім)\"}','2014-11-25 11:04:00',3,2,18),(460,'{\"Content\":\"Голос додано анонімно\",\"userName\":\"(Анонім)\"}','2014-11-25 11:19:53',3,2,196),(461,'{\"Content\":\"Голос додано анонімно\",\"userName\":\"(Анонім)\"}','2014-11-25 11:20:49',3,2,176),(462,'{\"Content\":\"Голос додано анонімно\",\"userName\":\"(Анонім)\"}','2014-11-25 11:23:29',3,2,41),(463,'{\"Content\":\"Голос додано анонімно\",\"userName\":\"(Анонім)\"}','2014-11-25 11:23:53',3,2,19),(464,'{\"Content\":\"Проблему створено анонімно\",\"userName\":\"(Анонім)\"}','2014-11-25 11:27:32',1,2,227),(466,'{\"Content\":\"Голос додано анонімно\",\"userName\":\"(Анонім)\"}','2014-11-25 11:36:32',3,2,34),(467,'{\"Content\":\"Голос додано анонімно\",\"userName\":\"(Анонім)\"}','2014-11-25 11:37:07',3,2,146),(468,'{\"Content\":\"Голос додано анонімно\",\"userName\":\"(Анонім)\"}','2014-11-25 12:10:13',3,2,20),(469,'{\"Content\":\"Голос додано анонімно\",\"userName\":\"(Анонім)\"}','2014-11-25 12:11:08',3,2,6),(470,'{\"Content\":\"Голос додано анонімно\",\"userName\":\"(Анонім)\"}','2014-11-25 12:11:33',3,2,8),(471,'{\"Content\":\"Голос додано анонімно\",\"userName\":\"(Анонім)\"}','2014-11-25 12:21:50',3,2,73),(472,'{\"Content\":\"Голос додано анонімно\",\"userName\":\"(Анонім)\"}','2014-11-25 12:22:07',3,2,8),(473,'{\"Content\":\"Голос додано анонімно\",\"userName\":\"(Анонім)\"}','2014-11-25 12:23:06',3,2,45),(474,'{\"Content\":\"Голос додано анонімно\",\"userName\":\"(Анонім)\"}','2014-11-25 12:24:03',3,2,196),(475,'{\"Content\":\"Проблему створено анонімно\",\"userName\":\"(Анонім)\"}','2014-11-25 12:41:13',1,2,229),(476,'{\"Content\":\"Голос додано анонімно\",\"userName\":\"(Анонім)\"}','2014-11-25 12:51:18',3,2,97),(477,'{\"Content\":\"Голос додано анонімно\",\"userName\":\"(Анонім)\"}','2014-11-25 12:51:35',3,2,53),(478,'{\"Content\":\"Голос додано анонімно\",\"userName\":\"(Анонім)\"}','2014-11-25 13:06:19',3,2,195),(479,'{\"Content\":\"Голос додано анонімно\",\"userName\":\"(Анонім)\"}','2014-11-25 13:12:58',3,2,49),(480,'{\"Content\":\"Проблему створено анонімно\",\"userName\":\"(Анонім)\"}','2014-11-25 13:15:37',1,2,230),(481,'{\"Content\":\"Голос додано анонімно\",\"userName\":\"(Анонім)\"}','2014-11-25 13:20:36',3,2,26),(482,'{\"Content\":\"Голос додано анонімно\",\"userName\":\"(Анонім)\"}','2014-11-25 13:20:37',3,2,26),(485,'{\"Content\":\"Голос додано анонімно\",\"userName\":\"(Анонім)\"}','2014-11-25 13:29:36',3,2,79),(486,'{\"Content\":\"Голос додано анонімно\",\"userName\":\"(Анонім)\"}','2014-11-25 13:29:44',3,2,102),(487,'{\"Content\":\"Голос додано анонімно\",\"userName\":\"(Анонім)\"}','2014-11-25 13:30:55',3,2,8),(488,'{\"Content\":\"Голос додано анонімно\",\"userName\":\"(Анонім)\"}','2014-11-25 13:32:03',3,2,6),(489,'{\"Content\":\"Голос додано анонімно\",\"userName\":\"(Анонім)\"}','2014-11-25 13:32:52',3,2,195),(490,'{\"Content\":\"Голос додано анонімно\",\"userName\":\"(Анонім)\"}','2014-11-25 13:33:10',3,2,59),(491,'{\"Content\":\"Голос додано анонімно\",\"userName\":\"(Анонім)\"}','2014-11-25 13:33:37',3,2,217),(492,'{\"Content\":\"Голос додано анонімно\",\"userName\":\"(Анонім)\"}','2014-11-25 13:34:22',3,2,82),(494,'{\"Content\":\"Голос додано анонімно\",\"userName\":\"(Анонім)\"}','2014-11-25 15:43:14',3,2,164),(495,'{\"Content\":\"Голос додано анонімно\",\"userName\":\"(Анонім)\"}','2014-11-25 15:45:27',3,2,173),(496,'{\"Content\":\"Голос додано анонімно\",\"userName\":\"(Анонім)\"}','2014-11-25 15:45:40',3,2,4),(497,'{\"Content\":\"Голос додано анонімно\",\"userName\":\"(Анонім)\"}','2014-11-25 15:53:19',3,2,30),(498,'{\"Content\":\"Проблему створено анонімно\",\"userName\":\"(Анонім)\"}','2014-11-25 15:58:45',1,2,234),(499,'{\"Content\":\"Голос додано анонімно\",\"userName\":\"(Анонім)\"}','2014-11-25 16:18:54',3,2,200),(500,'{\"Content\":\"Голос додано анонімно\",\"userName\":\"(Анонім)\"}','2014-11-25 16:23:18',3,2,201),(501,'{\"Content\":\"Проблему створено анонімно\",\"userName\":\"(Анонім)\"}','2014-11-25 17:04:28',1,2,235),(503,'{\"Content\":\"Голос додано анонімно\",\"userName\":\"(Анонім)\"}','2014-11-25 17:26:45',3,2,152),(504,'{\"Content\":\"Голос додано анонімно\",\"userName\":\"(Анонім)\"}','2014-11-25 17:38:53',3,2,57),(505,'{\"Content\":\"Голос додано анонімно\",\"userName\":\"(Анонім)\"}','2014-11-25 17:39:01',3,2,62),(506,'{\"Content\":\"Голос додано анонімно\",\"userName\":\"(Анонім)\"}','2014-11-25 17:39:05',3,2,68),(507,'{\"Content\":\"Голос додано анонімно\",\"userName\":\"(Анонім)\"}','2014-11-25 17:39:18',3,2,99),(508,'{\"Content\":\"Голос додано анонімно\",\"userName\":\"(Анонім)\"}','2014-11-25 17:39:34',3,2,24),(509,'{\"Content\":\"Голос додано анонімно\",\"userName\":\"(Анонім)\"}','2014-11-25 17:39:58',3,2,170),(510,'{\"Content\":\"Голос додано анонімно\",\"userName\":\"(Анонім)\"}','2014-11-25 17:40:38',3,2,7),(511,'{\"Content\":\"Голос додано анонімно\",\"userName\":\"(Анонім)\"}','2014-11-25 17:41:01',3,2,60),(512,'{\"Content\":\"Голос додано анонімно\",\"userName\":\"(Анонім)\"}','2014-11-25 17:41:34',3,2,76),(513,'{\"Content\":\"Голос додано анонімно\",\"userName\":\"(Анонім)\"}','2014-11-25 17:43:50',3,2,220),(514,'{\"Content\":\"Голос додано анонімно\",\"userName\":\"(Анонім)\"}','2014-11-25 17:45:49',3,2,73),(515,'{\"Content\":\"Голос додано анонімно\",\"userName\":\"(Анонім)\"}','2014-11-25 17:50:28',3,2,76),(516,'{\"Content\":\"Голос додано анонімно\",\"userName\":\"(Анонім)\"}','2014-11-25 18:04:05',3,2,26),(517,'{\"Content\":\"Голос додано анонімно\",\"userName\":\"(Анонім)\"}','2014-11-25 18:05:55',3,2,212),(518,'{\"Content\":\"Голос додано анонімно\",\"userName\":\"(Анонім)\"}','2014-11-25 18:06:02',3,2,213),(519,'{\"Content\":\"Голос додано анонімно\",\"userName\":\"(Анонім)\"}','2014-11-25 18:31:01',3,2,86),(521,'{\"Content\":\"Голос додано анонімно\",\"userName\":\"(Анонім)\"}','2014-11-25 20:16:12',3,2,86),(522,'{\"Content\":\"Голос додано анонімно\",\"userName\":\"(Анонім)\"}','2014-11-25 20:30:21',3,2,196),(523,'{\"Content\":\"Голос додано анонімно\",\"userName\":\"(Анонім)\"}','2014-11-26 01:31:39',3,2,64),(524,'{\"Content\":\"Голос додано анонімно\",\"userName\":\"(Анонім)\"}','2014-11-26 01:31:52',3,2,7),(525,'{\"Content\":\"Голос додано анонімно\",\"userName\":\"(Анонім)\"}','2014-11-26 04:31:37',3,2,220),(526,'{\"Content\":\"Голос додано анонімно\",\"userName\":\"(Анонім)\"}','2014-11-26 04:35:18',3,2,213),(527,'{\"Content\":\"Голос додано анонімно\",\"userName\":\"(Анонім)\"}','2014-11-26 04:35:32',3,2,212),(530,'{\"Content\":\"Голос додано анонімно\",\"userName\":\"(Анонім)\"}','2014-11-26 10:00:04',3,2,146),(531,'{\"Content\":\"Голос додано анонімно\",\"userName\":\"(Анонім)\"}','2014-11-26 10:00:24',3,2,19),(532,'{\"Content\":\"Голос додано анонімно\",\"userName\":\"(Анонім)\"}','2014-11-26 10:00:58',3,2,41),(533,'{\"Content\":\"Голос додано анонімно\",\"userName\":\"(Анонім)\"}','2014-11-26 10:01:48',3,2,196),(534,'{\"Content\":\"Голос додано анонімно\",\"userName\":\"(Анонім)\"}','2014-11-26 10:01:58',3,2,49),(535,'{\"Content\":\"Голос додано анонімно\",\"userName\":\"(Анонім)\"}','2014-11-26 10:02:27',3,2,160),(536,'{\"Content\":\"Голос додано анонімно\",\"userName\":\"(Анонім)\"}','2014-11-26 10:02:36',3,2,91),(537,'{\"Content\":\"Голос додано анонімно\",\"userName\":\"(Анонім)\"}','2014-11-26 10:05:09',3,2,31),(538,'{\"Content\":\"Голос додано анонімно\",\"userName\":\"(Анонім)\"}','2014-11-26 10:05:36',3,2,201),(539,'{\"Content\":\"Голос додано анонімно\",\"userName\":\"(Анонім)\"}','2014-11-26 10:08:19',3,2,152),(540,'{\"Content\":\"Голос додано анонімно\",\"userName\":\"(Анонім)\"}','2014-11-26 10:09:14',3,2,104),(541,'{\"Content\":\"Голос додано анонімно\",\"userName\":\"(Анонім)\"}','2014-11-26 10:09:17',3,2,214),(542,'{\"Content\":\"Голос додано анонімно\",\"userName\":\"(Анонім)\"}','2014-11-26 10:09:32',3,2,36),(543,'{\"Content\":\"Голос додано анонімно\",\"userName\":\"(Анонім)\"}','2014-11-26 10:09:35',3,2,184),(544,'{\"Content\":\"Голос додано анонімно\",\"userName\":\"(Анонім)\"}','2014-11-26 10:19:35',3,2,9),(547,'{\"Content\":\"додав проблему\",\"userName\":\"Анастасія\",\"userSurname\":\"Чала\"}','2014-11-27 03:35:45',1,46,241),(548,'{\"Content\":\"Голос додано анонімно\",\"userName\":\"(Анонім)\"}','2014-11-27 05:02:50',3,2,181),(549,'{\"Content\":\"Голос додано анонімно\",\"userName\":\"(Анонім)\"}','2014-11-27 05:04:51',3,2,53),(551,'{\"Content\":\"Проблему створено анонімно\",\"userName\":\"(Анонім)\"}','2014-11-27 05:54:11',1,2,243),(552,'{\"Content\":\"Голос додано анонімно\",\"userName\":\"(Анонім)\"}','2014-11-27 11:56:24',3,2,230),(553,'{\"Content\":\"Голос додано анонімно\",\"userName\":\"(Анонім)\"}','2014-11-27 11:56:49',3,2,213),(554,'{\"Content\":\"Голос додано анонімно\",\"userName\":\"(Анонім)\"}','2014-11-27 11:56:59',3,2,212),(555,'{\"Content\":\"Проблему створено анонімно\",\"userName\":\"(Анонім)\"}','2014-11-27 12:10:31',1,2,244),(556,'{\"Content\":\"Голос додано анонімно\",\"userName\":\"(Анонім)\"}','2014-11-28 04:40:09',3,2,243),(557,'{\"Content\":\"Голос додано анонімно\",\"userName\":\"(Анонім)\"}','2014-11-28 05:28:45',3,2,243),(558,'{\"Content\":\"Голос додано анонімно\",\"userName\":\"(Анонім)\"}','2014-11-28 06:19:16',3,2,84),(559,'{\"Content\":\"Голос додано анонімно\",\"userName\":\"(Анонім)\"}','2014-11-28 06:19:20',3,2,53),(560,'{\"Content\":\"Голос додано анонімно\",\"userName\":\"(Анонім)\"}','2014-11-28 07:30:08',3,2,24),(561,'{\"Content\":\"Голос додано анонімно\",\"userName\":\"(Анонім)\"}','2014-11-28 08:03:51',3,2,128),(562,'{\"Content\":\"Голос додано анонімно\",\"userName\":\"(Анонім)\"}','2014-11-28 09:14:17',3,2,243),(563,'{\"Content\":\"Голос додано анонімно\",\"userName\":\"(Анонім)\"}','2014-11-28 10:51:16',3,2,230),(564,'{\"Content\":\"Голос додано анонімно\",\"userName\":\"(Анонім)\"}','2014-11-28 10:51:24',3,2,212),(565,'{\"Content\":\"Голос додано анонімно\",\"userName\":\"(Анонім)\"}','2014-11-28 10:51:31',3,2,213),(566,'{\"Content\":\"Голос додано анонімно\",\"userName\":\"(Анонім)\"}','2014-11-28 15:53:13',3,2,243),(567,'{\"Content\":\"Голос додано анонімно\",\"userName\":\"(Анонім)\"}','2014-11-28 18:36:24',3,2,45),(568,'{\"Content\":\"Голос додано анонімно\",\"userName\":\"(Анонім)\"}','2014-11-28 20:51:37',3,2,73),(569,'{\"Content\":\"Проблему створено анонімно\",\"userName\":\"(Анонім)\"}','2014-11-29 08:34:44',1,2,245),(570,'{\"Content\":\"Голос додано анонімно\",\"userName\":\"(Анонім)\"}','2014-11-29 12:20:50',3,2,215),(571,'{\"Content\":\"Голос додано анонімно\",\"userName\":\"(Анонім)\"}','2014-11-29 15:34:31',3,2,181),(572,'{\"Content\":\"Голос додано анонімно\",\"userName\":\"(Анонім)\"}','2014-11-29 15:34:44',3,2,53),(573,'{\"Content\":\"Голос додано анонімно\",\"userName\":\"(Анонім)\"}','2014-11-29 15:40:29',3,2,18),(574,'{\"Content\":\"Голос додано анонімно\",\"userName\":\"(Анонім)\"}','2014-11-29 16:32:52',3,2,235),(575,'{\"Content\":\"Голос додано анонімно\",\"userName\":\"(Анонім)\"}','2014-11-29 17:45:10',3,2,9),(577,'{\"Content\":\"Голос додано анонімно\",\"userName\":\"(Анонім)\"}','2014-11-29 18:40:22',3,2,214),(578,'{\"Content\":\"Голос додано анонімно\",\"userName\":\"(Анонім)\"}','2014-11-29 18:40:56',3,2,39),(579,'{\"Content\":\"Голос додано анонімно\",\"userName\":\"(Анонім)\"}','2014-11-29 18:41:22',3,2,118),(580,'{\"Content\":\"Голос додано анонімно\",\"userName\":\"(Анонім)\"}','2014-11-29 18:41:58',3,2,79),(581,'{\"Content\":\"Голос додано анонімно\",\"userName\":\"(Анонім)\"}','2014-11-29 18:42:25',3,2,102),(582,'{\"Content\":\"Голос додано анонімно\",\"userName\":\"(Анонім)\"}','2014-11-30 15:08:22',3,2,243),(583,'{\"Content\":\"Голос додано анонімно\",\"userName\":\"(Анонім)\"}','2014-11-30 18:37:56',3,2,173),(584,'{\"Content\":\"Голос додано анонімно\",\"userName\":\"(Анонім)\"}','2014-11-30 18:38:02',3,2,210),(585,'{\"Content\":\"Голос додано анонімно\",\"userName\":\"(Анонім)\"}','2014-11-30 18:38:07',3,2,234),(586,'{\"Content\":\"Голос додано анонімно\",\"userName\":\"(Анонім)\"}','2014-12-01 04:23:40',3,2,243),(587,'{\"Content\":\"Голос додано анонімно\",\"userName\":\"(Анонім)\"}','2014-12-01 04:24:19',3,2,181),(588,'{\"Content\":\"Голос додано анонімно\",\"userName\":\"(Анонім)\"}','2014-12-01 04:24:28',3,2,61),(589,'{\"Content\":\"Голос додано анонімно\",\"userName\":\"(Анонім)\"}','2014-12-01 04:24:37',3,2,244),(590,'{\"Content\":\"Голос додано анонімно\",\"userName\":\"(Анонім)\"}','2014-12-01 04:24:46',3,2,53),(591,'{\"Content\":\"Голос додано анонімно\",\"userName\":\"(Анонім)\"}','2014-12-01 04:24:52',3,2,84),(592,'{\"Content\":\"Голос додано анонімно\",\"userName\":\"(Анонім)\"}','2014-12-01 04:25:00',3,2,197),(593,'{\"Content\":\"Голос додано анонімно\",\"userName\":\"(Анонім)\"}','2014-12-01 04:34:21',3,2,161),(594,'{\"Content\":\"Пропозиції щодо вирішення: насадити навколо уранової шахти дерева тих порід, які виступають сорбентом природних радіонуклідів, тим самим створивши біологічний барьєр для пилового розповсюдження радіаційних часточок від териконів до жилих домів, що розташовані навколо.\",\"userName\":\"Тетяна\",\"userSurname\":\"Лісова\"}','2014-12-01 09:59:00',5,50,235),(595,'{\"Content\":\"Голос додано анонімно\",\"userName\":\"(Анонім)\"}','2014-12-01 12:33:04',3,2,181),(596,'{\"Content\":\"Голос додано анонімно\",\"userName\":\"(Анонім)\"}','2014-12-01 12:33:24',3,2,243),(597,'{\"Content\":\"Голос додано анонімно\",\"userName\":\"(Анонім)\"}','2014-12-01 12:34:05',3,2,97),(598,'{\"Content\":\"Голос додано анонімно\",\"userName\":\"(Анонім)\"}','2014-12-01 12:34:22',3,2,197),(599,'{\"Content\":\"Проблему створено анонімно\",\"userName\":\"(Анонім)\"}','2014-12-01 12:40:15',1,2,247),(600,'{\"Content\":\"додав проблему\",\"userName\":\"Тетяна\",\"userSurname\":\"Рішко\"}','2014-12-02 08:43:55',1,52,248),(601,'{\"Content\":\"додав голос\",\"userName\":\"Тетяна\",\"userSurname\":\"Рішко\"}','2014-12-02 08:46:22',3,52,29),(602,'{\"Content\":\"додав голос\",\"userName\":\"Тетяна\",\"userSurname\":\"Рішко\"}','2014-12-02 08:47:09',3,52,166),(604,'{\"Content\":\"додав проблему\",\"userName\":\"Анета\",\"userSurname\":\"Тягнибок\"}','2014-12-02 17:37:38',1,53,250),(605,'{\"Content\":\"Проблему створено анонімно\",\"userName\":\"(Анонім)\"}','2014-12-02 19:00:57',1,2,251),(606,'{\"Content\":\"Голос додано анонімно\",\"userName\":\"(Анонім)\"}','2014-12-03 07:37:16',3,2,241),(607,'{\"Content\":\"Голос додано анонімно\",\"userName\":\"(Анонім)\"}','2014-12-03 09:56:43',3,2,221),(608,'{\"Content\":\"Голос додано анонімно\",\"userName\":\"(Анонім)\"}','2014-12-04 07:43:28',3,2,6),(609,'{\"Content\":\"Проблему створено анонімно\",\"userName\":\"(Анонім)\"}','2014-12-04 16:02:18',1,2,252),(610,'{\"Content\":\"Проблему створено анонімно\",\"userName\":\"(Анонім)\"}','2014-12-05 10:50:00',1,2,253),(611,'{\"Content\":\"Голос додано анонімно\",\"userName\":\"(Анонім)\"}','2014-12-05 11:29:20',3,2,98),(613,'{\"Content\":\"Голос додано анонімно\",\"userName\":\"(Анонім)\"}','2014-12-08 09:53:22',3,2,230),(614,'{\"Content\":\"Голос додано анонімно\",\"userName\":\"(Анонім)\"}','2014-12-08 09:53:31',3,2,212),(615,'{\"Content\":\"Голос додано анонімно\",\"userName\":\"(Анонім)\"}','2014-12-08 09:53:44',3,2,213),(616,'{\"Content\":\"додав проблему\",\"userName\":\"admin\"}','2014-12-09 09:52:49',1,NULL,255),(617,'{\"Content\":\"Як отримати пояснення щодо забудови, до кого звернутися за цією інформацією і які норми розташування підприємств біля житлових комплексів - цю інформацію можна отримати в розділі \\\"Ресурси\\\". З повагою, Команда Ecomap.\",\"userName\":\"admin\",\"userSurname\":null}','2014-12-09 11:20:09',5,NULL,255),(618,'{\"Content\":\"додав голос\",\"userName\":\"admin\",\"userSurname\":null}','2014-12-09 11:20:16',3,NULL,255),(619,'{\"Content\":\"Голос додано анонімно\",\"userName\":\"(Анонім)\"}','2014-12-10 06:26:16',3,2,216),(620,'{\"Content\":\"Голос додано анонімно\",\"userName\":\"(Анонім)\"}','2014-12-10 06:27:03',3,2,227),(621,'{\"Content\":\"Голос додано анонімно\",\"userName\":\"(Анонім)\"}','2014-12-10 06:29:47',3,2,217),(623,'{\"Content\":\"Голос додано анонімно\",\"userName\":\"(Анонім)\"}','2014-12-11 07:19:46',3,2,212),(624,'{\"Content\":\"Голос додано анонімно\",\"userName\":\"(Анонім)\"}','2014-12-11 07:19:53',3,2,213),(625,'{\"Content\":\"додав проблему\",\"userName\":\"Леся \",\"userSurname\":\"Мінько\"}','2014-12-13 13:00:05',1,56,257),(627,'{\"Content\":\"Голос додано анонімно\",\"userName\":\"(Анонім)\"}','2014-12-15 06:07:51',3,2,195),(628,'{\"Content\":\"Голос додано анонімно\",\"userName\":\"(Анонім)\"}','2014-12-15 06:08:31',3,2,187),(629,'{\"Content\":\"Голос додано анонімно\",\"userName\":\"(Анонім)\"}','2014-12-15 08:26:44',3,2,200),(630,'{\"Content\":\"Проблему створено анонімно\",\"userName\":\"(Анонім)\"}','2014-12-15 11:28:30',1,2,259),(631,'{\"Content\":\"додав проблему\",\"userName\":\"Соломія\",\"userSurname\":\"Парасюк\"}','2014-12-15 11:34:20',1,57,260),(632,'{\"Content\":\"додав проблему\",\"userName\":\"Руслан\",\"userSurname\":\"Пиж\"}','2014-12-15 13:06:44',1,58,261),(633,'{\"Content\":\"додав проблему\",\"userName\":\"Наталія\",\"userSurname\":\"Степована\"}','2014-12-15 13:16:27',1,59,262),(634,'{\"Content\":\"Голос додано анонімно\",\"userName\":\"(Анонім)\"}','2014-12-15 13:24:07',3,2,260),(635,'{\"Content\":\"Проблему створено анонімно\",\"userName\":\"(Анонім)\"}','2014-12-15 16:26:32',1,2,263),(636,'{\"Content\":\"Проблему створено анонімно\",\"userName\":\"(Анонім)\"}','2014-12-15 17:06:01',1,2,264),(637,'{\"Content\":\"Проблему створено анонімно\",\"userName\":\"(Анонім)\"}','2014-12-15 17:14:41',1,2,265),(638,'{\"Content\":\"додав проблему\",\"userName\":\"Анна \",\"userSurname\":\"Мельник\"}','2014-12-16 05:26:27',1,61,266),(639,'{\"Content\":\"Проблему створено анонімно\",\"userName\":\"(Анонім)\"}','2014-12-16 05:28:00',1,2,267),(640,'{\"Content\":\"додав проблему\",\"userName\":\"Вікторія\",\"userSurname\":\"Кобель\"}','2014-12-16 05:39:29',1,62,268),(641,'{\"Content\":\"додав проблему\",\"userName\":\"Роман\",\"userSurname\":\"Яворський\"}','2014-12-16 05:54:06',1,63,269),(642,'{\"Content\":\"додав голос\",\"userName\":\"Роман\",\"userSurname\":\"Яворський\"}','2014-12-16 05:54:25',3,63,269),(643,'{\"Content\":\"додав проблему\",\"userName\":\"Андрій\",\"userSurname\":\"Шевчун\"}','2014-12-16 06:15:18',1,65,270),(644,'{\"Content\":\"додав голос\",\"userName\":\"Андрій\",\"userSurname\":\"Шевчун\"}','2014-12-16 06:15:25',3,65,270),(645,'{\"Content\":\"Проблему створено анонімно\",\"userName\":\"(Анонім)\"}','2014-12-16 06:42:24',1,2,271),(646,'{\"Content\":\"Проблему створено анонімно\",\"userName\":\"(Анонім)\"}','2014-12-16 06:49:16',1,2,272),(648,'{\"Content\":\"додав проблему\",\"userName\":\"Андрій \",\"userSurname\":\"Шевчун\"}','2014-12-16 06:58:56',1,66,274),(649,'{\"Content\":\"Проблему створено анонімно\",\"userName\":\"(Анонім)\"}','2014-12-16 10:50:21',1,2,275),(650,'{\"Content\":\"додав проблему\",\"userName\":\"Михайло\",\"userSurname\":\"Карпа\"}','2014-12-16 10:54:54',1,67,276),(651,'{\"Content\":\"додав проблему\",\"userName\":\"Ірина\",\"userSurname\":\"Маюк\"}','2014-12-16 14:17:22',1,68,277),(652,'{\"Content\":\"Голос додано анонімно\",\"userName\":\"(Анонім)\"}','2014-12-16 14:18:04',3,2,277),(653,'{\"Content\":\"додав проблему\",\"userName\":\"Олег\",\"userSurname\":\"Барна\"}','2014-12-16 15:02:36',1,69,278),(654,'{\"Content\":\"додав проблему\",\"userName\":\"Аліна\",\"userSurname\":\"Максимчук\"}','2014-12-16 15:13:37',1,64,279),(655,'{\"Content\":\"додав проблему\",\"userName\":\"Олег\",\"userSurname\":\"Романовський\"}','2014-12-16 16:19:05',1,70,280),(656,'{\"Content\":\"Голос додано анонімно\",\"userName\":\"(Анонім)\"}','2014-12-17 04:13:05',3,2,213),(657,'{\"Content\":\"Голос додано анонімно\",\"userName\":\"(Анонім)\"}','2014-12-17 04:13:09',3,2,212),(658,'{\"Content\":\"додав проблему\",\"userName\":\"Марія\",\"userSurname\":\"Тиха\"}','2014-12-17 07:12:27',1,71,281),(659,'{\"Content\":\"Голос додано анонімно\",\"userName\":\"(Анонім)\"}','2014-12-17 07:13:08',3,2,281),(660,'{\"Content\":\"додав проблему\",\"userName\":\"Антон\",\"userSurname\":\"Воробйов\"}','2014-12-17 07:32:52',1,72,282),(661,'{\"Content\":\"Голос додано анонімно\",\"userName\":\"(Анонім)\"}','2014-12-17 11:59:20',3,2,74),(662,'{\"Content\":\"Голос додано анонімно\",\"userName\":\"(Анонім)\"}','2014-12-17 12:00:36',3,2,54),(663,'{\"Content\":\"додав проблему\",\"userName\":\"Вікторія\",\"userSurname\":\"Якушин\"}','2014-12-17 16:44:25',1,73,283),(664,'{\"Content\":\"додав проблему\",\"userName\":\"Вікторія\",\"userSurname\":\"Якушин\"}','2014-12-17 16:44:30',1,73,284),(665,'{\"Content\":\"додав проблему\",\"userName\":\"Вікторія\",\"userSurname\":\"Якушин\"}','2014-12-17 16:49:08',1,73,285),(666,'{\"Content\":\"Проблему створено анонімно\",\"userName\":\"(Анонім)\"}','2014-12-17 18:03:14',1,2,286),(667,'{\"Content\":\"додав проблему\",\"userName\":\"Тетяна \",\"userSurname\":\"Мисак\"}','2014-12-17 18:20:33',1,74,287),(668,'{\"Content\":\"Голос додано анонімно\",\"userName\":\"(Анонім)\"}','2014-12-17 18:22:16',3,2,287),(669,'{\"Content\":\"Голос додано анонімно\",\"userName\":\"(Анонім)\"}','2014-12-18 10:13:10',3,2,270),(670,'{\"Content\":\"Голос додано анонімно\",\"userName\":\"(Анонім)\"}','2014-12-18 14:22:37',3,2,226),(671,'{\"Content\":\"Голос додано анонімно\",\"userName\":\"(Анонім)\"}','2014-12-18 14:22:45',3,2,195),(672,'{\"Content\":\"Голос додано анонімно\",\"userName\":\"(Анонім)\"}','2014-12-18 14:25:11',3,2,261),(673,'{\"Content\":\"Голос додано анонімно\",\"userName\":\"(Анонім)\"}','2014-12-18 14:25:26',3,2,257),(674,'{\"Content\":\"Голос додано анонімно\",\"userName\":\"(Анонім)\"}','2014-12-18 14:25:41',3,2,166),(675,'{\"Content\":\"Голос додано анонімно\",\"userName\":\"(Анонім)\"}','2014-12-18 14:27:25',3,2,129),(676,'{\"Content\":\"Голос додано анонімно\",\"userName\":\"(Анонім)\"}','2014-12-21 04:10:35',3,2,45),(677,'{\"Content\":\"Голос додано анонімно\",\"userName\":\"(Анонім)\"}','2014-12-21 09:42:23',3,2,133),(678,'{\"Content\":\"Голос додано анонімно\",\"userName\":\"(Анонім)\"}','2014-12-22 06:53:21',3,2,213),(679,'{\"Content\":\"Голос додано анонімно\",\"userName\":\"(Анонім)\"}','2014-12-22 06:53:25',3,2,212),(680,'{\"Content\":\"додав голос\",\"userName\":\"Igor\",\"userSurname\":\"Tsvetkoff\"}','2014-12-22 07:10:17',3,15,88),(681,'{\"Content\":\"додав голос\",\"userName\":\"Igor\",\"userSurname\":\"Tsvetkoff\"}','2014-12-22 07:10:49',3,15,98),(682,'{\"Content\":\"Голос додано анонімно\",\"userName\":\"(Анонім)\"}','2014-12-24 07:32:17',3,2,164),(683,'{\"Content\":\"Проблему з Куяльницьким лиманом було вирішено. З четверга 25.12.14 почнеться подача морської води до лиману. Посилання на новину: http://timeua.com/news/4/30680.html . З повагою, Команда Ecomap.\",\"userName\":\"admin\",\"userSurname\":null}','2014-12-24 11:52:37',5,NULL,7),(684,'{\"Content\":\"додав голос\",\"userName\":\"admin\",\"userSurname\":null}','2014-12-24 11:54:50',3,NULL,7),(685,'{\"Content\":\"Голос додано анонімно\",\"userName\":\"(Анонім)\"}','2014-12-27 11:24:05',3,2,132),(687,'{\"Content\":\"додав проблему\",\"userName\":\"марта\",\"userSurname\":\"*******\"}','2014-12-27 11:43:43',1,77,289),(688,'{\"Content\":\"Голос додано анонімно\",\"userName\":\"(Анонім)\"}','2014-12-30 12:25:50',3,2,129),(689,'{\"Content\":\"Голос додано анонімно\",\"userName\":\"(Анонім)\"}','2014-12-31 16:34:11',3,2,214),(690,'{\"Content\":\"Голос додано анонімно\",\"userName\":\"(Анонім)\"}','2015-01-03 09:10:05',3,2,282),(691,'{\"Content\":\"додав голос\",\"userName\":\"марта\",\"userSurname\":\"*******\"}','2015-01-04 17:51:40',3,77,289),(692,'{\"Content\":\"Голос додано анонімно\",\"userName\":\"(Анонім)\"}','2015-01-05 09:31:04',3,2,243),(693,'{\"Content\":\"Голос додано анонімно\",\"userName\":\"(Анонім)\"}','2015-01-05 09:36:38',3,2,243),(694,'{\"Content\":\"Проблему створено анонімно\",\"userName\":\"(Анонім)\"}','2015-01-05 09:41:02',1,2,290),(695,'{\"Content\":\"додав голос\",\"userName\":\"Сергей\",\"userSurname\":\"Безбородько\"}','2015-01-07 06:31:34',3,78,86),(696,'{\"Content\":\"додав проблему\",\"userName\":\"Сергей\",\"userSurname\":\"Безбородько\"}','2015-01-07 06:35:40',1,78,291),(697,'{\"Content\":\"додав голос\",\"userName\":\"Сергей\",\"userSurname\":\"Безбородько\"}','2015-01-07 07:20:07',3,78,291),(698,'{\"Content\":\"Голос додано анонімно\",\"userName\":\"(Анонім)\"}','2015-01-08 08:31:02',3,2,18),(699,'{\"Content\":\"Голос додано анонімно\",\"userName\":\"(Анонім)\"}','2015-01-08 08:31:17',3,2,291),(700,'{\"Content\":\"Дивіться розділ \\\"Ресурси\\\" - \\\"Як боротися із забрудненням від заводів\\\". Там Ви зможете отримати необхідну інформацію, яка допоможе вирішити це питання. З повагою, Команда Ecomap.\",\"userName\":\"admin\",\"userSurname\":null}','2015-01-09 08:10:40',5,NULL,26),(701,'{\"Content\":\"Дивіться розділ \\\"Ресурси\\\" - \\\"Як боротися із забрудненням від заводів\\\". Там Ви зможете отримати необхідну інформацію, яка допоможе вирішити це питання. З повагою, Команда Ecomap.\",\"userName\":\"admin\",\"userSurname\":null}','2015-01-09 08:10:49',5,NULL,54),(702,'{\"Content\":\"додав голос\",\"userName\":\"Сергей\",\"userSurname\":\"Безбородько\"}','2015-01-09 14:17:17',3,78,1),(703,'{\"Content\":\"Голос додано анонімно\",\"userName\":\"(Анонім)\"}','2015-01-12 17:08:00',3,2,129),(704,'{\"Content\":\"Голос додано анонімно\",\"userName\":\"(Анонім)\"}','2015-01-15 12:32:08',3,2,54),(705,'{\"Content\":\"Голос додано анонімно\",\"userName\":\"(Анонім)\"}','2015-01-16 18:27:08',3,2,156),(706,'{\"Content\":\"Голос додано анонімно\",\"userName\":\"(Анонім)\"}','2015-01-18 06:59:58',3,2,257),(707,'{\"Content\":\"Голос додано анонімно\",\"userName\":\"(Анонім)\"}','2015-01-29 10:32:58',3,2,129),(708,'{\"Content\":\"Голос додано анонімно\",\"userName\":\"(Анонім)\"}','2015-01-29 10:33:48',3,2,54),(709,'{\"Content\":\"Голос додано анонімно\",\"userName\":\"(Анонім)\"}','2015-01-29 15:27:20',3,2,66),(710,'{\"Content\":\"Голос додано анонімно\",\"userName\":\"(Анонім)\"}','2015-01-30 09:02:41',3,2,278),(711,'{\"Content\":\"Голос додано анонімно\",\"userName\":\"(Анонім)\"}','2015-01-30 09:02:57',3,2,278),(712,'{\"Content\":\"Голос додано анонімно\",\"userName\":\"(Анонім)\"}','2015-01-30 09:47:30',3,2,127),(713,'{\"Content\":\"Голос додано анонімно\",\"userName\":\"(Анонім)\"}','2015-01-30 10:02:49',3,2,90),(716,'{\"Content\":\"Голос додано анонімно\",\"userName\":\"(Анонім)\"}','2015-02-01 16:20:47',3,2,1),(717,'{\"Content\":\"Голос додано анонімно\",\"userName\":\"(Анонім)\"}','2015-02-02 05:41:28',3,2,145),(718,'{\"Content\":\"Голос додано анонімно\",\"userName\":\"(Анонім)\"}','2015-02-02 05:55:36',3,2,163),(719,'{\"Content\":\"Голос додано анонімно\",\"userName\":\"(Анонім)\"}','2015-02-02 05:57:45',3,2,29),(720,'{\"Content\":\"Голос додано анонімно\",\"userName\":\"(Анонім)\"}','2015-02-02 05:58:15',3,2,248),(721,'{\"Content\":\"Голос додано анонімно\",\"userName\":\"(Анонім)\"}','2015-02-02 05:58:31',3,2,166),(722,'{\"Content\":\"Голос додано анонімно\",\"userName\":\"(Анонім)\"}','2015-02-02 05:59:01',3,2,40),(723,'{\"Content\":\"Голос додано анонімно\",\"userName\":\"(Анонім)\"}','2015-02-03 07:11:12',3,2,201),(724,'{\"Content\":\"Голос додано анонімно\",\"userName\":\"(Анонім)\"}','2015-02-04 18:49:32',3,2,55),(725,'{\"Content\":\"Голос додано анонімно\",\"userName\":\"(Анонім)\"}','2015-02-04 18:50:05',3,2,116),(726,'{\"Content\":\"Голос додано анонімно\",\"userName\":\"(Анонім)\"}','2015-02-04 18:50:35',3,2,82),(727,'{\"Content\":\"Голос додано анонімно\",\"userName\":\"(Анонім)\"}','2015-02-04 18:51:06',3,2,221),(728,'{\"Content\":\"Голос додано анонімно\",\"userName\":\"(Анонім)\"}','2015-02-06 07:23:59',3,2,212),(729,'{\"Content\":\"Голос додано анонімно\",\"userName\":\"(Анонім)\"}','2015-02-06 07:24:06',3,2,213),(730,'{\"Content\":\"Голос додано анонімно\",\"userName\":\"(Анонім)\"}','2015-02-10 07:47:37',3,2,173),(731,'{\"Content\":\"додав голос\",\"userName\":\"Vasyl\",\"userSurname\":\"Kotsiuba\"}','2015-02-11 07:01:04',3,81,1),(733,'{\"Content\":\"Голос додано анонімно\",\"userName\":\"(Анонім)\"}','2015-02-11 19:11:57',3,2,39),(734,'{\"Content\":\"додав голос\",\"userName\":\"Володимир\",\"userSurname\":\"Ночвай\"}','2015-02-11 19:30:51',3,85,145),(735,'{\"Content\":\"Голос додано анонімно\",\"userName\":\"(Анонім)\"}','2015-02-14 11:39:22',3,2,56),(736,'{\"Content\":\"Голос додано анонімно\",\"userName\":\"(Анонім)\"}','2015-02-14 15:21:06',3,2,174),(737,'{\"Content\":\"Голос додано анонімно\",\"userName\":\"(Анонім)\"}','2015-02-14 15:21:33',3,2,185),(738,'{\"Content\":\"Голос додано анонімно\",\"userName\":\"(Анонім)\"}','2015-02-19 06:35:42',3,2,185),(739,'{\"Content\":\"Голос додано анонімно\",\"userName\":\"(Анонім)\"}','2015-02-19 06:35:49',3,2,174),(744,'{\"Content\":\"Голос додано анонімно\",\"userName\":\"(Анонім)\"}','2015-02-20 07:56:04',3,2,176),(745,'{\"Content\":\"Голос додано анонімно\",\"userName\":\"(Анонім)\"}','2015-02-20 08:29:59',3,2,9),(747,'{\"Content\":\"додав голос\",\"userName\":\"Vasyl\",\"userSurname\":\"Kotsiuba\"}','2015-02-21 15:56:32',3,81,291),(753,'{\"Content\":\"Голос додано анонімно\",\"userName\":\"(Анонім)\"}','2015-02-22 19:32:35',3,2,18),(754,'{\"Content\":\"Голос додано анонімно\",\"userName\":\"(Анонім)\"}','2015-02-23 07:01:00',3,2,18),(755,'{\"Content\":\"додав голос\",\"userName\":\"Vasyl\",\"userSurname\":\"Kotsiuba\"}','2015-02-23 08:23:44',3,81,86),(763,'{\"Content\":\"додав фото\",\"userName\":\"ttt\",\"userSurname\":\"ttt\"}','2015-02-24 17:34:25',4,93,252),(764,'{\"Content\":\"додав фото\",\"userName\":\"ttt\",\"userSurname\":\"ttt\"}','2015-02-24 17:36:15',4,93,252),(765,'{\"Content\":\"додав фото\",\"userName\":\"ttt\",\"userSurname\":\"ttt\"}','2015-02-24 17:37:37',4,93,252),(766,'{\"Content\":\"Голос додано анонімно\",\"userName\":\"(Анонім)\"}','2015-02-25 10:57:05',3,2,45),(767,'{\"Content\":\"Голос додано анонімно\",\"userName\":\"(Анонім)\"}','2015-02-26 03:25:35',3,2,185),(768,'{\"Content\":\"Голос додано анонімно\",\"userName\":\"(Анонім)\"}','2015-02-26 03:25:46',3,2,174),(769,'{\"Content\":\"Голос додано анонімно\",\"userName\":\"(Анонім)\"}','2015-02-26 03:50:10',3,2,185),(770,'{\"Content\":\"Голос додано анонімно\",\"userName\":\"(Анонім)\"}','2015-02-26 03:50:14',3,2,174),(771,'{\"Content\":\"Голос додано анонімно\",\"userName\":\"(Анонім)\"}','2015-02-26 07:44:32',3,2,3),(772,'{\"Content\":\"Голос додано анонімно\",\"userName\":\"(Анонім)\"}','2015-02-26 12:42:28',3,2,185),(773,'{\"Content\":\"Голос додано анонімно\",\"userName\":\"(Анонім)\"}','2015-02-26 12:43:17',3,2,174),(774,'{\"Content\":\"Голос додано анонімно\",\"userName\":\"(Анонім)\"}','2015-02-26 15:28:03',3,2,185),(775,'{\"Content\":\"Голос додано анонімно\",\"userName\":\"(Анонім)\"}','2015-02-26 15:28:11',3,2,174),(776,'{\"Content\":\"Попали пацанчики\",\"userName\":\"Партія\",\"userSurname\":\"Зелених\"}','2015-02-26 20:47:16',5,95,56),(777,'{\"Content\":\"Голос додано анонімно\",\"userName\":\"(Анонім)\"}','2015-02-27 03:23:39',3,2,183),(778,'{\"Content\":\"Голос додано анонімно\",\"userName\":\"(Анонім)\"}','2015-02-27 03:23:46',3,2,220),(779,'{\"Content\":\"Голос додано анонімно\",\"userName\":\"(Анонім)\"}','2015-02-27 06:24:55',3,2,185),(780,'{\"Content\":\"Голос додано анонімно\",\"userName\":\"(Анонім)\"}','2015-02-27 06:25:01',3,2,174),(781,'{\"Content\":\"Голос додано анонімно\",\"userName\":\"(Анонім)\"}','2015-02-27 09:59:57',3,2,4),(782,'{\"Content\":\"Голос додано анонімно\",\"userName\":\"(Анонім)\"}','2015-02-27 13:49:23',3,2,185),(783,'{\"Content\":\"Голос додано анонімно\",\"userName\":\"(Анонім)\"}','2015-02-27 13:49:27',3,2,174),(784,'{\"Content\":\"Голос додано анонімно\",\"userName\":\"(Анонім)\"}','2015-02-28 17:39:00',3,2,185),(785,'{\"Content\":\"Голос додано анонімно\",\"userName\":\"(Анонім)\"}','2015-02-28 17:39:04',3,2,174),(786,'{\"Content\":\"Голос додано анонімно\",\"userName\":\"(Анонім)\"}','2015-03-01 07:33:52',3,2,185),(787,'{\"Content\":\"Голос додано анонімно\",\"userName\":\"(Анонім)\"}','2015-03-01 07:33:56',3,2,174),(788,'{\"Content\":\"додав фото\",\"userName\":\"Inna\",\"userSurname\":\"Labunska\"}','2015-03-01 15:03:51',4,NULL,88),(789,'{\"Content\":\"додав фото\",\"userName\":\"Inna\",\"userSurname\":\"Labunska\"}','2015-03-01 15:03:51',4,NULL,88),(790,'{\"Content\":\"додав фото\",\"userName\":\"Inna\",\"userSurname\":\"Labunska\"}','2015-03-01 15:48:12',4,NULL,56),(791,'{\"Content\":\"I am really saw it. Its terrible. We must do smth with it.111111111111111111111111111111111\",\"userName\":\"Mikhail\",\"userSurname\":\"Prsj\"}','2015-03-02 06:59:23',5,100,241),(792,'{\"Content\":\"Go fishing to Ingul\",\"userName\":\"Mikhail\",\"userSurname\":\"Prsj\"}','2015-03-02 07:00:02',5,100,241),(794,'{\"Content\":\"додав фото\",\"userName\":\"Inna\",\"userSurname\":\"Labunska\"}','2015-03-02 07:52:29',4,NULL,18),(795,'{\"Content\":\"Голос додано анонімно\",\"userName\":\"(Анонім)\"}','2015-03-02 10:51:26',3,2,213),(796,'{\"Content\":\"Голос додано анонімно\",\"userName\":\"(Анонім)\"}','2015-03-02 10:51:33',3,2,212),(797,'{\"Content\":\"Голос додано анонімно\",\"userName\":\"(Анонім)\"}','2015-03-02 12:55:06',3,2,185),(798,'{\"Content\":\"Голос додано анонімно\",\"userName\":\"(Анонім)\"}','2015-03-02 12:55:09',3,2,174),(799,'{\"Content\":\"Голос додано анонімно\",\"userName\":\"(Анонім)\"}','2015-03-03 05:17:37',3,2,212),(800,'{\"Content\":\"Голос додано анонімно\",\"userName\":\"(Анонім)\"}','2015-03-03 05:17:39',3,2,213),(801,'{\"Content\":\"Голос додано анонімно\",\"userName\":\"(Анонім)\"}','2015-03-03 05:40:55',3,2,185),(802,'{\"Content\":\"Голос додано анонімно\",\"userName\":\"(Анонім)\"}','2015-03-03 05:40:59',3,2,174),(803,'{\"Content\":\"Голос додано анонімно\",\"userName\":\"(Анонім)\"}','2015-03-03 15:49:54',3,2,185),(804,'{\"Content\":\"Голос додано анонімно\",\"userName\":\"(Анонім)\"}','2015-03-03 15:50:00',3,2,174),(805,'{\"Content\":\"додав голос\",\"userName\":\"Партія\",\"userSurname\":\"Зелених\"}','2015-03-03 16:42:29',3,95,142),(806,'{\"Content\":\"Голос додано анонімно\",\"userName\":\"(Анонім)\"}','2015-03-04 07:19:26',3,2,213),(807,'{\"Content\":\"Голос додано анонімно\",\"userName\":\"(Анонім)\"}','2015-03-04 07:19:32',3,2,212),(808,'{\"Content\":\"Голос додано анонімно\",\"userName\":\"(Анонім)\"}','2015-03-04 12:36:25',3,2,185),(809,'{\"Content\":\"Голос додано анонімно\",\"userName\":\"(Анонім)\"}','2015-03-04 12:36:28',3,2,174),(810,'{\"Content\":\"Голос додано анонімно\",\"userName\":\"(Анонім)\"}','2015-03-04 12:47:59',3,2,174),(811,'{\"Content\":\"Голос додано анонімно\",\"userName\":\"(Анонім)\"}','2015-03-04 12:48:07',3,2,185),(812,'{\"Content\":\"Голос додано анонімно\",\"userName\":\"(Анонім)\"}','2015-03-04 13:10:05',3,2,174),(813,'{\"Content\":\"Голос додано анонімно\",\"userName\":\"(Анонім)\"}','2015-03-04 13:10:11',3,2,185),(814,'{\"Content\":\"додав голос\",\"userName\":\"Vasyl\",\"userSurname\":\"Kotsiuba\"}','2015-03-05 05:57:57',3,81,101),(815,'{\"Content\":\"додав фото\",\"userName\":\"Inna\",\"userSurname\":\"Labunska\"}','2015-03-05 07:43:26',4,NULL,56),(816,'{\"Content\":\"Голос додано анонімно\",\"userName\":\"(Анонім)\"}','2015-03-05 14:47:06',3,2,185),(817,'{\"Content\":\"Голос додано анонімно\",\"userName\":\"(Анонім)\"}','2015-03-05 14:47:11',3,2,174),(818,'{\"Content\":\"Голос додано анонімно\",\"userName\":\"(Анонім)\"}','2015-03-05 14:49:52',3,2,119),(819,'{\"Content\":\"Голос додано анонімно\",\"userName\":\"(Анонім)\"}','2015-03-05 14:50:28',3,2,135),(820,'{\"Content\":\"Голос додано анонімно\",\"userName\":\"(Анонім)\"}','2015-03-05 16:07:56',3,2,174),(821,'{\"Content\":\"Голос додано анонімно\",\"userName\":\"(Анонім)\"}','2015-03-05 16:08:02',3,2,185),(822,'{\"Content\":\"Голос додано анонімно\",\"userName\":\"(Анонім)\"}','2015-03-06 07:56:31',3,2,174),(823,'{\"Content\":\"Голос додано анонімно\",\"userName\":\"(Анонім)\"}','2015-03-06 09:27:14',3,2,185),(824,'{\"Content\":\"Голос додано анонімно\",\"userName\":\"(Анонім)\"}','2015-03-06 09:27:18',3,2,174),(825,'{\"Content\":\"Проблему створено анонімно\",\"userName\":\"(Анонім)\"}','2015-03-06 11:43:30',1,2,295),(826,'{\"Content\":\"Голос додано анонімно\",\"userName\":\"(Анонім)\"}','2015-03-06 13:59:08',3,2,185),(827,'{\"Content\":\"Голос додано анонімно\",\"userName\":\"(Анонім)\"}','2015-03-06 13:59:11',3,2,174),(828,'{\"Content\":\"додав проблему\",\"userName\":\"Галіна\",\"userSurname\":\"Ширінська\"}','2015-03-06 17:11:06',1,102,296),(829,'{\"Content\":\"Голос додано анонімно\",\"userName\":\"(Анонім)\"}','2015-03-06 18:27:50',3,2,146),(830,'{\"Content\":\"Голос додано анонімно\",\"userName\":\"(Анонім)\"}','2015-03-06 18:28:14',3,2,134),(831,'{\"Content\":\"додав проблему\",\"userName\":\"Галіна\",\"userSurname\":\"Ширінська\"}','2015-03-06 18:58:19',1,102,297),(832,'{\"Content\":\"додав проблему\",\"userName\":\"Галіна\",\"userSurname\":\"Ширінська\"}','2015-03-06 19:02:08',1,102,298),(833,'{\"Content\":\"додав проблему\",\"userName\":\"Галіна\",\"userSurname\":\"Ширінська\"}','2015-03-06 19:05:57',1,102,299),(834,'{\"Content\":\"додав проблему\",\"userName\":\"Галіна\",\"userSurname\":\"Ширінська\"}','2015-03-06 19:10:06',1,102,300),(835,'{\"Content\":\"Голос додано анонімно\",\"userName\":\"(Анонім)\"}','2015-03-07 14:14:15',3,2,185),(836,'{\"Content\":\"Голос додано анонімно\",\"userName\":\"(Анонім)\"}','2015-03-07 14:14:20',3,2,174),(837,'{\"Content\":\"додав фото\",\"userName\":\"Лілія \",\"userSurname\":\"Квак\"}','2015-03-07 14:22:01',4,103,185),(838,'{\"Content\":\"додав фото\",\"userName\":\"Лілія \",\"userSurname\":\"Квак\"}','2015-03-07 14:23:58',4,103,185),(839,'{\"Content\":\"додав голос\",\"userName\":\"Marianna\",\"userSurname\":\"Lobay\"}','2015-03-07 18:37:32',3,104,185),(840,'{\"Content\":\"додав голос\",\"userName\":\"Marianna\",\"userSurname\":\"Lobay\"}','2015-03-07 18:37:41',3,104,174),(841,'{\"Content\":\"додав голос\",\"userName\":\"Marianna\",\"userSurname\":\"Lobay\"}','2015-03-07 18:38:16',3,104,85),(842,'{\"Content\":\"Голос додано анонімно\",\"userName\":\"(Анонім)\"}','2015-03-08 12:26:22',3,2,185),(843,'{\"Content\":\"Голос додано анонімно\",\"userName\":\"(Анонім)\"}','2015-03-08 12:27:18',3,2,174),(844,'{\"Content\":\"Голос додано анонімно\",\"userName\":\"(Анонім)\"}','2015-03-08 15:09:09',3,2,185),(845,'{\"Content\":\"Голос додано анонімно\",\"userName\":\"(Анонім)\"}','2015-03-08 15:09:12',3,2,174),(846,'{\"Content\":\"Голос додано анонімно\",\"userName\":\"(Анонім)\"}','2015-03-09 09:12:29',3,2,185),(847,'{\"Content\":\"Голос додано анонімно\",\"userName\":\"(Анонім)\"}','2015-03-09 09:12:33',3,2,174),(848,'{\"Content\":\"Голос додано анонімно\",\"userName\":\"(Анонім)\"}','2015-03-09 09:50:03',3,2,185),(849,'{\"Content\":\"Голос додано анонімно\",\"userName\":\"(Анонім)\"}','2015-03-09 09:50:16',3,2,174),(850,'{\"Content\":\"Голос додано анонімно\",\"userName\":\"(Анонім)\"}','2015-03-09 13:53:53',3,2,185),(851,'{\"Content\":\"Голос додано анонімно\",\"userName\":\"(Анонім)\"}','2015-03-09 13:53:57',3,2,174),(852,'{\"Content\":\"Голос додано анонімно\",\"userName\":\"(Анонім)\"}','2015-03-09 15:21:32',3,2,185),(853,'{\"Content\":\"Голос додано анонімно\",\"userName\":\"(Анонім)\"}','2015-03-09 15:21:36',3,2,174),(854,'{\"Content\":\"Голос додано анонімно\",\"userName\":\"(Анонім)\"}','2015-03-09 22:09:51',3,2,118),(855,'{\"Content\":\"Голос додано анонімно\",\"userName\":\"(Анонім)\"}','2015-03-09 22:09:56',3,2,39),(856,'{\"Content\":\"Голос додано анонімно\",\"userName\":\"(Анонім)\"}','2015-03-10 04:51:10',3,2,185),(857,'{\"Content\":\"Голос додано анонімно\",\"userName\":\"(Анонім)\"}','2015-03-10 04:51:16',3,2,174),(858,'{\"Content\":\"Голос додано анонімно\",\"userName\":\"(Анонім)\"}','2015-03-10 08:15:44',3,2,185),(859,'{\"Content\":\"Голос додано анонімно\",\"userName\":\"(Анонім)\"}','2015-03-10 08:15:48',3,2,174),(860,'{\"Content\":\"Голос додано анонімно\",\"userName\":\"(Анонім)\"}','2015-03-10 12:49:57',3,2,185),(861,'{\"Content\":\"Голос додано анонімно\",\"userName\":\"(Анонім)\"}','2015-03-10 12:50:00',3,2,174),(862,'{\"Content\":\"Голос додано анонімно\",\"userName\":\"(Анонім)\"}','2015-03-10 15:30:55',3,2,185),(863,'{\"Content\":\"Голос додано анонімно\",\"userName\":\"(Анонім)\"}','2015-03-10 15:30:59',3,2,174),(864,'{\"Content\":\"Проблему створено анонімно\",\"userName\":\"(Анонім)\"}','2015-03-10 15:37:22',1,2,301),(865,'{\"Content\":\"Голос додано анонімно\",\"userName\":\"(Анонім)\"}','2015-03-10 16:48:21',3,2,185),(866,'{\"Content\":\"Голос додано анонімно\",\"userName\":\"(Анонім)\"}','2015-03-10 16:48:44',3,2,185),(867,'{\"Content\":\"Голос додано анонімно\",\"userName\":\"(Анонім)\"}','2015-03-10 16:48:48',3,2,174),(868,'{\"Content\":\"Голос додано анонімно\",\"userName\":\"(Анонім)\"}','2015-03-11 05:07:46',3,2,174),(869,'{\"Content\":\"Голос додано анонімно\",\"userName\":\"(Анонім)\"}','2015-03-11 05:07:54',3,2,185),(870,'{\"Content\":\"Голос додано анонімно\",\"userName\":\"(Анонім)\"}','2015-03-11 08:59:16',3,2,134),(871,'{\"Content\":\"Голос додано анонімно\",\"userName\":\"(Анонім)\"}','2015-03-11 08:59:39',3,2,79),(872,'{\"Content\":\"Голос додано анонімно\",\"userName\":\"(Анонім)\"}','2015-03-11 08:59:45',3,2,102),(873,'{\"Content\":\"Голос додано анонімно\",\"userName\":\"(Анонім)\"}','2015-03-11 10:26:35',3,2,185),(874,'{\"Content\":\"Голос додано анонімно\",\"userName\":\"(Анонім)\"}','2015-03-11 10:26:39',3,2,174),(875,'{\"Content\":\"Голос додано анонімно\",\"userName\":\"(Анонім)\"}','2015-03-11 10:49:16',3,2,183),(876,'{\"Content\":\"Голос додано анонімно\",\"userName\":\"(Анонім)\"}','2015-03-11 11:11:18',3,2,185),(877,'{\"Content\":\"Голос додано анонімно\",\"userName\":\"(Анонім)\"}','2015-03-11 11:11:23',3,2,174),(878,'{\"Content\":\"Голос додано анонімно\",\"userName\":\"(Анонім)\"}','2015-03-11 14:40:18',3,2,185),(879,'{\"Content\":\"Голос додано анонімно\",\"userName\":\"(Анонім)\"}','2015-03-11 14:40:21',3,2,174),(880,'{\"Content\":\"Голос додано анонімно\",\"userName\":\"(Анонім)\"}','2015-03-11 18:00:27',3,2,216),(881,'{\"Content\":\"Голос додано анонімно\",\"userName\":\"(Анонім)\"}','2015-03-11 20:04:07',3,2,213),(882,'{\"Content\":\"Голос додано анонімно\",\"userName\":\"(Анонім)\"}','2015-03-11 20:04:13',3,2,212),(883,'{\"Content\":\"Голос додано анонімно\",\"userName\":\"(Анонім)\"}','2015-03-12 09:26:53',3,2,185),(884,'{\"Content\":\"Голос додано анонімно\",\"userName\":\"(Анонім)\"}','2015-03-12 09:26:58',3,2,174),(885,'{\"Content\":\"Голос додано анонімно\",\"userName\":\"(Анонім)\"}','2015-03-12 09:57:37',3,2,185),(886,'{\"Content\":\"Голос додано анонімно\",\"userName\":\"(Анонім)\"}','2015-03-12 09:57:40',3,2,174),(887,'{\"Content\":\"Проблему створено анонімно\",\"userName\":\"(Анонім)\"}','2015-03-12 11:33:08',1,2,302),(888,'{\"Content\":\"Проблему створено анонімно\",\"userName\":\"(Анонім)\"}','2015-03-12 11:38:38',1,2,303),(889,'{\"Content\":\"Проблему створено анонімно\",\"userName\":\"(Анонім)\"}','2015-03-12 11:40:55',1,2,304),(890,'{\"Content\":\"Голос додано анонімно\",\"userName\":\"(Анонім)\"}','2015-03-12 13:04:17',3,2,84),(891,'{\"Content\":\"Голос додано анонімно\",\"userName\":\"(Анонім)\"}','2015-03-12 13:26:25',3,2,174),(892,'{\"Content\":\"Голос додано анонімно\",\"userName\":\"(Анонім)\"}','2015-03-12 13:26:30',3,2,185),(893,'{\"Content\":\"Голос додано анонімно\",\"userName\":\"(Анонім)\"}','2015-03-12 15:51:46',3,2,185),(894,'{\"Content\":\"Голос додано анонімно\",\"userName\":\"(Анонім)\"}','2015-03-12 15:51:49',3,2,174),(895,'{\"Content\":\"додав проблему\",\"userName\":\"Олександр\",\"userSurname\":\"Кирей\"}','2015-03-12 19:14:40',1,75,305),(896,'{\"Content\":\"додав фото\",\"userName\":\"Олександр\",\"userSurname\":\"Кирей\"}','2015-03-12 19:15:21',4,75,305),(897,'{\"Content\":\"додав фото\",\"userName\":\"Олександр\",\"userSurname\":\"Кирей\"}','2015-03-12 19:15:39',4,75,305),(898,'{\"Content\":\"додав фото\",\"userName\":\"Олександр\",\"userSurname\":\"Кирей\"}','2015-03-12 19:15:57',4,75,305),(899,'{\"Content\":\"додав фото\",\"userName\":\"Олександр\",\"userSurname\":\"Кирей\"}','2015-03-12 19:16:23',4,75,305),(900,'{\"Content\":\"додав фото\",\"userName\":\"Олександр\",\"userSurname\":\"Кирей\"}','2015-03-12 19:16:42',4,75,305),(901,'{\"Content\":\"додав фото\",\"userName\":\"Олександр\",\"userSurname\":\"Кирей\"}','2015-03-12 19:16:59',4,75,305),(902,'{\"Content\":\"додав проблему\",\"userName\":\"Олександр\",\"userSurname\":\"Кирей\"}','2015-03-12 19:19:00',1,75,306),(903,'{\"Content\":\"додав фото\",\"userName\":\"Олександр\",\"userSurname\":\"Кирей\"}','2015-03-12 19:19:22',4,75,306),(904,'{\"Content\":\"додав фото\",\"userName\":\"Олександр\",\"userSurname\":\"Кирей\"}','2015-03-12 19:19:33',4,75,306),(905,'{\"Content\":\"додав фото\",\"userName\":\"Олександр\",\"userSurname\":\"Кирей\"}','2015-03-12 19:19:45',4,75,306),(906,'{\"Content\":\"Проблему створено анонімно\",\"userName\":\"(Анонім)\"}','2015-03-12 20:45:16',1,2,307),(907,'{\"Content\":\"Голос додано анонімно\",\"userName\":\"(Анонім)\"}','2015-03-13 12:10:32',3,2,134),(908,'{\"Content\":\"Голос додано анонімно\",\"userName\":\"(Анонім)\"}','2015-03-13 12:41:36',3,2,185),(909,'{\"Content\":\"Голос додано анонімно\",\"userName\":\"(Анонім)\"}','2015-03-13 12:41:39',3,2,174),(911,'{\"Content\":\"Голос додано анонімно\",\"userName\":\"(Анонім)\"}','2015-03-13 20:48:30',3,2,220),(912,'{\"Content\":\"Голос додано анонімно\",\"userName\":\"(Анонім)\"}','2015-03-14 12:49:40',3,2,185),(913,'{\"Content\":\"Голос додано анонімно\",\"userName\":\"(Анонім)\"}','2015-03-14 15:21:47',3,2,185),(914,'{\"Content\":\"Голос додано анонімно\",\"userName\":\"(Анонім)\"}','2015-03-14 15:21:50',3,2,174),(915,'{\"Content\":\"Голос додано анонімно\",\"userName\":\"(Анонім)\"}','2015-03-14 16:21:03',3,2,185),(916,'{\"Content\":\"Голос додано анонімно\",\"userName\":\"(Анонім)\"}','2015-03-14 16:21:06',3,2,174),(917,'{\"Content\":\"Голос додано анонімно\",\"userName\":\"(Анонім)\"}','2015-03-15 09:16:47',3,2,185),(918,'{\"Content\":\"Голос додано анонімно\",\"userName\":\"(Анонім)\"}','2015-03-15 09:16:51',3,2,174),(919,'{\"Content\":\"Голос додано анонімно\",\"userName\":\"(Анонім)\"}','2015-03-15 11:15:19',3,2,185),(920,'{\"Content\":\"Голос додано анонімно\",\"userName\":\"(Анонім)\"}','2015-03-15 11:15:23',3,2,174),(921,'{\"Content\":\"Голос додано анонімно\",\"userName\":\"(Анонім)\"}','2015-03-15 13:05:46',3,2,241),(922,'{\"Content\":\"Голос додано анонімно\",\"userName\":\"(Анонім)\"}','2015-03-15 15:43:17',3,2,185),(923,'{\"Content\":\"Голос додано анонімно\",\"userName\":\"(Анонім)\"}','2015-03-15 15:43:20',3,2,174),(924,'{\"Content\":\"Голос додано анонімно\",\"userName\":\"(Анонім)\"}','2015-03-15 17:46:27',3,2,185),(925,'{\"Content\":\"Голос додано анонімно\",\"userName\":\"(Анонім)\"}','2015-03-15 17:46:31',3,2,174),(926,'{\"Content\":\"Проблему створено анонімно\",\"userName\":\"(Анонім)\"}','2015-03-16 04:54:20',1,2,309),(927,'{\"Content\":\"Голос додано анонімно\",\"userName\":\"(Анонім)\"}','2015-03-16 06:36:47',3,2,174),(928,'{\"Content\":\"Голос додано анонімно\",\"userName\":\"(Анонім)\"}','2015-03-16 06:36:51',3,2,185),(929,'{\"Content\":\"Проблему створено анонімно\",\"userName\":\"(Анонім)\"}','2015-03-16 07:40:33',1,2,310),(930,'{\"Content\":\"додав проблему\",\"userName\":\"Djkjlbvbh\",\"userSurname\":\"<fnjxtyrj\"}','2015-03-16 07:49:55',1,105,311),(931,'{\"Content\":\"додав проблему\",\"userName\":\"Djkjlbvbh\",\"userSurname\":\"<fnjxtyrj\"}','2015-03-16 08:02:17',1,105,312),(932,'{\"Content\":\"додав проблему\",\"userName\":\"Djkjlbvbh\",\"userSurname\":\"<fnjxtyrj\"}','2015-03-16 08:13:39',1,105,313),(933,'{\"Content\":\"Голос додано анонімно\",\"userName\":\"(Анонім)\"}','2015-03-16 11:46:47',3,2,25),(934,'{\"Content\":\"додав фото\",\"userName\":\"Ініціативна Група\",\"userSurname\":\"МІСТО МРІЇ\"}','2015-03-16 12:05:43',4,106,25),(935,'{\"Content\":\"додав фото\",\"userName\":\"Ініціативна Група\",\"userSurname\":\"МІСТО МРІЇ\"}','2015-03-16 12:05:43',4,106,25),(936,'{\"Content\":\"додав фото\",\"userName\":\"Ініціативна Група\",\"userSurname\":\"МІСТО МРІЇ\"}','2015-03-16 12:05:43',4,106,25),(937,'{\"Content\":\"Голос додано анонімно\",\"userName\":\"(Анонім)\"}','2015-03-16 13:25:23',3,2,185),(938,'{\"Content\":\"Голос додано анонімно\",\"userName\":\"(Анонім)\"}','2015-03-16 13:25:29',3,2,174),(939,'{\"Content\":\"Голос додано анонімно\",\"userName\":\"(Анонім)\"}','2015-03-16 17:28:05',3,2,185),(940,'{\"Content\":\"Голос додано анонімно\",\"userName\":\"(Анонім)\"}','2015-03-16 17:28:10',3,2,174),(941,'{\"Content\":\"Голос додано анонімно\",\"userName\":\"(Анонім)\"}','2015-03-17 04:28:43',3,2,185),(942,'{\"Content\":\"Голос додано анонімно\",\"userName\":\"(Анонім)\"}','2015-03-17 04:28:46',3,2,174),(943,'{\"Content\":\"Голос додано анонімно\",\"userName\":\"(Анонім)\"}','2015-03-17 06:59:54',3,2,185),(944,'{\"Content\":\"Голос додано анонімно\",\"userName\":\"(Анонім)\"}','2015-03-17 06:59:57',3,2,174),(945,'{\"Content\":\"додав голос\",\"userName\":\"Олександр\",\"userSurname\":\"Ткаченко\"}','2015-03-17 08:40:47',3,108,129),(946,'{\"Content\":\"Голос додано анонімно\",\"userName\":\"(Анонім)\"}','2015-03-17 13:14:34',3,2,185),(947,'{\"Content\":\"Голос додано анонімно\",\"userName\":\"(Анонім)\"}','2015-03-17 13:14:38',3,2,174),(948,'{\"Content\":\"Голос додано анонімно\",\"userName\":\"(Анонім)\"}','2015-03-17 15:55:41',3,2,174),(949,'{\"Content\":\"Голос додано анонімно\",\"userName\":\"(Анонім)\"}','2015-03-17 15:55:46',3,2,185),(950,'{\"Content\":\"Голос додано анонімно\",\"userName\":\"(Анонім)\"}','2015-03-17 15:56:01',3,2,313),(951,'{\"Content\":\"Голос додано анонімно\",\"userName\":\"(Анонім)\"}','2015-03-17 15:56:06',3,2,312),(952,'{\"Content\":\"Голос додано анонімно\",\"userName\":\"(Анонім)\"}','2015-03-17 17:38:23',3,2,213),(953,'{\"Content\":\"Голос додано анонімно\",\"userName\":\"(Анонім)\"}','2015-03-17 17:39:17',3,2,212),(954,'{\"Content\":\"Голос додано анонімно\",\"userName\":\"(Анонім)\"}','2015-03-18 12:19:19',3,2,185),(955,'{\"Content\":\"Голос додано анонімно\",\"userName\":\"(Анонім)\"}','2015-03-18 12:19:23',3,2,174),(956,'{\"Content\":\"Голос додано анонімно\",\"userName\":\"(Анонім)\"}','2015-03-18 14:21:34',3,2,185),(957,'{\"Content\":\"Голос додано анонімно\",\"userName\":\"(Анонім)\"}','2015-03-18 15:40:44',3,2,185),(958,'{\"Content\":\"Голос додано анонімно\",\"userName\":\"(Анонім)\"}','2015-03-18 16:09:14',3,2,185),(959,'{\"Content\":\"Голос додано анонімно\",\"userName\":\"(Анонім)\"}','2015-03-18 16:09:17',3,2,174),(960,'{\"Content\":\"Голос додано анонімно\",\"userName\":\"(Анонім)\"}','2015-03-18 17:41:32',3,2,185),(961,'{\"Content\":\"Голос додано анонімно\",\"userName\":\"(Анонім)\"}','2015-03-18 17:41:37',3,2,174),(962,'{\"Content\":\"Голос додано анонімно\",\"userName\":\"(Анонім)\"}','2015-03-19 04:34:39',3,2,185),(963,'{\"Content\":\"Голос додано анонімно\",\"userName\":\"(Анонім)\"}','2015-03-19 04:34:43',3,2,174),(964,'{\"Content\":\"Голос додано анонімно\",\"userName\":\"(Анонім)\"}','2015-03-19 04:45:23',3,2,44),(965,'{\"Content\":\"Голос додано анонімно\",\"userName\":\"(Анонім)\"}','2015-03-19 13:13:07',3,2,185),(966,'{\"Content\":\"Голос додано анонімно\",\"userName\":\"(Анонім)\"}','2015-03-19 13:13:28',3,2,174),(967,'{\"Content\":\"Голос додано анонімно\",\"userName\":\"(Анонім)\"}','2015-03-19 14:42:59',3,2,185),(968,'{\"Content\":\"Голос додано анонімно\",\"userName\":\"(Анонім)\"}','2015-03-19 14:43:02',3,2,174),(969,'{\"Content\":\"Голос додано анонімно\",\"userName\":\"(Анонім)\"}','2015-03-20 05:12:17',3,2,185),(970,'{\"Content\":\"Голос додано анонімно\",\"userName\":\"(Анонім)\"}','2015-03-20 05:12:21',3,2,174),(971,'{\"Content\":\"Голос додано анонімно\",\"userName\":\"(Анонім)\"}','2015-03-20 07:23:21',3,2,185),(972,'{\"Content\":\"Голос додано анонімно\",\"userName\":\"(Анонім)\"}','2015-03-20 07:23:24',3,2,174),(973,'{\"Content\":\"Голос додано анонімно\",\"userName\":\"(Анонім)\"}','2015-03-20 13:59:39',3,2,185),(974,'{\"Content\":\"Голос додано анонімно\",\"userName\":\"(Анонім)\"}','2015-03-20 13:59:42',3,2,174),(975,'{\"Content\":\"Голос додано анонімно\",\"userName\":\"(Анонім)\"}','2015-03-21 11:37:28',3,2,185),(976,'{\"Content\":\"Голос додано анонімно\",\"userName\":\"(Анонім)\"}','2015-03-21 11:37:32',3,2,174),(977,'{\"Content\":\"Голос додано анонімно\",\"userName\":\"(Анонім)\"}','2015-03-21 15:35:54',3,2,185),(978,'{\"Content\":\"Голос додано анонімно\",\"userName\":\"(Анонім)\"}','2015-03-22 07:22:20',3,2,174),(979,'{\"Content\":\"Голос додано анонімно\",\"userName\":\"(Анонім)\"}','2015-03-22 07:22:26',3,2,185),(980,'{\"Content\":\"Голос додано анонімно\",\"userName\":\"(Анонім)\"}','2015-03-22 15:27:14',3,2,185),(981,'{\"Content\":\"Голос додано анонімно\",\"userName\":\"(Анонім)\"}','2015-03-22 15:27:17',3,2,174),(982,'{\"Content\":\"Проблему створено анонімно\",\"userName\":\"(Анонім)\"}','2015-03-23 13:21:52',1,2,314),(983,'{\"Content\":\"Голос додано анонімно\",\"userName\":\"(Анонім)\"}','2015-03-23 14:10:13',3,2,185),(984,'{\"Content\":\"Голос додано анонімно\",\"userName\":\"(Анонім)\"}','2015-03-23 14:10:16',3,2,174),(985,'{\"Content\":\"Голос додано анонімно\",\"userName\":\"(Анонім)\"}','2015-03-24 05:37:14',3,2,185),(986,'{\"Content\":\"Голос додано анонімно\",\"userName\":\"(Анонім)\"}','2015-03-24 05:37:24',3,2,174),(987,'{\"Content\":\"Голос додано анонімно\",\"userName\":\"(Анонім)\"}','2015-03-24 06:55:32',3,2,74),(988,'{\"Content\":\"Голос додано анонімно\",\"userName\":\"(Анонім)\"}','2015-03-24 08:19:00',3,2,105),(989,'{\"Content\":\"Голос додано анонімно\",\"userName\":\"(Анонім)\"}','2015-03-24 08:19:40',3,2,174),(990,'{\"Content\":\"Голос додано анонімно\",\"userName\":\"(Анонім)\"}','2015-03-24 08:20:42',3,2,185),(991,'{\"Content\":\"Голос додано анонімно\",\"userName\":\"(Анонім)\"}','2015-03-24 08:21:10',3,2,174),(992,'{\"Content\":\"Голос додано анонімно\",\"userName\":\"(Анонім)\"}','2015-03-24 08:22:39',3,2,312),(993,'{\"Content\":\"Голос додано анонімно\",\"userName\":\"(Анонім)\"}','2015-03-24 08:23:27',3,2,310),(994,'{\"Content\":\"Голос додано анонімно\",\"userName\":\"(Анонім)\"}','2015-03-24 08:23:40',3,2,311),(995,'{\"Content\":\"Голос додано анонімно\",\"userName\":\"(Анонім)\"}','2015-03-24 14:19:46',3,2,174),(996,'{\"Content\":\"Голос додано анонімно\",\"userName\":\"(Анонім)\"}','2015-03-24 18:24:28',3,2,185),(997,'{\"Content\":\"Голос додано анонімно\",\"userName\":\"(Анонім)\"}','2015-03-24 18:24:36',3,2,174),(998,'{\"Content\":\"Голос додано анонімно\",\"userName\":\"(Анонім)\"}','2015-03-24 18:24:46',3,2,313),(999,'{\"Content\":\"Голос додано анонімно\",\"userName\":\"(Анонім)\"}','2015-03-24 18:24:51',3,2,312),(1000,'{\"Content\":\"Проблему створено анонімно\",\"userName\":\"(Анонім)\"}','2015-03-25 11:15:25',1,2,315),(1001,'{\"Content\":\"Голос додано анонімно\",\"userName\":\"(Анонім)\"}','2015-03-26 09:11:16',3,2,132),(1002,'{\"Content\":\"Голос додано анонімно\",\"userName\":\"(Анонім)\"}','2015-03-26 11:05:08',3,2,185),(1003,'{\"Content\":\"Голос додано анонімно\",\"userName\":\"(Анонім)\"}','2015-03-26 11:05:17',3,2,174),(1004,'{\"Content\":\"Голос додано анонімно\",\"userName\":\"(Анонім)\"}','2015-03-26 20:42:43',3,2,152),(1005,'{\"Content\":\"Голос додано анонімно\",\"userName\":\"(Анонім)\"}','2015-03-26 20:43:39',3,2,31),(1006,'{\"Content\":\"Голос додано анонімно\",\"userName\":\"(Анонім)\"}','2015-03-27 04:01:08',3,2,185),(1007,'{\"Content\":\"Голос додано анонімно\",\"userName\":\"(Анонім)\"}','2015-03-27 04:01:20',3,2,174),(1008,'{\"Content\":\"Голос додано анонімно\",\"userName\":\"(Анонім)\"}','2015-03-27 06:43:01',3,2,94),(1009,'{\"Content\":\"Голос додано анонімно\",\"userName\":\"(Анонім)\"}','2015-03-27 06:44:13',3,2,95),(1010,'{\"Content\":\"Голос додано анонімно\",\"userName\":\"(Анонім)\"}','2015-03-27 06:45:30',3,2,130),(1011,'{\"Content\":\"Голос додано анонімно\",\"userName\":\"(Анонім)\"}','2015-03-27 16:47:37',3,2,185),(1012,'{\"Content\":\"Голос додано анонімно\",\"userName\":\"(Анонім)\"}','2015-03-27 16:47:46',3,2,174),(1013,'{\"Content\":\"Голос додано анонімно\",\"userName\":\"(Анонім)\"}','2015-03-27 19:02:43',3,2,45),(1014,'{\"Content\":\"Голос додано анонімно\",\"userName\":\"(Анонім)\"}','2015-03-28 07:19:38',3,2,61),(1015,'{\"Content\":\"додав голос\",\"userName\":\"Володимир\",\"userSurname\":\"Янович\"}','2015-03-28 08:38:25',3,114,26),(1016,'{\"Content\":\"Голос додано анонімно\",\"userName\":\"(Анонім)\"}','2015-03-28 11:36:09',3,2,5),(1017,'{\"Content\":\"Проблему створено анонімно\",\"userName\":\"(Анонім)\"}','2015-03-28 13:16:02',1,2,316),(1018,'{\"Content\":\"Голос додано анонімно\",\"userName\":\"(Анонім)\"}','2015-03-28 13:29:03',3,2,186),(1019,'{\"Content\":\"Голос додано анонімно\",\"userName\":\"(Анонім)\"}','2015-03-28 13:29:32',3,2,54),(1020,'{\"Content\":\"Голос додано анонімно\",\"userName\":\"(Анонім)\"}','2015-03-28 14:07:13',3,2,156),(1021,'{\"Content\":\"Голос додано анонімно\",\"userName\":\"(Анонім)\"}','2015-03-28 14:43:17',3,2,127),(1022,'{\"Content\":\"Голос додано анонімно\",\"userName\":\"(Анонім)\"}','2015-03-28 14:43:30',3,2,26),(1023,'{\"Content\":\"Голос додано анонімно\",\"userName\":\"(Анонім)\"}','2015-03-28 17:03:26',3,2,88),(1024,'{\"Content\":\"Голос додано анонімно\",\"userName\":\"(Анонім)\"}','2015-03-29 07:23:23',3,2,185),(1025,'{\"Content\":\"Голос додано анонімно\",\"userName\":\"(Анонім)\"}','2015-03-30 09:57:48',3,2,146),(1026,'{\"Content\":\"Голос додано анонімно\",\"userName\":\"(Анонім)\"}','2015-03-30 12:09:31',3,2,185),(1027,'{\"Content\":\"Голос додано анонімно\",\"userName\":\"(Анонім)\"}','2015-03-30 12:09:39',3,2,174),(1028,'{\"Content\":\"Голос додано анонімно\",\"userName\":\"(Анонім)\"}','2015-03-31 04:52:23',3,2,185),(1029,'{\"Content\":\"Голос додано анонімно\",\"userName\":\"(Анонім)\"}','2015-03-31 04:52:26',3,2,174),(1030,'{\"Content\":\"Голос додано анонімно\",\"userName\":\"(Анонім)\"}','2015-04-01 13:43:06',3,2,185),(1031,'{\"Content\":\"Голос додано анонімно\",\"userName\":\"(Анонім)\"}','2015-04-01 13:43:14',3,2,174),(1032,'{\"Content\":\"Голос додано анонімно\",\"userName\":\"(Анонім)\"}','2015-04-01 16:30:16',3,2,56),(1033,'{\"Content\":\"Голос додано анонімно\",\"userName\":\"(Анонім)\"}','2015-04-01 16:30:58',3,2,74),(1034,'{\"Content\":\"Голос додано анонімно\",\"userName\":\"(Анонім)\"}','2015-04-01 16:58:22',3,2,13),(1035,'{\"Content\":\"Голос додано анонімно\",\"userName\":\"(Анонім)\"}','2015-04-01 17:00:05',3,2,174),(1036,'{\"Content\":\"Голос додано анонімно\",\"userName\":\"(Анонім)\"}','2015-04-01 17:00:12',3,2,185),(1037,'{\"Content\":\"Голос додано анонімно\",\"userName\":\"(Анонім)\"}','2015-04-04 07:08:27',3,2,185),(1038,'{\"Content\":\"Голос додано анонімно\",\"userName\":\"(Анонім)\"}','2015-04-04 07:08:31',3,2,174),(1039,'{\"Content\":\"Голос додано анонімно\",\"userName\":\"(Анонім)\"}','2015-04-04 16:38:56',3,2,185),(1040,'{\"Content\":\"Голос додано анонімно\",\"userName\":\"(Анонім)\"}','2015-04-08 14:06:07',3,2,185),(1041,'{\"Content\":\"додав фото\",\"userName\":\"Igor\",\"userSurname\":\"Tsvetkoff\"}','2015-04-10 07:52:04',4,15,88),(1042,'{\"Content\":\"Голос додано анонімно\",\"userName\":\"(Анонім)\"}','2015-04-11 11:41:39',3,2,185),(1043,'{\"Content\":\"Голос додано анонімно\",\"userName\":\"(Анонім)\"}','2015-04-11 11:41:43',3,2,174),(1044,'{\"Content\":\"додав проблему\",\"userName\":\"Володимир\",\"userSurname\":\"Крижанівський\"}','2015-04-15 16:56:26',1,117,317),(1045,'{\"Content\":\"додав фото\",\"userName\":\"Володимир\",\"userSurname\":\"Крижанівський\"}','2015-04-15 16:57:26',4,117,317),(1046,'{\"Content\":\"додав фото\",\"userName\":\"Володимир\",\"userSurname\":\"Крижанівський\"}','2015-04-15 16:58:41',4,117,317),(1047,'{\"Content\":\"додав фото\",\"userName\":\"Володимир\",\"userSurname\":\"Крижанівський\"}','2015-04-15 16:58:41',4,117,317),(1048,'{\"Content\":\"додав фото\",\"userName\":\"Володимир\",\"userSurname\":\"Крижанівський\"}','2015-04-15 16:58:41',4,117,317),(1049,'{\"Content\":\"додав фото\",\"userName\":\"Володимир\",\"userSurname\":\"Крижанівський\"}','2015-04-15 16:58:41',4,117,317),(1050,'{\"Content\":\"додав голос\",\"userName\":\"Володимир\",\"userSurname\":\"Крижанівський\"}','2015-04-15 17:00:48',3,117,317),(1051,'{\"Content\":\"додав проблему\",\"userName\":\"Володимир\",\"userSurname\":\"Крижанівський\"}','2015-04-15 17:56:38',1,117,318),(1052,'{\"Content\":\"додав фото\",\"userName\":\"Володимир\",\"userSurname\":\"Крижанівський\"}','2015-04-15 17:57:09',4,117,318),(1053,'{\"Content\":\"додав фото\",\"userName\":\"Володимир\",\"userSurname\":\"Крижанівський\"}','2015-04-15 17:58:35',4,117,318),(1054,'{\"Content\":\"додав фото\",\"userName\":\"Володимир\",\"userSurname\":\"Крижанівський\"}','2015-04-15 18:00:05',4,117,318),(1055,'{\"Content\":\"Голос додано анонімно\",\"userName\":\"(Анонім)\"}','2015-04-15 18:04:07',3,2,318),(1056,'{\"Content\":\"Голос додано анонімно\",\"userName\":\"(Анонім)\"}','2015-04-16 05:26:15',3,2,241),(1057,'{\"Content\":\"додав фото\",\"userName\":\"Bogdan\",\"userSurname\":\"Kurinniy\"}','2015-04-17 07:46:03',4,118,156),(1058,'{\"Content\":\"Голос додано анонімно\",\"userName\":\"(Анонім)\"}','2015-04-17 12:31:08',3,2,185),(1059,'{\"Content\":\"Голос додано анонімно\",\"userName\":\"(Анонім)\"}','2015-04-17 19:30:19',3,2,241),(1060,'{\"Content\":\"Голос додано анонімно\",\"userName\":\"(Анонім)\"}','2015-04-17 19:36:43',3,2,195),(1061,'{\"Content\":\"Голос додано анонімно\",\"userName\":\"(Анонім)\"}','2015-04-19 09:02:50',3,2,185),(1062,'{\"Content\":\"Голос додано анонімно\",\"userName\":\"(Анонім)\"}','2015-04-19 09:03:00',3,2,174),(1063,'{\"Content\":\"додав проблему\",\"userName\":\"Мальвіна\",\"userSurname\":\"Шинкарчук\"}','2015-04-20 22:29:14',1,119,319),(1064,'{\"Content\":\"Голос додано анонімно\",\"userName\":\"(Анонім)\"}','2015-04-21 13:13:28',3,2,316),(1065,'{\"Content\":\"Проблему створено анонімно\",\"userName\":\"(Анонім)\"}','2015-04-21 14:30:43',1,2,320),(1066,'{\"Content\":\"Голос додано анонімно\",\"userName\":\"(Анонім)\"}','2015-04-22 05:03:32',3,2,312),(1067,'{\"Content\":\"Голос додано анонімно\",\"userName\":\"(Анонім)\"}','2015-04-22 05:03:56',3,2,313),(1068,'{\"Content\":\"Голос додано анонімно\",\"userName\":\"(Анонім)\"}','2015-04-22 05:04:06',3,2,185),(1069,'{\"Content\":\"Голос додано анонімно\",\"userName\":\"(Анонім)\"}','2015-04-22 05:04:11',3,2,174),(1070,'{\"Content\":\"Голос додано анонімно\",\"userName\":\"(Анонім)\"}','2015-04-22 05:28:24',3,2,173),(1071,'{\"Content\":\"Проблему створено анонімно\",\"userName\":\"(Анонім)\"}','2015-04-22 05:55:14',1,2,321),(1072,'{\"Content\":\"Голос додано анонімно\",\"userName\":\"(Анонім)\"}','2015-04-24 08:59:10',3,2,212),(1073,'{\"Content\":\"Голос додано анонімно\",\"userName\":\"(Анонім)\"}','2015-04-24 08:59:13',3,2,213),(1074,'{\"Content\":\"Голос додано анонімно\",\"userName\":\"(Анонім)\"}','2015-04-24 08:59:20',3,2,230),(1075,'{\"Content\":\"Проблему створено анонімно\",\"userName\":\"(Анонім)\"}','2015-04-24 14:29:15',1,2,322),(1076,'{\"Content\":\"Проблему створено анонімно\",\"userName\":\"(Анонім)\"}','2015-04-26 13:18:59',1,2,323),(1077,'{\"Content\":\"Проблему створено анонімно\",\"userName\":\"(Анонім)\"}','2015-04-27 13:53:11',1,2,324),(1078,'{\"Content\":\"Голос додано анонімно\",\"userName\":\"(Анонім)\"}','2015-04-28 05:58:19',3,2,217),(1079,'{\"Content\":\"Голос додано анонімно\",\"userName\":\"(Анонім)\"}','2015-04-28 05:59:00',3,2,164),(1080,'{\"Content\":\"Голос додано анонімно\",\"userName\":\"(Анонім)\"}','2015-04-28 05:59:29',3,2,34),(1081,'{\"Content\":\"Голос додано анонімно\",\"userName\":\"(Анонім)\"}','2015-04-28 06:00:21',3,2,226),(1082,'{\"Content\":\"Голос додано анонімно\",\"userName\":\"(Анонім)\"}','2015-04-28 06:07:46',3,2,93),(1083,'{\"Content\":\"Голос додано анонімно\",\"userName\":\"(Анонім)\"}','2015-04-28 06:09:19',3,2,195),(1084,'{\"Content\":\"Голос додано анонімно\",\"userName\":\"(Анонім)\"}','2015-04-28 06:09:33',3,2,216),(1085,'{\"Content\":\"Голос додано анонімно\",\"userName\":\"(Анонім)\"}','2015-04-28 12:57:19',3,2,34),(1086,'{\"Content\":\"Голос додано анонімно\",\"userName\":\"(Анонім)\"}','2015-04-29 07:18:20',3,2,241),(1087,'{\"Content\":\"Голос додано анонімно\",\"userName\":\"(Анонім)\"}','2015-04-30 09:50:43',3,2,175),(1088,'{\"Content\":\"Голос додано анонімно\",\"userName\":\"(Анонім)\"}','2015-04-30 09:52:35',3,2,18),(1089,'{\"Content\":\"Голос додано анонімно\",\"userName\":\"(Анонім)\"}','2015-04-30 09:53:17',3,2,12),(1090,'{\"Content\":\"Голос додано анонімно\",\"userName\":\"(Анонім)\"}','2015-05-01 14:11:29',3,2,185),(1091,'{\"Content\":\"Голос додано анонімно\",\"userName\":\"(Анонім)\"}','2015-05-01 14:11:44',3,2,174),(1092,'{\"Content\":\"додав фото\",\"userName\":\"Лілія \",\"userSurname\":\"Квак\"}','2015-05-01 14:14:09',4,103,185),(1093,'{\"Content\":\"додав фото\",\"userName\":\"Лілія \",\"userSurname\":\"Квак\"}','2015-05-01 14:15:15',4,103,185),(1094,'{\"Content\":\"додав голос\",\"userName\":\"Володимир\",\"userSurname\":\"Крижанівський\"}','2015-05-04 06:24:29',3,117,317),(1095,'{\"Content\":\"додав голос\",\"userName\":\"Володимир\",\"userSurname\":\"Крижанівський\"}','2015-05-04 06:39:16',3,117,318),(1096,'{\"Content\":\"додав голос\",\"userName\":\"Лілія \",\"userSurname\":\"Квак\"}','2015-05-05 14:48:48',3,103,185),(1097,'{\"Content\":\"Голос додано анонімно\",\"userName\":\"(Анонім)\"}','2015-05-08 08:57:56',3,2,184),(1098,'{\"Content\":\"Проблему створено анонімно\",\"userName\":\"(Анонім)\"}','2015-05-09 17:53:58',1,2,325),(1099,'{\"Content\":\"Голос додано анонімно\",\"userName\":\"(Анонім)\"}','2015-05-09 17:54:45',3,2,172),(1100,'{\"Content\":\"Голос додано анонімно\",\"userName\":\"(Анонім)\"}','2015-05-09 17:55:25',3,2,171),(1101,'{\"Content\":\"Голос додано анонімно\",\"userName\":\"(Анонім)\"}','2015-05-12 06:49:22',3,2,229),(1102,'{\"Content\":\"Голос додано анонімно\",\"userName\":\"(Анонім)\"}','2015-05-12 09:29:23',3,2,172),(1103,'{\"Content\":\"Проблему створено анонімно\",\"userName\":\"(Анонім)\"}','2015-05-13 08:34:30',1,2,326),(1104,'{\"Content\":\"Голос додано анонімно\",\"userName\":\"(Анонім)\"}','2015-05-13 09:19:53',3,2,325),(1105,'{\"Content\":\"Голос додано анонімно\",\"userName\":\"(Анонім)\"}','2015-05-13 16:44:16',3,2,185),(1106,'{\"Content\":\"додав проблему\",\"userName\":\"Віка\",\"userSurname\":\"Шутяк\"}','2015-05-14 10:32:17',1,124,327),(1107,'{\"Content\":\"Голос додано анонімно\",\"userName\":\"(Анонім)\"}','2015-05-14 12:01:45',3,2,19),(1108,'{\"Content\":\"Голос додано анонімно\",\"userName\":\"(Анонім)\"}','2015-05-14 12:03:06',3,2,173),(1110,'{\"Content\":\"додав проблему\",\"userName\":\"Вікторія\",\"userSurname\":\"Хлян\"}','2015-05-14 13:19:56',1,125,329),(1111,'{\"Content\":\"Проблему створено анонімно\",\"userName\":\"(Анонім)\"}','2015-05-14 14:53:57',1,2,330),(1112,'{\"Content\":\"додав проблему\",\"userName\":\"Вікторія \",\"userSurname\":\"Баран\"}','2015-05-14 15:26:10',1,127,331),(1113,'{\"Content\":\"додав фото\",\"userName\":\"Вікторія \",\"userSurname\":\"Баран\"}','2015-05-14 15:26:56',4,127,331),(1114,'{\"Content\":\"додав проблему\",\"userName\":\"Вероніка \",\"userSurname\":\"Вайда\"}','2015-05-14 16:01:50',1,128,332),(1115,'{\"Content\":\"Проблему створено анонімно\",\"userName\":\"(Анонім)\"}','2015-05-15 06:40:15',1,2,333),(1116,'{\"Content\":\"Голос додано анонімно\",\"userName\":\"(Анонім)\"}','2015-05-15 06:41:39',3,2,131),(1117,'{\"Content\":\"Голос додано анонімно\",\"userName\":\"(Анонім)\"}','2015-05-15 07:12:24',3,2,333),(1118,'{\"Content\":\"Проблему створено анонімно\",\"userName\":\"(Анонім)\"}','2015-05-16 13:05:00',1,2,334),(1119,'{\"Content\":\"додав проблему\",\"userName\":\"Ірина \",\"userSurname\":\"Мельничук\"}','2015-05-16 13:12:37',1,129,335),(1120,'{\"Content\":\"додав голос\",\"userName\":\"Ірина \",\"userSurname\":\"Мельничук\"}','2015-05-16 13:25:09',3,129,335),(1121,'{\"Content\":\"додав проблему\",\"userName\":\"Ірина \",\"userSurname\":\"Мельничук\"}','2015-05-16 13:31:24',1,129,336),(1122,'{\"Content\":\"додав проблему\",\"userName\":\"Ірина \",\"userSurname\":\"Мельничук \"}','2015-05-16 13:46:28',1,131,337),(1123,'{\"Content\":\"Голос додано анонімно\",\"userName\":\"(Анонім)\"}','2015-05-16 17:07:13',3,2,185),(1124,'{\"Content\":\"додав проблему\",\"userName\":\"Yulia\",\"userSurname\":\"Mytsyk\"}','2015-05-16 19:55:27',1,132,338),(1125,'{\"Content\":\"Голос додано анонімно\",\"userName\":\"(Анонім)\"}','2015-05-17 07:54:46',3,2,316),(1126,'{\"Content\":\"Проблему створено анонімно\",\"userName\":\"(Анонім)\"}','2015-05-17 08:00:59',1,2,339),(1127,'{\"Content\":\"додав проблему\",\"userName\":\"Павло\",\"userSurname\":\"Костюк\"}','2015-05-17 08:04:54',1,133,340),(1128,'{\"Content\":\"додав голос\",\"userName\":\"Павло\",\"userSurname\":\"Костюк\"}','2015-05-17 08:05:55',3,133,340),(1129,'{\"Content\":\"додав проблему\",\"userName\":\"Лілія\",\"userSurname\":\"Вовчко\"}','2015-05-17 13:49:02',1,135,341),(1130,'{\"Content\":\"додав проблему\",\"userName\":\"Лілія\",\"userSurname\":\"Вовчко\"}','2015-05-17 14:17:17',1,135,342),(1131,'{\"Content\":\"Проблему створено анонімно\",\"userName\":\"(Анонім)\"}','2015-05-17 14:36:29',1,2,343),(1132,'{\"Content\":\"додав проблему\",\"userName\":\"Мирослава\",\"userSurname\":\"Велика\"}','2015-05-17 15:40:41',1,136,344),(1133,'{\"Content\":\"додав голос\",\"userName\":\"Мирослава\",\"userSurname\":\"Велика\"}','2015-05-17 16:15:37',3,136,344),(1134,'{\"Content\":\"додав проблему\",\"userName\":\"Дмитро\",\"userSurname\":\"Андрушкевич\"}','2015-05-17 16:44:17',1,137,345),(1135,'{\"Content\":\"додав проблему\",\"userName\":\"леся\",\"userSurname\":\"фірич\"}','2015-05-17 16:58:11',1,138,346),(1136,'{\"Content\":\"додав проблему\",\"userName\":\"Лілія\",\"userSurname\":\"Зубак\"}','2015-05-17 18:49:12',1,139,347),(1137,'{\"Content\":\"додав проблему\",\"userName\":\"христина \",\"userSurname\":\"садовець\"}','2015-05-17 19:40:09',1,141,348),(1138,'{\"Content\":\"додав проблему\",\"userName\":\"Ольга \",\"userSurname\":\"Кунець\"}','2015-05-18 02:59:58',1,142,349),(1139,'{\"Content\":\"додав голос\",\"userName\":\"Ольга \",\"userSurname\":\"Кунець\"}','2015-05-18 03:02:12',3,142,349),(1140,'{\"Content\":\"додав проблему\",\"userName\":\"лілія\",\"userSurname\":\"Зубак\"}','2015-05-18 04:54:09',1,143,350),(1141,'{\"Content\":\"додав фото\",\"userName\":\"лілія\",\"userSurname\":\"Зубак\"}','2015-05-18 05:02:27',4,143,350),(1142,'{\"Content\":\"Проблему створено анонімно\",\"userName\":\"(Анонім)\"}','2015-05-19 12:47:27',1,2,351),(1143,'{\"Content\":\"Голос додано анонімно\",\"userName\":\"(Анонім)\"}','2015-05-19 14:19:45',3,2,325),(1144,'{\"Content\":\"Голос додано анонімно\",\"userName\":\"(Анонім)\"}','2015-05-19 14:20:16',3,2,172),(1145,'{\"Content\":\"Голос додано анонімно\",\"userName\":\"(Анонім)\"}','2015-05-20 04:13:27',3,2,146),(1146,'{\"Content\":\"Голос додано анонімно\",\"userName\":\"(Анонім)\"}','2015-05-20 16:51:46',3,2,185),(1147,'{\"Content\":\"Голос додано анонімно\",\"userName\":\"(Анонім)\"}','2015-05-20 16:52:22',3,2,174),(1148,'{\"Content\":\"Проблему створено анонімно\",\"userName\":\"(Анонім)\"}','2015-05-20 16:59:11',1,2,352),(1149,'{\"Content\":\"додав проблему\",\"userName\":\"Лілія \",\"userSurname\":\"Квак\"}','2015-05-21 14:35:23',1,103,353),(1150,'{\"Content\":\"На території ботанічного заказника, де багато червонокнижних рослин,  випасають худобу\",\"userName\":\"Лілія \",\"userSurname\":\"Квак\"}','2015-05-21 14:39:04',5,103,353),(1151,'{\"Content\":\"додав голос\",\"userName\":\"Лілія \",\"userSurname\":\"Квак\"}','2015-05-21 14:45:44',3,103,353),(1152,'{\"Content\":\"Голос додано анонімно\",\"userName\":\"(Анонім)\"}','2015-05-21 20:40:11',3,2,55),(1153,'{\"Content\":\"Голос додано анонімно\",\"userName\":\"(Анонім)\"}','2015-05-21 20:41:08',3,2,116),(1154,'{\"Content\":\"Голос додано анонімно\",\"userName\":\"(Анонім)\"}','2015-05-22 07:14:40',3,2,185),(1155,'{\"Content\":\"Голос додано анонімно\",\"userName\":\"(Анонім)\"}','2015-05-22 07:14:47',3,2,174),(1156,'{\"Content\":\"Голос додано анонімно\",\"userName\":\"(Анонім)\"}','2015-05-22 07:15:05',3,2,353),(1157,'{\"Content\":\"Голос додано анонімно\",\"userName\":\"(Анонім)\"}','2015-05-22 10:27:28',3,2,14),(1158,'{\"Content\":\"Голос додано анонімно\",\"userName\":\"(Анонім)\"}','2015-05-22 12:44:29',3,2,131),(1159,'{\"Content\":\"додав проблему\",\"userName\":\"Євген\",\"userSurname\":\"Довбуш\"}','2015-05-22 12:48:29',1,145,354),(1160,'{\"Content\":\"*100 тисяч тонн (помилився в заголовку). Якщо бути точнішим то 197,4 тисяч тонн, що мають бути вивезені - за інформацією видання Велика Епоха (EpochTimes.com.ua), якому такі цифри назвали в Департаменті промисловості та розвитку підприємництва при КМДА у відповіді на інформаційний зfпит..\",\"userName\":\"Євген\",\"userSurname\":\"Довбуш\"}','2015-05-22 12:51:25',5,145,354),(1161,'{\"Content\":\"Незаконна вирубка цінних і рідкісних видів дерев, без надання на це окремих документів чи дозволів.\",\"userName\":\"Марина\",\"userSurname\":\"Дроздовська\"}','2015-05-24 16:55:23',5,146,250),(1162,'{\"Content\":\"Голос додано анонімно\",\"userName\":\"(Анонім)\"}','2015-05-26 14:48:59',3,2,185),(1163,'{\"Content\":\"Голос додано анонімно\",\"userName\":\"(Анонім)\"}','2015-05-26 14:49:04',3,2,174),(1164,'{\"Content\":\"Голос додано анонімно\",\"userName\":\"(Анонім)\"}','2015-05-26 16:56:00',3,2,325),(1165,'{\"Content\":\"Голос додано анонімно\",\"userName\":\"(Анонім)\"}','2015-05-26 16:56:17',3,2,172),(1166,'{\"Content\":\"додав проблему\",\"userName\":\"Андрій\",\"userSurname\":\"Подібка\"}','2015-05-27 12:06:27',1,149,355),(1167,'{\"Content\":\"додав голос\",\"userName\":\"Андрій\",\"userSurname\":\"Подібка\"}','2015-05-27 12:10:36',3,149,355),(1168,'{\"Content\":\"Голос додано анонімно\",\"userName\":\"(Анонім)\"}','2015-05-29 06:14:49',3,2,244),(1169,'{\"Content\":\"Проблему створено анонімно\",\"userName\":\"(Анонім)\"}','2015-05-29 06:31:17',1,2,356),(1170,'{\"Content\":\"додав проблему\",\"userName\":\"Юрий\",\"userSurname\":\"Семенцов\"}','2015-05-29 16:55:39',1,150,357),(1171,'{\"Content\":\"Голос додано анонімно\",\"userName\":\"(Анонім)\"}','2015-05-31 14:17:16',3,2,164),(1172,'{\"Content\":\"Голос додано анонімно\",\"userName\":\"(Анонім)\"}','2015-06-01 12:07:33',3,2,325),(1173,'{\"Content\":\"Голос додано анонімно\",\"userName\":\"(Анонім)\"}','2015-06-01 12:07:41',3,2,172),(1174,'{\"Content\":\"Проблему створено анонімно\",\"userName\":\"(Анонім)\"}','2015-06-02 12:28:18',1,2,358),(1175,'{\"Content\":\"Голос додано анонімно\",\"userName\":\"(Анонім)\"}','2015-06-02 15:58:04',3,2,353),(1176,'{\"Content\":\"Голос додано анонімно\",\"userName\":\"(Анонім)\"}','2015-06-03 12:36:22',3,2,241),(1177,'{\"Content\":\"додав проблему\",\"userName\":\"Микита\",\"userSurname\":\"Жук\"}','2015-06-03 12:46:25',1,152,359),(1178,'{\"Content\":\"Два питання: 1. Уподобання штучно накручено? 2. Проблема вирішена?\",\"userName\":\"Лесь\",\"userSurname\":\"Баськов\"}','2015-06-04 10:55:47',5,153,185),(1179,'{\"Content\":\"Голос додано анонімно\",\"userName\":\"(Анонім)\"}','2015-06-05 16:45:14',3,2,217),(1180,'{\"Content\":\"Голос додано анонімно\",\"userName\":\"(Анонім)\"}','2015-06-07 18:55:31',3,2,34),(1181,'{\"Content\":\"Голос додано анонімно\",\"userName\":\"(Анонім)\"}','2015-06-07 18:55:46',3,2,164),(1182,'{\"Content\":\"Голос додано анонімно\",\"userName\":\"(Анонім)\"}','2015-06-07 19:08:45',3,2,93),(1183,'{\"Content\":\"Голос додано анонімно\",\"userName\":\"(Анонім)\"}','2015-06-07 19:09:09',3,2,226),(1184,'{\"Content\":\"додав проблему\",\"userName\":\"Anna\",\"userSurname\":\"Vilde\"}','2015-06-08 16:21:54',1,159,360),(1185,'{\"Content\":\"Голос додано анонімно\",\"userName\":\"(Анонім)\"}','2015-06-09 10:54:07',3,2,94),(1186,'{\"Content\":\"Голос додано анонімно\",\"userName\":\"(Анонім)\"}','2015-06-09 10:54:14',3,2,130),(1187,'{\"Content\":\"Голос додано анонімно\",\"userName\":\"(Анонім)\"}','2015-06-09 10:54:25',3,2,95),(1188,'{\"Content\":\"додав голос\",\"userName\":\"Vasyl\",\"userSurname\":\"Kotsiuba\"}','2015-06-09 14:19:42',3,81,320),(1189,'{\"Content\":\"додав фото\",\"userName\":\"Vasyl\",\"userSurname\":\"Kotsiuba\"}','2015-06-09 14:20:06',4,81,320),(1191,'{\"Content\":\"додав проблему\",\"userName\":\"Vasyl\",\"userSurname\":\"Kotsiuba\"}','2015-06-09 14:23:43',1,81,361),(1192,'{\"Content\":\"додав голос\",\"userName\":\"Vasyl\",\"userSurname\":\"Kotsiuba\"}','2015-06-09 14:23:55',3,81,361),(1193,'{\"Content\":\"Голос додано анонімно\",\"userName\":\"(Анонім)\"}','2015-06-09 16:42:22',3,2,361),(1194,'{\"Content\":\"додав проблему\",\"userName\":\"Konstantin\",\"userSurname\":\"Yarmolenko\"}','2015-06-10 18:43:44',1,160,362),(1195,'{\"Content\":\"додав голос\",\"userName\":\"Konstantin\",\"userSurname\":\"Yarmolenko\"}','2015-06-11 04:46:57',3,160,179),(1196,'{\"Content\":\"додав проблему\",\"userName\":\"Konstantin\",\"userSurname\":\"Yarmolenko\"}','2015-06-11 07:35:32',1,160,363),(1197,'{\"Content\":\"додав проблему\",\"userName\":\"Konstantin\",\"userSurname\":\"Yarmolenko\"}','2015-06-11 07:56:17',1,160,364),(1198,'{\"Content\":\"Голос додано анонімно\",\"userName\":\"(Анонім)\"}','2015-06-11 10:46:10',3,2,257),(1199,'{\"Content\":\"Голос додано анонімно\",\"userName\":\"(Анонім)\"}','2015-06-11 10:46:21',3,2,261),(1200,'{\"Content\":\"По этому парку создана рабочая группа, которая занимается не только его благоустройством, но и защитой от вырубки. Более подробно есть в группах ВК.\",\"userName\":\"Саша\",\"userSurname\":\"Чёрный\"}','2015-06-12 08:53:45',5,161,244),(1201,'{\"Content\":\"додав проблему\",\"userName\":\"Саша\",\"userSurname\":\"Чёрный\"}','2015-06-12 08:57:44',1,161,365),(1202,'{\"Content\":\"Карта лаганула немного. Вырубка последный раз проводилась приблизителньо напротив дома по адресу Бульвар Ивана Каркача 55\",\"userName\":\"Саша\",\"userSurname\":\"Чёрный\"}','2015-06-12 08:59:11',5,161,365),(1203,'{\"Content\":\"додав голос\",\"userName\":\"Саша\",\"userSurname\":\"Чёрный\"}','2015-06-12 09:00:39',3,161,365),(1204,'{\"Content\":\"додав голос\",\"userName\":\"Саша\",\"userSurname\":\"Чёрный\"}','2015-06-12 09:00:45',3,161,244),(1205,'{\"Content\":\"Голос додано анонімно\",\"userName\":\"(Анонім)\"}','2015-06-13 05:46:23',3,2,325),(1206,'{\"Content\":\"Голос додано анонімно\",\"userName\":\"(Анонім)\"}','2015-06-13 05:46:32',3,2,172),(1207,'{\"Content\":\"Голос додано анонімно\",\"userName\":\"(Анонім)\"}','2015-06-13 08:44:42',3,2,164),(1208,'{\"Content\":\"Голос додано анонімно\",\"userName\":\"(Анонім)\"}','2015-06-13 08:49:27',3,2,134),(1209,'{\"Content\":\"Голос додано анонімно\",\"userName\":\"(Анонім)\"}','2015-06-13 11:09:08',3,2,244),(1210,'{\"Content\":\"Проблему створено анонімно\",\"userName\":\"(Анонім)\"}','2015-06-17 10:32:57',1,2,366),(1211,'{\"Content\":\"Голос додано анонімно\",\"userName\":\"(Анонім)\"}','2015-06-17 12:14:05',3,2,1),(1212,'{\"Content\":\"Голос додано анонімно\",\"userName\":\"(Анонім)\"}','2015-06-17 13:11:19',3,2,45),(1213,'{\"Content\":\"Проблему створено анонімно\",\"userName\":\"(Анонім)\"}','2015-06-17 15:24:04',1,2,367),(1214,'{\"Content\":\"Голос додано анонімно\",\"userName\":\"(Анонім)\"}','2015-06-19 17:43:49',3,2,325),(1215,'{\"Content\":\"Голос додано анонімно\",\"userName\":\"(Анонім)\"}','2015-06-20 20:13:31',3,2,56),(1216,'{\"Content\":\"Голос додано анонімно\",\"userName\":\"(Анонім)\"}','2015-06-22 17:38:00',3,2,164),(1217,'{\"Content\":\"Голос додано анонімно\",\"userName\":\"(Анонім)\"}','2015-06-22 17:38:17',3,2,34),(1218,'{\"Content\":\"Голос додано анонімно\",\"userName\":\"(Анонім)\"}','2015-06-22 17:39:15',3,2,226),(1219,'{\"Content\":\"Голос додано анонімно\",\"userName\":\"(Анонім)\"}','2015-06-22 17:40:46',3,2,59),(1220,'{\"Content\":\"Голос додано анонімно\",\"userName\":\"(Анонім)\"}','2015-06-22 17:41:12',3,2,42),(1221,'{\"Content\":\"Голос додано анонімно\",\"userName\":\"(Анонім)\"}','2015-06-22 17:45:21',3,2,34),(1222,'{\"Content\":\"Голос додано анонімно\",\"userName\":\"(Анонім)\"}','2015-06-23 04:01:22',3,2,34),(1223,'{\"Content\":\"додав голос\",\"userName\":\"test\",\"userSurname\":\"test\"}','2015-06-23 06:20:37',3,165,360),(1224,'{\"Content\":\"додав голос\",\"userName\":\"test\",\"userSurname\":\"test\"}','2015-06-23 06:22:36',3,165,251),(1225,'{\"Content\":\"додав голос\",\"userName\":\"test\",\"userSurname\":\"test\"}','2015-06-23 06:25:32',3,165,176),(1226,'{\"Content\":\"Голос додано анонімно\",\"userName\":\"(Анонім)\"}','2015-06-24 03:23:35',3,2,202),(1227,'{\"Content\":\"додав голос\",\"userName\":\"аол\",\"userSurname\":\"аол\"}','2015-06-24 06:14:52',3,166,362),(1228,'{\"Content\":\"Голос додано анонімно\",\"userName\":\"(Анонім)\"}','2015-06-25 10:02:05',3,2,199),(1229,'{\"Content\":\"Голос додано анонімно\",\"userName\":\"(Анонім)\"}','2015-06-25 10:02:41',3,2,4),(1230,'{\"Content\":\"додав фото\",\"userName\":\"Igor\",\"userSurname\":\"Tsvetkoff\"}','2015-06-25 12:12:23',4,15,145),(1231,'{\"Content\":\"Голос додано анонімно\",\"userName\":\"(Анонім)\"}','2015-06-25 18:11:40',3,2,325),(1232,'{\"Content\":\"Голос додано анонімно\",\"userName\":\"(Анонім)\"}','2015-06-25 18:11:52',3,2,172),(1233,'{\"Content\":\"Голос додано анонімно\",\"userName\":\"(Анонім)\"}','2015-06-25 18:38:41',3,2,31),(1234,'{\"Content\":\"Голос додано анонімно\",\"userName\":\"(Анонім)\"}','2015-06-28 07:43:39',3,2,127),(1235,'{\"Content\":\"Голос додано анонімно\",\"userName\":\"(Анонім)\"}','2015-06-28 07:43:52',3,2,26),(1236,'{\"Content\":\"Голос додано анонімно\",\"userName\":\"(Анонім)\"}','2015-07-02 07:33:24',3,2,185),(1237,'{\"Content\":\"Голос додано анонімно\",\"userName\":\"(Анонім)\"}','2015-07-02 19:57:48',3,2,31),(1238,'{\"Content\":\"Голос додано анонімно\",\"userName\":\"(Анонім)\"}','2015-07-04 19:20:48',3,2,34),(1239,'{\"Content\":\"Голос додано анонімно\",\"userName\":\"(Анонім)\"}','2015-07-04 19:24:52',3,2,164),(1240,'{\"Content\":\"Голос додано анонімно\",\"userName\":\"(Анонім)\"}','2015-07-04 19:25:11',3,2,217),(1241,'{\"Content\":\"Голос додано анонімно\",\"userName\":\"(Анонім)\"}','2015-07-04 19:25:44',3,2,42),(1242,'{\"Content\":\"Голос додано анонімно\",\"userName\":\"(Анонім)\"}','2015-07-04 19:26:14',3,2,39),(1243,'{\"Content\":\"Голос додано анонімно\",\"userName\":\"(Анонім)\"}','2015-07-04 19:26:21',3,2,118),(1244,'{\"Content\":\"Голос додано анонімно\",\"userName\":\"(Анонім)\"}','2015-07-04 19:26:34',3,2,304),(1245,'{\"Content\":\"Голос додано анонімно\",\"userName\":\"(Анонім)\"}','2015-07-04 19:27:13',3,2,102),(1246,'{\"Content\":\"Голос додано анонімно\",\"userName\":\"(Анонім)\"}','2015-07-05 09:02:33',3,2,34),(1247,'{\"Content\":\"Голос додано анонімно\",\"userName\":\"(Анонім)\"}','2015-07-05 10:15:00',3,2,34),(1248,'{\"Content\":\"Голос додано анонімно\",\"userName\":\"(Анонім)\"}','2015-07-05 10:15:00',3,2,34),(1249,'{\"Content\":\"Голос додано анонімно\",\"userName\":\"(Анонім)\"}','2015-07-05 14:27:43',3,2,34),(1250,'{\"Content\":\"Голос додано анонімно\",\"userName\":\"(Анонім)\"}','2015-07-05 15:52:17',3,2,230),(1251,'{\"Content\":\"Голос додано анонімно\",\"userName\":\"(Анонім)\"}','2015-07-06 06:05:16',3,2,241),(1252,'{\"Content\":\"Проблему створено анонімно\",\"userName\":\"(Анонім)\"}','2015-07-07 13:20:37',1,2,368),(1253,'{\"Content\":\"додав голос\",\"userName\":\"Vasyl\",\"userSurname\":\"Kotsiuba\"}','2015-07-09 07:37:33',3,81,56),(1254,'{\"Content\":\"Проблему створено анонімно\",\"userName\":\"(Анонім)\"}','2015-07-10 10:53:18',1,2,369),(1255,'{\"Content\":\"Голос додано анонімно\",\"userName\":\"(Анонім)\"}','2015-07-12 11:01:21',3,2,34),(1256,'{\"Content\":\"Голос додано анонімно\",\"userName\":\"(Анонім)\"}','2015-07-13 05:05:25',3,2,368),(1257,'{\"Content\":\"Голос додано анонімно\",\"userName\":\"(Анонім)\"}','2015-07-13 05:06:38',3,2,221),(1258,'{\"Content\":\"Голос додано анонімно\",\"userName\":\"(Анонім)\"}','2015-07-14 13:57:31',3,2,342),(1259,'{\"Content\":\"Голос додано анонімно\",\"userName\":\"(Анонім)\"}','2015-07-14 16:27:35',3,2,7),(1260,'{\"Content\":\"Голос додано анонімно\",\"userName\":\"(Анонім)\"}','2015-07-15 12:02:38',3,2,71);
/*!40000 ALTER TABLE `Activities` ENABLE KEYS */;
UNLOCK TABLES;

--
-- Table structure for table `ActivityTypes`
--

DROP TABLE IF EXISTS `ActivityTypes`;
/*!40101 SET @saved_cs_client     = @@character_set_client */;
/*!40101 SET character_set_client = utf8 */;
CREATE TABLE `ActivityTypes` (
  `Id` int(11) NOT NULL AUTO_INCREMENT,
  `Name` varchar(45) DEFAULT NULL,
  PRIMARY KEY (`Id`)
) ENGINE=InnoDB AUTO_INCREMENT=6 DEFAULT CHARSET=utf8;
/*!40101 SET character_set_client = @saved_cs_client */;

--
-- Dumping data for table `ActivityTypes`
--

LOCK TABLES `ActivityTypes` WRITE;
/*!40000 ALTER TABLE `ActivityTypes` DISABLE KEYS */;
INSERT INTO `ActivityTypes` VALUES (1,'addProblem'),(2,'editProblem'),(3,'voteForProblem'),(4,'postPhoto'),(5,'postComment');
/*!40000 ALTER TABLE `ActivityTypes` ENABLE KEYS */;
UNLOCK TABLES;

--
-- Table structure for table `News`
--

DROP TABLE IF EXISTS `News`;
/*!40101 SET @saved_cs_client     = @@character_set_client */;
/*!40101 SET character_set_client = utf8 */;
CREATE TABLE `News` (
  `Id` int(11) NOT NULL AUTO_INCREMENT,
  `Content` varchar(10000) NOT NULL,
  PRIMARY KEY (`Id`)
) ENGINE=InnoDB AUTO_INCREMENT=14 DEFAULT CHARSET=utf8;
/*!40101 SET character_set_client = @saved_cs_client */;

--
-- Dumping data for table `News`
--

LOCK TABLES `News` WRITE;
/*!40000 ALTER TABLE `News` DISABLE KEYS */;
INSERT INTO `News` VALUES (4,'Як добитись ліквідації незаконного звалища? Дивіться у розділі ресурси!'),(5,'Торгують первоцвітами - телефонуй: 102-187!'),(6,'Як організувати прибирання в парку? Дивіться у розділі ресурси!'),(7,'Як зупинити комерційну експлуатацію тварин?\nДивіться у розділі ресурси!'),(8,'Як захистити зелені зони від забудови? Дивіться у розділі ресурси!'),(9,'Як зупинити жорстоке поводження з тваринами? Дивіться у розділі “Ресурси”!'),(11,'Як зупинити незаконну забудову? \nДивіться у розділі \"Ресурси\"!'),(12,'Як відрізнити браконьєрську ялинку від законної? Дивіться у розділі \"Ресурси\"!'),(13,'Як боротися із забрудненням від заводів? Дивіться у розділі \"Ресурси\"!');
/*!40000 ALTER TABLE `News` ENABLE KEYS */;
UNLOCK TABLES;

--
-- Table structure for table `Photos`
--

DROP TABLE IF EXISTS `Photos`;
/*!40101 SET @saved_cs_client     = @@character_set_client */;
/*!40101 SET character_set_client = utf8 */;
CREATE TABLE `Photos` (
  `Id` int(11) NOT NULL AUTO_INCREMENT,
  `Link` varchar(100) DEFAULT NULL,
  `Status` tinyint(1) DEFAULT NULL,
  `Description` varchar(200) DEFAULT NULL,
  `Problems_Id` int(11) NOT NULL,
  `Users_Id` int(11) DEFAULT NULL,
  PRIMARY KEY (`Id`,`Problems_Id`),
  KEY `fk_Photos_Problems1_idx` (`Problems_Id`),
  KEY `fk_Photos_Users1_idx` (`Users_Id`),
  CONSTRAINT `fk_Photos_Problems1` FOREIGN KEY (`Problems_Id`) REFERENCES `Problems` (`Id`) ON DELETE CASCADE ON UPDATE NO ACTION,
  CONSTRAINT `fk_Photos_Users1` FOREIGN KEY (`Users_Id`) REFERENCES `Users` (`Id`) ON DELETE SET NULL ON UPDATE NO ACTION
) ENGINE=InnoDB AUTO_INCREMENT=144 DEFAULT CHARSET=utf8;
/*!40101 SET character_set_client = @saved_cs_client */;

--
-- Dumping data for table `Photos`
--

LOCK TABLES `Photos` WRITE;
/*!40000 ALTER TABLE `Photos` DISABLE KEYS */;
INSERT INTO `Photos` VALUES (1,'8e44ed4231e6a0a5848dc03f4e73678e.jpg',0,'Проблема: пробки',199,NULL),(2,'a99f4f60400ea72dc7171ba5dafc322d.jpg',0,'Проблема: вихлопні шкідливі гази',199,NULL),(3,'16c3d8dcfc6df8a463a807cf9ca3dd57.jpeg',0,'Технології:  современные мотор-колёса Protean Electric',199,NULL),(4,'ecb4c95fece294b165052dba46d271d2.jpg',0,'электробус',199,NULL),(5,'dd197ca7874bb6f17c29691b2529a123.jpg',0,NULL,201,NULL),(6,'d0fa176ec4d736289b8b881107865564.jpg',0,'2014',202,NULL),(7,'8352a051a1f43b7e4bc084039102e0bc.jpg',0,'2014',202,NULL),(10,'5032d94b8605f2c575f90d27d952efec.jpg',0,'Tesla Motors на вулицях Днiпропетровська',199,NULL),(11,'ee97ffcc6825728658ac12538e7504c9.jpg',0,'Місця вирубки лісу ',212,NULL),(12,'d693fcc962275fd4f54cc7cf987a892f.jpg',0,'Горит свалка',215,NULL),(13,'a6cb5bced51001e897f945206c52ada7.jpg',0,'План розташування звалища побутових відходів в селі Наварія, Пустомитівського району',210,NULL),(14,'b785e74ef3a625f3af4301c40d60c631.jpg',0,'Фотографія №1',210,NULL),(15,'dffb5b28b50112e834bd66a7091c1bd2.jpg',0,'Фотографія №2',210,NULL),(16,'b4a44b2c7c3db74d576f6670ab1afd54.jpg',0,'Фотографія №3',210,NULL),(17,'0cc761bd20f1f363dfc9e7d1d9398e59.jpg',0,'Фотографія №4',210,NULL),(18,'6a3a569b3d9efb750b4f9f79d966c283.jpg',0,'Фотографія №5',210,NULL),(19,'bee25583dc2aa02fc00ebd2e82e85c85.jpg',0,'Фотографія №6',210,NULL),(20,'c279b33156cd0da0b37a7116a3efec38.jpg',0,'Фотографія №7',210,NULL),(21,'4b67610f914084390e1973f7fdf03792.jpg',0,'Фотографія №8',210,NULL),(22,'489dd492e7c86524fb77d06dd6309eac.jpg',0,'Фотографія №9',210,NULL),(23,'5666781c14a98484f3482345db185a19.jpg',0,'Бурштинська ТЕС, вид з золовідвалу',221,NULL),(24,'bc776754c057dc7ca557fd1de95818b1.jpg',0,'Стало зараз',229,NULL),(25,'2fd607ff5b14f3075e42f2cedf74740c.jpg',0,'Було декілька років тому',229,NULL),(30,'2dfadee92781eb7c4d77fa0fb0500d09.jpg',0,'Труп собаки в водах Інгулу',241,NULL),(31,'7c597af17b9e6a88ef7dcaf906307b8c.jpg',0,'Обміління Інгулу, липень 2014',241,NULL),(32,'37ffbe659c642986431625819a147cab.jpg',0,'Ініціативна група школи № 6 за прибирання сміття на берегах Інгулу',241,NULL),(34,'febe3f68999fe5b2937cd73bd0375b42.JPG',0,'Ясень, 110 лет. Диаметр около 80 см. Живое, без признаков болезней.\r\n',243,NULL),(35,'33ac59a47cc8e6eb980172fe43d76b64.jpg',0,'Пикет в защиту Лесопарка перед Харьковской гор. администрацией.',243,NULL),(36,'fc061ba9da5670d4ca7b7d774693ec98.JPG',0,NULL,243,NULL),(37,'f9691d17e3a4157315ea08905860ac13.jpg',0,NULL,243,NULL),(38,'4e0f6f853d6755efeaf643694cace721.JPG',0,NULL,243,NULL),(39,'eb9a55e31f76a187184977939859a5f4.jpg',0,NULL,251,NULL),(40,'648edd459837991f9b9e31141162f54b.jpg',0,NULL,252,NULL),(41,'1f1e8e29e49d720cc08510a1e0c8c050.jpg',0,NULL,261,NULL),(42,'572755f788057a38517f76639405487b.jpg',0,NULL,263,NULL),(43,'b88ee042874fcb2bc76f819c03884bcb.jpg',0,NULL,263,NULL),(44,'2c8943423951f22a3c6c15cade389d77.jpg',0,NULL,263,NULL),(45,'e6ccd617a2d48be864863901705c166e.jpg',0,NULL,263,NULL),(46,'c88fb20b2eb627462a861113efda01ea.jpg',0,NULL,263,NULL),(47,'9402b075ee9d646fdcd339037e5b7ba5.jpg',0,NULL,263,NULL),(48,'55f04945cdf00f73c7511194a7d3d6a7.jpg',0,NULL,263,NULL),(49,'652e5a2ede163d674228f8fad6c9d685.jpg',0,NULL,267,NULL),(50,'1052087f8570220490e129f592eaa1a8.jpg',0,NULL,267,NULL),(51,'85018fa938760ab2d65d5c95d8f79512.jpg',0,NULL,267,NULL),(52,'eff7201dff5441d9c9656e0cd7497465.jpg',0,NULL,267,NULL),(53,'3eeff4bf4fc973ad15681f8be1a40036.jpg',0,NULL,267,NULL),(54,'33ab69c12bcd8d8a2c51fc7ebfe94587.jpg',0,NULL,267,NULL),(55,'74273387f7f0d38021681094e769e14f.jpg',0,NULL,267,NULL),(56,'8b66ec816294730a73f6fc9b07a71f56.jpg',0,NULL,269,NULL),(57,'abe1e8c001abba8593ce232129774a4c.jpg',0,NULL,269,NULL),(58,'a3c66de617d1cfa14b7528c31fb1ceb3.jpg',0,NULL,269,NULL),(59,'7f463c5cea7bbfbaa9c5bd146e3d5403.jpg',0,NULL,269,NULL),(60,'bb068cb2b903148c93394c43a635a515.jpg',0,NULL,269,NULL),(61,'9f7aeacaf26b740a44a1fcda6b931f0b.jpg',0,NULL,269,NULL),(62,'bbe4fb91a417e407feb1ef898d6aca30.jpg',0,NULL,269,NULL),(63,'0b371669ad037bac7f6673c308cacfb0.jpg',0,'Карстове провалля у смт. Шкло',275,NULL),(64,'cb70b8bf2a7fb3f8f205e2a58e6a787f.jpg',0,'Карстове провалля у смт. Шкло',276,NULL),(68,'266ea8fd7654c1e602d1e0cdfa244759.jpg',0,'test',252,NULL),(69,'6b766da35b9b858c8d08dac4d3955e01.jpg',0,NULL,252,NULL),(70,'f5e4f45aa7b41192faa4d48b88720b89.jpg',0,NULL,252,NULL),(73,'1e8f19e11c1c706b41bd44f71b5d1e68.jpg',0,'test',56,NULL),(74,'9b5089e7c3c3d7d28bdfb9edb5201807.jpg',0,'test',18,NULL),(75,'bcc557550b1b0e2140ca1b1a7a7b7f6b.jpg',0,'test1',56,NULL),(76,'e684da7d5b85a4fc1c5053a07033766b.jpg',0,NULL,295,NULL),(77,'5d0150ec589eac4c7c0da729ba28a7b1.jpg',0,NULL,295,NULL),(78,'65c0df688aef978d50c088193af8b82c.jpg',0,NULL,295,NULL),(79,'0c6abde65496e231868935d89592e28f.jpeg',0,NULL,295,NULL),(80,'f511a31d4f4da33107f4cf12867b4b39.jpg',0,NULL,296,NULL),(81,'6a73bf7c60d5adc7fe4bb10d32820c0e.jpg',0,NULL,296,NULL),(82,'93ebd9816137d800bb905c58d5eba21e.jpg',0,NULL,296,NULL),(83,'3d9ea5059b037de3f5ad962b11d5d3a9.JPG',0,'Студенти Бродівського педколеджу долучилися до акції \"Зробимо Україну чистою 2014\"',185,NULL),(84,'e6540e335f4e74eb605bcc2ca9f6f8a5.JPG',0,'Ми прибираємо для них...',185,NULL),(85,'e0d15decef2b2e50fd5a149375cf9649.jpg',0,NULL,303,NULL),(86,'e78622e1dbced895e99c703cc9d902f1.jpg',0,NULL,304,NULL),(87,'1240dce15028459d551fc84b305246a1.JPG',0,'неконтрольована вирубка лісу',305,NULL),(88,'c64d1250f740ff9f9b6f64945ef0609c.JPG',0,NULL,305,NULL),(89,'47009642b6a5d910c4024f3adf4ed86e.JPG',0,NULL,305,NULL),(90,'993174848fb084b9a1512d0e88fb85f6.JPG',0,NULL,305,NULL),(91,'de9a35d59267fc75c7c352ea2ad49f97.JPG',0,NULL,305,NULL),(92,'9d8763f8684f8a3369ef79ab0c948334.JPG',0,NULL,305,NULL),(93,'3a6ae8c86543736a90f733bc56c7244b.JPG',0,NULL,305,NULL),(94,'04dc8da18117b3cc9510cf60372cecd9.JPG',0,NULL,306,NULL),(95,'1155f384f26f0e755b445649ccaeb2ef.JPG',0,NULL,306,NULL),(96,'663d1449d4eafb04ab83b255583e4a1f.JPG',0,NULL,306,NULL),(98,'68c835a63d0ac11537ae43550bf3d0c3.jpg',0,NULL,309,NULL),(99,'539a8ab565c3b4afa3acba9cdbcd4430.jpg',0,NULL,309,NULL),(100,'b792a1c11425d1c5a74585c17ee04708.jpg',0,NULL,309,NULL),(101,'471f8e531e008c5ff74217f1c97baccf.jpg',0,'Заставка акції СТОП ЗАВОД в Узині; портал www.uzyn.com.ua',25,NULL),(102,'595a8553bafd3ea3be3943fdba2b1aa9.jpg',0,'Струба Узинського цукрового заводу',25,NULL),(103,'ae2659f867283e45a705a13c7c08021f.JPG',0,'Плакати акції СТОП ЗАВОД в Узині; портал www.uzyn.com.ua',25,NULL),(105,'d2c2c583dd03d0d164c5093a815924a8.JPG',0,NULL,317,NULL),(106,'26f65b76e28a440bcedaeb2ec0198bb9.JPG',0,NULL,317,NULL),(107,'c6e78400c16fe0e82865e1a8985e1753.JPG',0,' ',317,NULL),(108,'55a1337bd7aba368ccbee6f2c3dc28d3.JPG',0,' ',317,NULL),(109,'58859806fbabb756d249f1442558ba0d.JPG',0,' ',317,NULL),(110,'d6c8c148ee28171e943ce2e584005ece.JPG',0,' ',317,NULL),(111,'f19784bbe870d6828e97b1eed823205a.jpg',0,NULL,318,NULL),(112,'5756ee5ebb9de9cdb3d3fc859100fffb.jpg',0,NULL,318,NULL),(113,'ced845f679cf1133e9f2ec0cac41acbb.jpg',0,NULL,318,NULL),(115,'c65e5107e5808b603334c41f1d57e4fa.jpg',0,'Например, такую картинку.',322,NULL),(116,'ec8392de123deac7c17be81f976d1ee8.jpg',0,NULL,185,NULL),(117,'477e3ec969fc5a46d8c4416ed4b8fe66.jpg',0,NULL,185,NULL),(118,'43d4abc8a46f076f853a8a4873a86d67.jpg',0,NULL,327,NULL),(119,'34a520e68ba07c74fd800d12a6e58c79.jpg',0,NULL,330,NULL),(120,'1e379a214794c1210675fb7a0a0f5f4c.jpg',0,NULL,331,NULL),(121,'99cc3e7bfe16ecfcec9280ae82956dcc.jpg',0,NULL,338,NULL),(122,'ed73762c2ac3f4393946555b112feee2.jpg',0,NULL,347,NULL),(123,'a6d056c36efc4be45f75f84061231ed8.jpg',0,NULL,350,NULL),(124,'8dad825d76d560ee9cbc5e558549fbc5.jpg',0,'Ртуть на заводі радикал. Фото: EpochTimes.com.ua, Олексій Батченко / oleksiy-b.livejournal.com ',351,NULL),(125,'2defe6b96364a538735a2d9ec91609b7.jpg',0,NULL,352,NULL),(126,'cd3e5de70152e2c87cf0826548ca047f.jpg',0,NULL,352,NULL),(127,'7f6d3c9c2f069f59ee818f605aa68a33.jpg',0,NULL,353,NULL),(128,'0da26769704acac563d4f0667374a3ad.jpg',0,NULL,353,NULL),(129,'829024a08b0de129df62b6551d01ff13.jpg',0,NULL,354,NULL),(130,'4b7da82ef4607ce56d998f20bb0af5a4.jpg',0,NULL,356,NULL),(131,'d7d533db064aabb458056dad07a12247.JPG',0,NULL,359,NULL),(132,'b4a05204703d16f570cd2be63215a4cc.JPG',0,NULL,359,NULL),(133,'7e8dd9f703b549e96eb95e2c5d3c4dff.JPG',0,NULL,359,NULL),(134,'be51dc820ccfc8483f55f6298b012f62.JPG',0,NULL,359,NULL),(135,'6c3eb707ca42d3c331879f321d65ac2d.JPG',0,NULL,359,NULL),(137,'b2548257e42f6f1c4aac3e7b7c90b11e.jpg',0,'ось така потртібна вода',361,NULL),(138,'2de31bebb6b3bb056edfeeb09f20a14d.jpg',0,NULL,362,NULL),(140,'e273f92f90a4bc4f6765be30e2779dcb.jpg',0,NULL,368,NULL),(141,'18ca90d5ad88fba13d63e36b188a12b9.jpg',0,NULL,368,NULL),(142,'52ebf63d4f3355f118a52de205049796.jpg',0,NULL,368,NULL),(143,'47812366c447862c27840c7d1c691074.jpg',0,NULL,368,NULL);
/*!40000 ALTER TABLE `Photos` ENABLE KEYS */;
UNLOCK TABLES;

--
-- Table structure for table `ProblemTypes`
--

DROP TABLE IF EXISTS `ProblemTypes`;
/*!40101 SET @saved_cs_client     = @@character_set_client */;
/*!40101 SET character_set_client = utf8 */;
CREATE TABLE `ProblemTypes` (
  `Id` int(11) NOT NULL AUTO_INCREMENT,
  `Type` varchar(45) DEFAULT NULL,
  PRIMARY KEY (`Id`)
) ENGINE=InnoDB AUTO_INCREMENT=8 DEFAULT CHARSET=utf8;
/*!40101 SET character_set_client = @saved_cs_client */;

--
-- Dumping data for table `ProblemTypes`
--

LOCK TABLES `ProblemTypes` WRITE;
/*!40000 ALTER TABLE `ProblemTypes` DISABLE KEYS */;
INSERT INTO `ProblemTypes` VALUES (1,'проблеми лісів'),(2,'сміттєзвалища'),(3,'незаконна забудова'),(4,'проблеми водойм'),(5,'загрози біорізноманіттю'),(6,'браконьєрство'),(7,'інші проблеми');
/*!40000 ALTER TABLE `ProblemTypes` ENABLE KEYS */;
UNLOCK TABLES;

--
-- Table structure for table `Problems`
--

DROP TABLE IF EXISTS `Problems`;
/*!40101 SET @saved_cs_client     = @@character_set_client */;
/*!40101 SET character_set_client = utf8 */;
CREATE TABLE `Problems` (
  `Id` int(11) NOT NULL AUTO_INCREMENT,
  `Title` varchar(130) DEFAULT NULL,
  `Content` varchar(5000) DEFAULT NULL,
  `Proposal` varchar(5000) DEFAULT NULL,
  `Severity` tinyint(3) unsigned DEFAULT NULL,
  `Moderation` tinyint(1) DEFAULT NULL,
  `Votes` smallint(5) unsigned DEFAULT NULL,
  `Latitude` float(9,6) DEFAULT NULL,
  `Longtitude` float(9,6) DEFAULT NULL,
  `Status` tinyint(1) DEFAULT NULL,
  `ProblemTypes_Id` int(11) NOT NULL,
  PRIMARY KEY (`Id`),
  UNIQUE KEY `Id_UNIQUE` (`Id`),
  KEY `fk_Problems_ProblemTypes1_idx` (`ProblemTypes_Id`),
  CONSTRAINT `fk_Problems_ProblemTypes1` FOREIGN KEY (`ProblemTypes_Id`) REFERENCES `ProblemTypes` (`Id`) ON DELETE NO ACTION ON UPDATE NO ACTION
) ENGINE=InnoDB AUTO_INCREMENT=370 DEFAULT CHARSET=utf8;
/*!40101 SET character_set_client = @saved_cs_client */;

--
-- Dumping data for table `Problems`
--

LOCK TABLES `Problems` WRITE;
/*!40000 ALTER TABLE `Problems` DISABLE KEYS */;
INSERT INTO `Problems` VALUES (1,'Відновлення острова Малий Татару','Біля 50 років тому острів був віддамбований. Після осушення о. Татару став придатним для розвитку сільського та лісового господарства. Проте віддамбування острова принесло велику шкоду місцевій екосистемі: дамби, перегородивши шлях воді Дунаю, обмежили нерест риби, якість води у внутрішніх озерах знизилася без припливу свіжої дунайської води зі щорічними паводками, рослинність без природного затоплення та надходження біогенів та поживних речовин почала деградувати та перероджуватися. ','Для вирішення цих проблем представниками Ізмаїльського лісового господарства, місцевих влад та Всесвітнього фонду природи 30 жовтня 2003 року була снесена частина дамб, що оточували острів. Шлях для дунайської води був відкритий та навесні 2004 року острів пережив перший паводок за довгі 50 років. За минулі 10 років острів майже повернувся до природного стану, екосистема острова процвітає. Проект на острові М. Татару є моделлю відновлення плавнів у дельті Дунаю.',3,1,17,45.350166,29.001091,1,4),(2,'Китайський мега-порт','Он может стать петлей для Крыма, он - смертный приговор для нашего любимого полуострова.','Пожалуйста, поддержите петицию о недопустимости строительства китайского мега-порта в Крыму:\nhttps://secure.avaaz.org/ru/petition/Prezidentu_Ukrai..nu_otmenit_dogovorennosti_o_stroitelstve_kitayskogo_megaporta/ ',3,1,26,45.125866,33.607864,0,4),(3,'Сабарівський ліс','В місті Вінниця в мікрорайоні Сабарів ліс та берег Південного Бугу просто завалений сміттям!!! І з кожним роком все більше і більше!!!','Організувати акцію по прибиранню цієї території.',3,1,23,49.190342,28.449955,0,1),(4,'Спасите Древний могучий Днепр!','Река Днепр, некогда судоходная, в связи со строительством плотин, интенсивным технологическим использованием и изменениями климата, убийственно цветет в летние месяцы и убивает в себе все живое, перестает быть источником питьевой воды и колыбелью Приднепровья.','Государственная программа, выделение денег из госбюджета, чистка и углубление дна реки.',3,1,26,48.487488,35.068359,0,4),(5,'Загрязнение Днепра','В городе Берислав нет очистных сооружений.','',3,1,14,46.832600,33.416462,0,4),(6,'Знищення гніздівель ластівок, Чубинське, Бориспільський район','Бориспільський район, Чубинське (колишній хутір Чубинських. Автора слів гімну України), Яблунева 6а. Зруйновані гнізда ластівки міської. За підрахунками більше  50 гнізд. Зроблено за наказом власника розважального комплексу \"Чубинське\". За його словами, ластівки гадять і якщо комусь не подобається, то можуть забрати всі ці гнізда додому. Залишки гнізд, між іншим, в той час вже валялись під дахом комплексу. А крановщики, які виконували наказ і, як зрозуміло, своєї думки не мали, тикали пальцями у власника: \"Нічого не знаємо... наша хата з краю\"','Інформацію було розповсюджено серед ЗМІ, яке активно відреагувало. Приклади новин можна знайти http://www.socportal.info/news/direktor-magazinu-vbiv-200-ptashenyat-last, http://chask.net/?p=16110, http://weather.tsn.ua/ukrayina/na-kiyivschini-budivelniki-znischili-bilshe-50-lastivchinih-gnizd-zaradi-maybutnogo-trc-298037.html, http://podrobnosti.ua/podrobnosti/2013/06/14/911232.html. На власника було подано звернення до Міністерства внутрішніх справ України з проханням порушити відповідну кримінальну справу відносно власника комплексу.  Справу \"зам\\\'яли\", але власник ТРЦ знову гніздівлі вже не руйнував.',3,1,29,50.387123,30.853321,1,5),(7,'Лиман','Нужно залить морскую воду в Куяльницкий лиман!Давайте как то соберёмся!Пока решат как провести трубу,то он уже пересохнет.А этот лиман по хим.составу как мёртвое море!У нас в стране всё так бездарно делается это ужас!!!','Предложите что то...',3,1,50,46.571136,30.750046,1,4),(8,'забор','забор стоит за красной линией прямо на тротуаре, человек незаконно присвоил себе общую территорию в свою собственность.','знести',3,1,27,50.451805,30.670565,0,3),(9,'Необхідність збереження пам’ятки природи місцевого значення «Тунель кохання», с. Клевань, Рівненський район Рівненської області.','Пам\\\'ятка природи являє собою ботанічний феномен – зелений тунель у лісовому масиві, утворений заростями дерев та кущів, що сплелися між собою та утворили тунель точної арочної форми. Розташований на 4-кілометровому відрізку залізничної колії. Є місцевою туристичною принадою. Існують проблеми із прибиранням навколишньої території. На початку листопада 2013 року надійшла інформація про вирубку дерев навколо «Тунелю кохання» у шаховому порядку. ','Місцеві жителі періодично проводять толоки, прибирають тунель, проте існує проблема із зникненням обладнаних урн для сміття. Мешканці звернулися до мас-медіа, таких як Zik, Українська правда, 1+1. На запит журналістів заступник Рівненської ОДА О. Губанов пояснив ситуацію профілактичними роботами на залізничній гілці та впорядкуванням лісу. Кілька дерев дійсно були зрубані, однак так і залишилися лежати біля колій.   Проте після того, як подія набула розголосу в ЗМІ, вирубка дерев припинилася. Місцеві жителі досить ініціативні щодо захисту ботанічної пам’ятки, позаяк її відвідує багато туристів, в тому числі іноземних, що є джерелом прибутку. \n1.Туризм може стати джерелом фінансування робіт щодо догляду за лісом (добровільні пожертви, невеличкий збір).\n2. Можна запропонувати також надання тунелю статусу об’єкту культурної спадщини (ландшафтного, природно-антропогенного) із застосуванням відповідного режиму охорони. \n',3,1,32,50.753944,26.013908,0,1),(10,'Необхідність створення заказника для дельфінів біля мису Айя, Сарич та узбережжя Балаклави. ','Щороку сюди припливає на зимовку велика кількість азовок, білобочок та афалін, оскільки там досить спокійно та є хороша кормова база, що дозволяє дельфінам збільшувати поголів’я та комфортно зимувати. Наразі дельфіни потерпають від риболовецьких сітей, заковтують пластикові пляшки та інше побутове сміття. ','Потрібне надання цим водам статусу охоронної території, де буде заборонена господарська діяльність. \nПротягом кількох років на мисі Айя функціонував екологічний пост, який не пускав туди туристів. Збільшилася кількість водоплавних птахів і комах, природа почала оживати. Рада громадських екологічних організацій Севастополя звертається до Мінекології із клопотанням щодо створення окремого морського заказника. Можливе також розширення території існуючого морського заказника - прибережного аквального комплексу біля мису Айя. \n',3,1,25,44.479362,33.600655,0,5),(11,'Місцевість дуже забруднена, місто потерпає від сміття','','',3,1,9,47.654289,34.598694,0,2),(12,'с.Пожарки','Стехійні сміттєзвалища біля і в лісі.','Поставити в с.Пожарки контейнери для роздільного збору сміття.',3,1,6,49.951221,30.355225,0,2),(13,'Сміттєзвалища ','Сміттєзвалища в лісі.','Поставити в с.Пожарки контейнери для роздільного збору сміття.',3,1,16,50.973751,25.228537,0,2),(14,'Знакає річка','Річка Мала Тернівка - колись гарна й мальовнича ріка. Нині вона під загрозою висихання та замулення. 15 років тому вона була повноводною і стрімкою. Зараз вона майже зникла, подекуди  її русла узагалі невидно. Проблема почалася у радянські часи, коли непродумане випасання овець знищило грунтовий покрив у деяких місцях і оголило глину, яку з дощами змиває у русло, деякі круті береги також знищені, на мілині що утворилась розрісся надмірний очерет. Тепер ситуацію погіршує глобальне потепління.','1. Очищення русла від мулу. (дорого звісно, але річка доведена до того, що втратила здатність до самоочищення)\n2. Насадження рослинності',3,1,10,48.711353,35.963142,0,4),(18,'ГМО','У Чернігівській обл., ТОВ «Земля і воля», а також багато інших с/господарств по всій Україні використовують гмо-культури (з паралельним використанням агресивної с/г хімії), давно вже не в цілях \"проби\". ','Заборонити в Україні діяльність Монсанто, Сингента та інших компаній, що використовують ГМО-технології. \nЗаборонити використання ГМ-насіння і технологій у великому с \\ г та приватному фермерстві. \nЗробити Україну \"зоною, вільною від ГМО\". \nРозробку на впровадження програми провести у 2014р.',3,1,15,50.729504,31.478577,0,5),(19,'Сміттєзвалище на Гмирі 6','Велика територія бруду, пластику та іншого сміття. Також по всьому мікрорайону собачі віпорожнення.','Прибрати. Щось вирішити з незайманою територією: чи паркінг зробити (автомобілів тьма тьмуща), чи сквер, чи спортивний майданчик повноцінний (в мікрорайоні тільки дитячі майданчики), чи баскетбольне поле.',3,1,43,50.392899,30.626213,0,2),(20,'Сміттєзвалище','Несанкціоноване та хаотичне викидання сміття в лісосмугах та полях, що псує загальний вигляд та шкодить довкіллю. Велика кількість будматеріалів та різного пластикового сміття.','Організувати прибирання, повідомлення особам відповідальним за екологічний стан в місцевості задля подальшого недопускання викидання там сміття!',3,1,5,50.290546,30.796480,0,2),(21,'Загроза втрати біорізноманіття акваторії навколо Тарханкутського півострова','Незаконні методи вилову риби, вилучення з природного середовища малих китоподібних, надмірне рекреаційне навантаження','Акваторії потрібно включити до складу національного природного парку \"Чарівна гавань\"\n',4,1,20,45.414238,32.491722,0,5),(22,'НЕЗАКОНЕ СМІТТЄЗВАЛИЩЕ ОРГАНІЗОВАНЕ СІЛЬСЬКОЮ РАДОЮ','В селі Богданнівка, сільський голова організував майже в центрі села незаконне сміттєзвалище','Привернути увагу до данної проблеми жителів села і знайти рішення даної проблеми.',3,1,14,50.619884,30.910093,0,2),(23,'мусор в Одессе','отсутствие сортировки и переработки мусора. отсутствие контроля в зоне туризма за засорением побережья и зеленых зон','1. Организация разделения бытового мусора\n2. строительство перерабатывающего завода на территории области\n3. создание экологической полиции и жесткий контроль за соблюдением чистоты в городе и зонах туризма\n4. усиление функциональной системы системы штрафов\n5. пропаганда через СМИ и школы правильного отношения к среде обитания\nwww.snd.org.ua',3,1,15,46.483265,30.816650,0,2),(24,'загрязнение воздуха','высокий уровень со2 в воздухе. являясь курортной зоной, Одесса имеет высокий уровень загрязнения воздуха. Ходить пешком по городу трудно из-за количества выбросов автотранспорта','повысить налоги на старые автомобили, автомобили с большим расходом топлива. Проводить жесткую диагностику газоанализатором согласно госту. Контролировать качество топлива. Внедрять экологичные технологии.',3,1,18,46.452995,30.926514,0,7),(25,'Викид сажі та зниження ставків пром. викидами','Узинський цукровий комбінат забруднює місто сажею з труби заводу, а також знищив життя в кількох ставказ через стоки. Крім цього присутній постійний неприємний запах через викиди в ставки барди.','Зобов\\\'язати підприємство негайно припинити роботу до встановлення очистного обладнання та очистки ставків.',3,1,9,49.820930,30.433931,0,1),(26,'Проблема повiтря','Загрязнен воздух, несмотря на всевозможные фильтры на производстве','Контроль фильтров',3,1,50,47.798397,33.365479,0,7),(27,'Пал травы','Пал травы','Запретить пал травы',3,1,2,58.101105,30.596924,0,7),(28,'Забруднення ґрунтових вод','Через активну меліорацію і використання хімдобрив в радянські часи і зараз, є загроза забруднення ґрунтових вод і підтоплення (Херснська область)','Належний контроль',3,1,9,46.830135,32.947998,0,7),(29,'стихійні сміттєзвалища','вздовж р.Уж стихійні сміттєзвалища, оскільки в даній місцевості немає спеціально відведеного місця. ','побудова сміттєпереробного заводу',3,1,10,48.742039,22.509613,0,2),(30,'засорение реки','Житомир-Новогуйвинское.Река Гуйва. При расчистке леса(пилили деревья),ветки и стволы сбрасывали в реку.  Результат подобной деятельности:-заторы,порча воды гниющим деревом, появление большого количества сине-зелёных водорослей,нехватка кислорода рыбам. Фото могу предоставить. Кроме того,по словам проживающей в том районе сестры,идёт браконьерский вылов раков.','Найти и наказать службы,которые виновны в болезни реки. Обязать их расчистить речку. Не знаю,есть-ли там лесничество,но если да,то поднять вопрос о халатном отношении лесника к своим обязанностям ',3,1,9,50.134663,28.685303,0,4),(31,'Загальна системна проблема із сміттям','За сміття переплачується не менш ніж три рази. Перший сплачує величезні внески за використання неекологічного та всякого іншого упакування. Другі гроші, не менш значимі величиною, це сплати тих хто виробляє різні упакування. Третя сплата це покупець, ПРИМУШЕНИЙ сплатити за товар в упакуванні і без прав вибору. Четверта сплата це просто абсурдне примушення сплачувати за вивіз сміття, за яке вже три тази сплачено. Після візиту до магазину третина пакету становить пакування -- ОДРАЗУ як дотранспортував додому. Ціна мішечка сміття перевищує ціну деяких продуктів харчування!. Де ж ті гроші? Де переробка?  Система аж ніяк не заохочує навіть до встановлених смітників сміття переміщувати. Не всі живуть у багатоквартирних будівлях. Організація і побори для решти не просто неприйнятні, а абсурдні.\nДякую за увагу.','Встановлення організованих смітників. На розподілене сортоване збирання. Системні регулярні і сезонні заходи по збору органічних (гнилі та биті яблука, наприклад) та таких що потребують спалювання (листя та гілля) відходів та переміщення їх до організованих місць переробки, з подальшою вбудовою в екологічно корисні та прийнятні ланки. Хто живе у межах будинків з ділянкою (села, дачі, міські ітд) знає добре НАСКІЛЬКИ страждає саме та ділянка землі від тієї кількості сміття що просто не встигає саме по собі переробитися лишаючись локально. \nМаксимальне сприяння побудові переробних сміттє-заводів!!! з нормальними технологіями та вихідними продуктами.Відкрите рекламування усієї системи оббігу та оплати сміття замість пива, горілки та цигарок.\nСпасибі.',3,1,23,50.429520,30.541992,0,2),(32,'Сміттєзвалище біля лісу','Між селами Грушів та Ходорів декілька років тому утворилося незаконне сміттєзвалище у зоні Ржищівського лісгоспу','Прибрати територію і не допускати її засмічення',3,1,10,49.903675,31.231663,0,2),(33,'Сміттєзвалища на \"Коса на Победе\"','Це місце є єдиним можливим \"виходом на природу\" для багатьох мешканців жилмасиву Перемога, чудове місце для тренування спортсменів тощо. Але, на жаль, немає служб, що доглядають цю територію, або вони є, але абсолютно не виконують свої функції. Централізованних смитників також недостатньо. Через це  всім відома Коса перетворилась на сміттєзвалище і кожного для ця проблема лише збільшується. ','Встановлення смитників, проведення суботників, контроль роботи відповідних служб міськими головами.',3,1,15,48.417751,35.074734,0,2),(34,'сплошная вырубка леса ','сплошная вырубка леса  и вывоз на протяжении 3 последних лет','остановка сплошной вырубки остатков леса и недопущение в будущем',3,1,30,50.160378,29.982183,0,1),(36,'Сміттєзвалище. Забруднення...','Недобудований об\\\'їзд завалюють сміттям. Згодом це стане сміттєзвалище неймовірних розмірів.','Очиститит територію, перекрити всі в\\\'їзди до території.',3,1,17,50.398918,30.413074,0,2),(37,'Постійна зміна клімату, вирубка лісів, смітник','На моїх очах вирубають ліс. По дорозі на роботу я бачу навколо себе смітник','Поставити знаки штрафу, за смітник у данному місці. шробити \"суботник\"!!!!хай люди прибирають там, де самі і живуть!!!!',3,1,8,50.164585,30.358658,0,2),(39,'Стройка','Стоят дома, вырубают леса, гадят) ','Беречь природу!',3,1,16,50.543110,30.239182,0,3),(40,'Смітник біля будинку','Смітник біля будинку і на всій вилиці!!!','Влаштувати день прибирання',3,1,12,48.603317,22.302074,0,2),(41,'Незаконный вывоз песка','Незаконно выкачивает песок земснаряд, а это грозит тем, что весь мост может рухнуть. ','Запретить и наказать.',3,1,26,50.399807,30.598898,0,4),(42,'Загрязнение родникового водоёма','В селе Синяк, Вышгородского района, Киевской области в родниковое озеро сбрасывают отходы производства предприятия \"Альянс\" и канализацию жилых домов. Вода в колодцах уже дурно пахнет.','Запретиь предприятию сбрасывать отходы в озеро. Для сельской канализации построить очистные сооружения.',3,1,8,50.672203,30.269222,0,4),(43,'Сміттєзвалищє','Возле детского сада, через дорогу, расположен открытый сток для воды от дождя. В сток сбрасывается мусор, в нем часто стоит вода, идет запах гнили. Сток плохо огражден.','Прочистить сток, что б вода уходила, накрыть плитами, что б туда не падали люди, сделать ограждение, наклеить плакат, о том, что это не мусорка.',3,1,5,48.815414,29.377388,0,2),(44,'Брудно','На вулицях валяються пакети , пусті пляшки , сміття...','Встановити якомога більше мусорних бачків',3,1,12,49.589550,34.551254,0,2),(45,'Забруднені водойоми та береги річок','Береги Дніпра, Кагамлика та інших водоймищ, забрудені різним сміттям. З берегів зливають різноманітні хімічні сполуки у водоймища, через що гине риба та влітку водоймища вкриваються зеленими воростями. Якщо б це були винні підприємства, то було б легше попередити цію проблему, але винуватцями фізичні особи.','Ввести екологічний патруль, який буде контролювати забруднення та виявляти порушників. Ввести жорсткі санкції за забруденння та заохочення за очищення території. \n',3,1,16,49.073868,33.417664,0,4),(46,'Сміттєзвалище','У приватному секторі утворилося сміттєзвалище, яке, хоча і вичищається періодично установами ЖКГ, проте не упорядковане і розпорошене на 140-150 кв.м. Ще на 100-150 м у всі боки розлітається таке сміття, забруднена вся територія вулиці Фруктової та провулків.','1. Зареєструвати місце для розміщення побутових відходів.\n2. Облаштувати спеціально таке місце, оскльки продукти розкладання таких відходів потрапляють у грунти.\n3. Забезпечити можливість роздільного збирання побутових відходів та сміття.\n4. Провести розяснення серед населення щодо користування місцями розміщення відходів та роздільного збирання сміття.',3,1,6,50.273788,28.696827,0,2),(48,'незаконне будівництво','років 20 тому вирили котлован під новий елітний будинок біля буд 83 на вул.Калинова, зараз цей покинутий котлован заріс деревами та кущами, там справжнє сміттєзвалище. Котлован обнесено парканом і його стереже охоронна фірма цілодобово. Прямо біля ЖЄКу №23. Цей ЖЄК покриває власника кієї \"забудови\".','засипати котлован та знову зробити там вільний під\"їзд (доріжку, тротуар) до будинку №83 для машин та людей. ',3,1,8,48.514507,35.054295,0,2),(49,'Переповнення відходами людського відпочинку','Півострів захаращений горами пластику, скла та іншого сміття, яке незаконно звозиться сюди або залишається після \"відпочинку\" мешканців Києва.','Зібрати актив Оболонського району для прибирання. Залучити виробника сміттєвих мішків, резинових перчаток тощо, в якості партнера/спонсора, та компанію, яка займається переробкою сміття - прибрати півострів, встановити шлагбауми, облаштувати зони відпочинку, розставити баки для сміття, та збирати по 5грн. з авто за підтримку чистоти.',3,1,25,50.528706,30.532335,0,2),(50,'Як зробити місто чистим','Проблема сортування сміття, немає контейнерів для пластика, паперу,скла і т.п.Сміттєзвалища, які роблять мешканці міста, бо немають екологічної культури. Багато реклами по телебаченню, але майже не побачиш реклами, пов`язаної з екологічними проблемами міста, країни, планети...','1. Широко і частіше освітлювати екологічні проблеми по телебаченню, в газетах, на бігбордах.\n2. Проводити масові екологічні акції с залученням шкільної та студентської молоді.\n3. Звернути увагу керівництва міста на проблему сміттєзвалищ с залученням спонсорів, партійних та громадських діячів.',3,1,9,48.297813,38.023682,0,2),(51,'Зробити водойми екологічночистим місцем відпочинку','Забруднення водойм, не чистять , сміттєзвалища на берегах','залучити громадських діячів, студентську молодь та керівництво міста до вирішення проблеми - щорічно чистити, прибирати берег, поставити урни для сміття, обладнати берег для місця сімейного відпочинку мешканців міста',3,1,8,48.327038,38.023682,0,4),(52,'незаконная стройка','строят выкидывают муссор','наказать и закрыть учириждение',3,1,2,56.903156,60.721321,0,2),(53,'Вирубка дерев','Вирубка дерев на території міста','вплив на владу, посадка садженців',3,1,16,50.007740,36.241150,0,7),(54,'Завод з токсичними викидами в житловій зоні','В житловій зоні, в центральній частині м. Снятин, вже багато років працює завод по виготовленню оздоблювальний матеріалів з пластику (ПП «Лідер VTM»). Відповідно, завдається велика шкода здоров’ю людей, які живуть неподалік. Адже, завод постійно неофіційно спалює відходи, і цими газами мусять дихати люди (аж \"горло дере\"). Люди неодноразово зверталися у відповідні органи влади, але ніхто дану проблему не хоче вирішувати.','1. Закрити даний завод.\n2. Виплатити людям компенсації за завдану шкоду їхньому здоров’ю.\n3. Покарати винних підприємців та чиновників.',3,1,62,48.442959,25.571934,0,3),(55,'Засмічення Вовчинецьких гір побутовим сміттям','Мешканці міста Івано-Франківськ, с.Вовчинець та с.Підлужжя скидають побітове сміття на схилах Вовчинецького пагорбу (комплексна пам\\\'ятка природи місцевого значення ) та берегах річки Бистриця Надвірнянська..','Встановлення сміттєвих баків біля будинків в с.Вовчинець та с.Підлужжя, організація централізованого вивозу сміття не рідше 1 разу/тиждень, встановлення сміттєвих контейнерів при в\\\'їзді в заказник \"Козакова долина\" та регулярний вивіз сміття (не рідше 2 разів/тиждень в період березень-листопад, не рідше 1 рази/тиждень в період грудень-січень)',3,1,23,48.958569,24.750105,0,2),(56,'Пересыхание цепи озер в Березовой Рудке','Еще несколько лет назад в живописном селе Березовая Рудка (шевченсковские места, кстати) было несколько озер. Сейчас фактически осталось одно, которое стремительно уменьшается и заиливается, еще одно практически заросло, и на месте третьего - сухая земля. Говорят, что забились ключи, которые питают озера, а денег почистить как озера, так и ключи - нет. Жаль, что такое живописное место (здесь находится одна из немногих в Европе пирамид) теряет часть своей красоты. ','Почистить озера, определить проблему, почему они пересыхают, при необходимости - почистить ключи, которые питают озера. ',3,1,9,50.315105,32.232643,0,4),(57,'Трасса здоровья и пляжи','Муниципальная территория отчуждается, передается в аренду и блокируется от свободного посещения по корупционным схемам органов областного и местного самоуправления. ','Привлечение общественных организаций, прокуратуры и т.д.',3,1,12,46.458202,30.760689,0,3),(58,'Свалка в карьере ракушечника','Мусоровозы возят мусор в карьер, вокруг свалки на полях и дачный участках  мусор','Закосервировать , утилизировать , засыпать',3,1,2,46.625599,30.906193,0,2),(59,'Порушення підприємством санітарно-екологічних норм','Макарівська птахофабрика забруднює токсичними викидами повітря та воду. При проведенні моніторингу стану атмосферного повітря в селищі Макарів санепідемстанцією було встановлено, що концентрація двоокису азоту перевищує гранично допустиму в 1,27 разів, сірководню - в 15,38 разів, коефіцієнт комбінованої дії сірководню та аміаку перевищує норму в 16,62 рази. Це становить загрозу природі та здоров`ю людей.\nhttp://www.youtube.com/watch?v=562siiNlsfc','Необхідно примусити власників використовувати очисні технології та постійно контролювати рівень забруднення, або перенести виробництво подалі від населеного пункту.',3,1,12,50.444881,29.816818,0,7),(60,'Высыхает лиман','Высыхает лиман , частные домовладения по периметру водоема сливают канализацию и выкидывают мусор','Контроль , штрафы, связь с морем через существующий канал',3,1,7,46.576092,30.896473,0,4),(61,'незаконні сміттезвалища','незаконні сміттезвалища в посадках в межах города та поблизу.',' вплив на владу, громадський контроль. зміна законодавства',3,1,11,49.993614,36.199951,0,2),(62,'Загрязнение Черного моря','Загрязнение моря сточными водами и ливневыми загрязнениями.','Ремонт ливневок, канализаций.',3,1,11,46.470497,30.770130,0,4),(63,'Смітник у зоні відпочинку','Гарний сосновий ліс перетворили на сміттєзвалище','Заставити відповідальних осіб прибрати територію. Побажання відпочиваючим - будьте людьми!!!',3,1,7,48.713165,29.159775,0,2),(64,'Незаконный вылов рыбы','Разпологаются сети браконьеров вдоль берега напротив городка , утром и вечером на надувных лодках собирают незаконный улов','Рыбнадзору и погранцам перестать брать взятки и заняться делом',3,1,6,46.577152,30.929817,0,6),(65,'Питьевая вода','Не соответствие стандартам качества питьевой воды города Одесса','Контроль за качеством воды в Днестре, применением химикатов на полях Одесской области, реконструкция водоочистительной системы города',3,1,10,46.479481,30.716400,0,4),(66,'экологически опасная свалка','Свалка с нарушениями всех нормативных документов в непосредственной близости к жилой зоне','Закрыть\n',3,1,4,48.657860,35.221310,0,2),(67,'Заьруднення повітря','Забруднення повітря заводом \"Ізоват\"','Закрити, вдосконалити очисну систему',3,1,2,50.243355,28.738842,0,7),(68,'Сохранение и развитие зеленых насаждений','В Одессе незаконно вырубаются зеленые насаждения для очистки мест под строительство. Не обновляется ресурс зелених насаждений города.','Целевая програма по развитию озеленения города, обращение в прокуратуру.',3,1,8,46.459621,30.734940,0,1),(69,'\"Сирітська хатка\" на березі Південного Бугу','Побудований маєток на березі річки взагалі без врахування прибережної зони.','Бажана зацікавленність природоохоронних і юридичних органів.',3,1,8,49.518551,28.023504,0,3),(71,'сміттезвалища і сміття взовж річкі Ірпінь','Багато сміття викинуто вздовж річки','Сміття було вивезено на офіційний смітник за Димером за допомогою власних автівок членами клуба http://kievjeep.net/forum/index.php\nПроблему вирішено.',3,1,3,50.738132,30.362991,1,2),(72,'Автозаправка напроти дев\\\'ятиповерхового будинку','Замість зеленої зони збудували автозаправку напроти дев\\\'ятиповерхового будинку. В будинку мешкає близько 500 мешканців, поряд ще будинки, школа дитячої творчості...\nНіяких дозволів, документів... у мешканців ніхто не питав чи хочуть вони мешкати напроти заправки і нюхати всі ці канцерогенні вихлопи.','Знести або підірвати заправку, повернути зелені насадження які були на її місці.',3,1,2,48.081783,38.076344,0,7),(73,'Загрязнение местности и атмосферы','Большая свалка рядом с домами, также рядом очисная как подует от туда хоть не выходи на улицу.','Свалку перенести, построить завод переработки мусора, очистную перестроить по новым стандартам чтобы люди не задыхались от запаха что от туда идет',3,1,11,48.483620,32.305771,0,2),(74,'Забруднення території','Засмічення території міста самими жителями та засмічення лісів службами які відвозять сміття в ліс і там його залишають в великих кількостях','Розмістити таблички - реклами щодо чистоті в місті, це примусить задуматись принаймні більшу половину жителів. Щодо лівіс пивинна держава сама вирішувати такі питання та штрафувати тих хто відвозив ліс сміття і мало того, треба ще змусити їх його знищити аби його не перевезли в інше місце. Країна хабарництва! Ви ж для себе та своїх дітей гірше робите!',3,1,10,51.312832,26.593416,0,2),(75,'Мусорка','незаконная свалка мусора в лесопосадке. масштабы огромные','информирование населения',3,1,5,48.369331,35.114708,0,2),(76,'Незаконный вылов рыбы, раков','Разпологаются сети браконьеров вдоль берега, в ереках. Перекрыты каналы сетями в несколько этапов.','Контроль, извлечение сетей и порча их на берегу всеми не равнодушными.',3,1,7,46.505424,30.049454,0,6),(79,'не чистят','Озеро грязное','Убрать почистить',3,1,8,50.457287,30.334539,0,4),(80,'выбросы в атмосферу загрязнённого воздуха с металлургических комбинатов и нехватка кислорода в воэдухе','выбросы в атмосферу загрязнённого воздуха с металлургических комбинатов и нехватка кислорода в воздухе','усилить фильтрацию выбросов и ...',3,1,29,47.077602,37.545776,0,7),(81,'Не екологiчно чистi придприэмства якi забруднюють навколишнню середу','забрудненя повiтря','Побудувати екологiчнi придприэмства що не забруднюють навколишнiй середи',3,1,6,48.290504,38.038788,0,7),(82,'Незаконне полювання в околицях с. Липовиця','Місцеві жителі не приховують, що в їхньому селі значна частина місцевих жителів відкрито промишляє браконьєрством. Кримінальні \"мисливці\" настільки нахабні, що розстрілюють охоронні знаки заповідних об\\\'єктів. Особливо їх багато в малолюдних гірських районах Ґорґан.','- Операція по добровільній здачі незареєстрованої зброї\n- Інформування туристами про виявлення озброєних осіб в гірських чи лісових районах\n- Створення добровільних дружин, які патрулюватимуть в період риковиськ тощо',3,1,21,48.767052,24.042892,0,6),(83,'Греблі','Греблі призводять до обміління річок, замулення, вимирання іхтіофауни.','Необхідно поступово відмовитись від регулювання річкого стоку ха допомогою гребель.',3,1,3,49.610710,34.562988,0,4),(84,'Велика кількість сміття','Купи сміття під метромостом','Запезбечити належний рівень якості вивозу сміття з району «Тюрінка», бо назараз це є один із найбільш забруднених районів Харкова.',3,1,13,50.001476,36.280258,0,2),(85,'Міське сміттєзвалище','Велике сміттєзвалище, яке постійно забруднює навколишнє середовище!!!','запустити існуючий неподалік завод з переробки твердих побутових відходів.',3,1,13,50.393143,24.208099,0,2),(86,'Браконьерство','Вылавливают бродом и сетками всю живность в водоемах','Организовывать патруль',3,1,21,51.413448,30.819054,0,6),(88,'Истребление рыбы \"электроудочкой\".','Часть местных жителей систематически занимается выловом рыбы путем применения \"электроудочки\". При том, на этой территории существует заповедник, но никто на это не обращает внимания.','Усилить контроль со стороны местных правоохранительных органов.',3,1,15,50.573318,33.344879,0,6),(89,'Вирубка лісу.','Вирубка лісу на території де знаходиться багато рідкісних рослин, в тому числі і з Червоної Книги України.','Пропоную перевірити вирубку на офіційність, якщо офіційно то звертатись з офіційними заявами до органів міського управління і т.д.\nЗазвичай вирубку проводять під ліценцією \"чистки\" але чистка включає в себе вирубку 1 дерева з 5, а в нас зрубуються всі.',3,1,7,48.471329,27.837683,0,1),(90,'Радіаційне забруднення - База \"С\"','Бывший склад урановой руды. Находилось в эксплуатации с 1960 по 1991 годы. Содержит 150-300 тыс. тонн твердых радиоактивных отходов в виде полуразрушенных конструкций бункеров для урановой руды, загрязненных железнодорожных путей, грунта на поверхности и под бункерами. Объем – 0,15 млн. м3, площадь 300 тыс. м2. Максимальная мощность дозы гамма излучения на поверхности 4700 мкР/час, общая активность – 12000 Ku','Это проблема государственного масштаба, должна решаться как можно скорее на государственном уровне.',3,1,8,48.429314,34.765205,0,7),(91,'Переповнення відходами людського відпочинку','Берег захаращений горами пластику, скла та іншого сміття, яке  залишається після \"відпочинку\" мешканців Києва.','Прибрати, встановити шлагбауми, розставити баки для сміття, вивозити сміття.',3,1,6,50.555897,30.538923,0,2),(93,'Сміттєзвалище переповнене.','Сміттєзвалище використовується понад нормативні строки що несе небезпеку.','Припинити використовувати сміттєзвалище.',3,1,10,50.236591,30.524874,0,1),(94,'Забруднення води','Червона вода стікає до Дніпра','Потрібні очисні споруди',3,1,11,47.822563,35.144802,0,4),(95,'Забруднення повітря','Забруднення повітря небезпечними викидами заводів','Очисні споруди на заводах',3,1,6,47.853718,35.137711,0,7),(96,'Незаконний вилов риби','Незаконне зайняття рибним, звіриним або іншим водним добувним промислом','У 200 разів збільшиться штраф за незаконний вилов риби.\nЗаборонити вилов риби.',3,1,13,49.552834,32.767410,0,6),(97,'Енергетика','Після вводу в експлуатацію нової станції метро та нової дороги, ліхтарі (6 ліхтарів) впродовж старої дороги залишилися, працюють та світять без мети.','Пропоную демонтувати непотрібні ліхтарі та спрямувати цю енергію на освітлення темної вулиці в цьому ж районі',3,1,6,50.051533,36.207001,0,7),(98,'Зливання стычних вод у р. Хорол','Міська не очищена калінізація частково зливаеться в річку Хорол.','Потрібно вияснити чтому зливають і найти шляхи вирішення ціеї проблеми',3,1,6,49.970848,33.608086,0,4),(99,'смiття','Люди кидають смiття у море, на вулицях. Навiть маленький фантик багато вирiшуе.','Не кидати смiття де заманеться. Якщо ти з\\\'iв батончик i випив колу, поклади собi у сумку, якщо поряд нема смтника. З сумкою нiчого не станеться. Коли зустрiнеш смiтник- дiстань смiття та викинь його!\n',3,1,7,46.422714,30.761719,0,2),(101,'Уникальные водоемы.','Уникальные водоемы (часть из которых родниковые), с обильным наличием различного вида животных и птиц, зарастают и заиливаются. Животные и птицы уходят. С этими водоемами на прямую связано водообеспечение населения с использованием колодцев.','Чистка, вырубка старых (сухих, гнилых) деревьев.',3,1,9,49.786804,30.938915,0,4),(102,'Сміттезвалище у лісі','На очах розростається сміттезвалище у лісі. Невідомі безперешкодно вивозять у ліс будівельне сміття та ін.','Обмежити рух транспорту через ліс, Вивезти сміття у відведене для нього місце, Встановити попереджувальні снаки про міру відповідальності за вивіз сміття та соціально направленцу агітацію за чисте довкілля.',3,1,7,50.451260,30.341578,0,2),(104,'Забруднене озеро','Невелике озеро біля школи дитячого садка забруднена сміттям. Там кожен день гуляє багато молодих сімей та маленьких дітей','Собраться инициативной группе и убедить живущих там людей организовать очистку озера',3,1,3,50.410393,30.409212,0,4),(105,'Сміттєзвалище','Розвалена стара ферма та велика кількість сміття','Прибрати сміття та віддати територію під забудову',3,1,8,50.418579,25.715431,0,2),(107,'Незаконне вивезення сміття ','Сміттєзвалище існує вже досить довгий час, ним користуються незаконно, вивозять сміття з будівництв та інший непотріб','Необхідно обмежити проїзд автомобілів, дорога в цьому місті вузька',3,1,2,50.515556,30.739853,0,2),(108,'Незаконна вирубка лісів','Масово вирубуються ліси','Змінити лісника',3,1,3,50.516960,30.745207,0,1),(109,'Вирубка дерев біля траси Київ - Чернігів','Проводиться повна вирубка захисних зелених насаджень біля траси Київ - Чернігів','Зупининити це! Відновити насадження!',3,1,7,50.521263,30.788424,0,1),(110,'Вирубка лісів','Незаконне вирубування лісів','Змінити лісника',3,1,4,50.518311,30.752041,0,1),(112,'Забруднене озеро','В озеро зливаються стічні води, як результат воно заростаяє та не є придатним для людей','Організувати очистку водойми, вирішити проблему стічних вод',3,1,6,50.502140,30.752846,0,4),(113,'Вирубка дерев','Вирубка дерев у великих масштабах, яким більше 100 років','Збільшення штрафів в 10-ки разів, кримінальна відповідальність',3,1,3,50.523415,30.735209,0,1),(114,'Будівництво Біланівського ГЗК','Якщо Біланівський ГЗК почне діяти, весь ставок-випаровувач «Укртатнафти» інфільтрується у тіло кар’єра. Стоки, що надходитимуть до ставка, не очищуватимуться. Зате вони потраплятимуть в кар’єр – адже між ставком та кар’єром небезпечно мала відстань. А там вестимуться вибухові роботи. Виникне проблема відкачування кар’єрних вод. Кар’єрні води – це дуже солоний розчин, ропа. З ними змішаються насичені фенолами води ставка-випаровувача. Куди їх скидати? Тут варіантів кілька. Можна будувати новий ставок-відстійник – це дуже дорого. Можна скидати води в Дніпро чи Псьол. Та у такому випадку солона ропа та феноли винищать все. Як це вплине на Дніпро, можна ще думати, а Псьол – зважаючи на його малу потужність – стане мертвою рікою.','Потрібно закрити будівництво Біланівського ГЗК, щоб не було екологічної катастрофи.',3,1,3,49.165092,33.663483,0,3),(116,'Попадання неочищених стічних вод в річку','Вже багато років в Івано-Франківську не працюють як належно очисні споруди стічних вод. Фінансування на вирішення проблеми відсутнє, стан очисних споруд жахливий, результати аналізів стічних вод які попадають в річку приховують, перевіряючі органи за замовчування питання беруть хабарі.','Показати громаді міста реальну картину, залучити довгострокові інвестиції на відновлення або переоснащення очисних споруд, виконати проект та реконтсрукцію або капітальний ремонт згідно цього проекту.',3,1,11,49.012878,24.734430,0,4),(117,'Незаконний вилов риби','У річці Псьол майже не залишилось риби, кожного року бракон\\\'єри глушать рибу. Люди неодноразово спостерігали як глушена риба пливе по Пслу. І це вже не перший рік.','Прошу заборонити вбиство незаконними методами риби у річці Псьол.',3,1,4,49.387333,33.803204,0,6),(118,'Сміттєзвалище','Сміттєзвалище','Сміттєзвалище',3,1,9,50.531666,30.222670,0,2),(119,'Забруденний ставок в Козельщині','Береги ставка засмічені та вода має неприємний запах. Також навколо прилеглих територій помітні залишки сміття, що псують вигляд Козельщини.','Необхідно виділити гроші для очищення ставка і прибрати сміття навколо ставка. Зробимо Козельщину чистішою!',3,1,3,49.220345,33.847752,0,4),(120,'Екологічний хаос','Це сміттєзвалище працює ще з того часу. За весь час на нього не було виділено ні копійки. За результати праці я думаю балакати не доведеться, тут і так все ясно. Сміття вивозять кожен день. Загортають бульдозерами в землю. Залишки намагаються спалити, але це не завжди вдається. Звідци й збираються великі кочугури сміття, яке просто не вспівають обробляти. Вивід один - постійний сморід, забруднення грунтових вод, все йде людям в криниці. Також екологічна проблема в тому, що не всі продукти підлягають процесам розпаду і переробки природнім шляхом (пластикові бутилки, пакети, одноразовий посуд та ін.)','На місцевій обласній раді не раз ставилося питання, щодо вирішення цієї проблеми. Депутати прийняли рішення знайти інвестора для будівництва переробного заводу, на території звалища. Але чомусь - руху ніякого до сих пір. Було б не погано, як би зайнялись зацікавлені люди цим питанням. Завод вироблятиме вторинну сировину, яку також можна використовувати в виробництві одноразового посуду тощо. З часом вилучені кошти від продажу продукції також можливо використати за призначенням. На мою думку рентабельність цього заводу складатиме 70-85 %, що в наш час не погано. З урахуванням кошториса та затрат на будівництво потібно 5 -7 років на повернення коштів. Це також не погаганий показник, навіть без підтримкм влади. Для підтримки необхідні зміни до діючого законодавства, щодо охорони навколишнього середовища, та притягнення до відповідальності посадових осіб за розкрадання державних коштів.',3,1,0,50.304977,28.641491,0,2),(121,'Остров из мусора','Искусственно созданный остров из отходов пищевой и бумажной промышленности.','Установка фильтров на предприятиях.',3,1,3,48.476208,35.139729,0,4),(124,'ставок Крива Руда','В ставок раніше викидались стічні води з цукрового заводу, а зараз в нього викидають сміття і каналізацію. Якщо глянути, то видно що вода зелена а підводою багато муляки.','\nСлужба що проводила очистку ставка перестала існувати після розпаду СССР. Потрібно створити щось подібне, щоб привести ставок до нормального виду.',3,1,4,49.595524,33.206306,0,4),(125,'Жомова яма','Цукровий завод уже давно закрився, а жомова яма до сих пір гниє. В сонячну погоду по вулиці Транспортній нереально йти з незакритим носом!','Необхідно вивести всю цю вонь.',3,1,3,49.600002,33.195141,0,5),(126,'Незаконне сміттєзвалище','Сюди люди вивозять сміття.','Думаю, необхідно ще кілька сміттєвозів, щоб люди самі не вивозили своє сміття куди попало.',3,1,3,49.588081,33.215591,0,2),(127,'Загрязнение воздуха предприятием  \"АрселорМиталл Кривой Рог\"','Загрязнение атмосферного воздуха. Отключение всех фильтров по ночам. Загрязнение водоемов. ','Штрафы и административные взыскания. Независимый экологический аудит ',3,1,23,47.871914,33.392773,0,7),(128,'Проблема вивезення сміття та культури людей','Не відомо - це мешканці села туди звозять сміття чи просто люди які зупиняються на своїх машинах , але ж блін  до заправки 100 метрів -- невже важко донести своє сміття !!!! ','Зібрати місцевих мешканців та прибрати сміття , встановити відеофіксатори - щоб виявити порушників .  Мій контактний номер : 066-846-8-555 (Ілля) ',3,1,7,50.357262,30.438326,0,2),(129,'Вирубка лісу','Дуже сильно незаконно вирубують ліс біля \"історичного дуба\".','Прийняти міри!',3,1,17,48.168606,26.007471,0,1),(130,'Звалище будівельного сміття ','Стихійне звалище будівельного сміття біля грунтової дороги','Прибрати звалище. Встановити нагляд та попереджувальні знаки. Закрити або обмежити проїзд,',3,1,2,47.824783,35.050716,0,2),(131,'Очисні споруди','В м. Борщів вже багато років не працюють очисні споруди. Вся вода з міської каналізації потрапляє в місцеву річку Нічлава.','Відновити роботу очисних споруд.',3,1,5,48.794651,26.034164,0,4),(132,'Бездомные собаки','Многочисленные стаи бездомных собак!','Отловить и поместить в питомник.',3,1,8,50.494171,30.447889,0,7),(133,'Забруднення ставків.','Ці ставки - дуже популярне місце для відпочинку та зайняттям спорту, безліч сімей відпочиває на берегах цих ставків, навіть рибалки ходять сюди.\nАле, ставок з кожним роком стає все більш забрудненим. Колір води в ставку становиться все темнішим... \nАле здебільшого забруднюють самі відпочиваючи, залишають за собою велику купу сміття, деякі слухняні збирають після себе та несуть до смітнику, який стоїть на виході з лісу, але це далеко, деяким - важко стільки нести.\nВ тому році, була зроблена яма, щоб хоча б якось локалізувати сміття, але вона швидко заповнилась і ніхто її не прибирав...\nПроблема відома вже декілька років, вже й було виділено дуже багато грошей (600000грн.), для того, щоб вирішити цю проблему, але ці гроші мабуть пішли, на інші справи... \nОсь лінк: http://vpoltave.info/read/novost/id/199972117/Stavki-mezhdu-Sadami-i-Polovkami-dozhdalis-svoejj-ocheredi\nПро ситуацію: http://vpoltave.info/read/novost/id/199814170/Otdykh-na-pomojjke','Хоч і учні шкіл ходять сюди на суботники, щоб прибрати, але це не на довго, за одні вихідні - знову купа сміття.\nРоків з 10 тому, в цих ставках купались люди, а зараз і порух важко знаходитись.',3,1,6,49.579945,34.500214,0,4),(134,'Забруднена водойма','Сильно забруднена водойма. Постійно падає рівень води.','Очистка води',3,1,16,50.419102,30.639389,0,4),(135,'Проблема питної води','Людям, які живуть поблизу Єрестівсього ГЗК немає де набрати питної води, так як у зв\\\'язку з будівництвом кар\\\'єру, у воду попали небезпечні хімічні елементи, які шкодять здоров\\\'ю людей. Також в цих місцях із-за вибухів - вже стіни на хатах потріскались.','Необхідно терміново вирішити це питання, бо людям з навколишніх сіл загрожує небезпека для їх життя та здоров\\\'я. Місцева влада повинно вирішити цю проблему.',3,1,3,49.087864,33.700520,0,4),(136,'міське сміттєзвалище','1 жахливий еко стан довколишніх поселень\n2  забруднення повітря (самозаймання), \n3 забруднення грунтових вод. \nосновне накопичення сміття не контрольоване адміністрацією міста (стихійне). вибіркове вивезення сміття компанією монополістом. велика кількість сміття спалюється в межах міста - спричиняє забуднення повітря.','1 запросити декілька інших сміттєвих компаній (зруйнувати монополію на вивіз)\n2 запровадити систему сортування сміття для подальшої переробки\n3 збудувати сміттєпереробний завод ',3,1,3,49.916622,28.558315,0,2),(137,'Забруднення повытря','Постійний запах тухлих яєць. Купа сміття по боках дороги.','Поставити нові очисні системи.\nПрибрати сміття.',3,1,0,47.873856,35.167503,0,7),(138,'Экологическая культура жителей города','Равнодушие жителей города к экологическим проблемам, оставляют мусор после семейного отдыха в лесу, парке, у водоема. Дети бросают обертки от конфет на дорогу, хотя урна находится не далеко. Выбрасывают много бумаги, хотя можно сдать макулатуру. Много отходов выброшено, а рядом бродят голодные бездомные животные.','Работаю в творческой группе учителей города по экологическому воспитанию, проводим с коллегами конференции, семинары для учителей, организовываем природоохранные акции и т.д. Хотелось бы, чтобы нам в этом помогала и городская общественность, молодежные организации, студенты.',3,1,4,48.312428,38.023682,0,7),(139,'Сміттєзвалища на \"Балка\"','немає служб, що доглядають цю територію','Люди',3,1,3,48.410915,35.070831,0,2),(140,' горит свалка ТБО','Уже месяц горит свалка. Дым на весь город. Все пропахло вонючий дымом. Самое печальное, что местная власть на это не реагирует.','Срочно принять меры по тушению пожара. Рекультивация земель на полигоне. Огородить территорию. Огриничить доступ посторонним лицам. Пропускной режим. Придерживаться закона об отходах.',3,1,5,46.801060,36.711781,0,2),(141,'Добыча сланцевого газа','Загрязнение подземных вод химическими смесями','Запретить добычу',3,1,5,48.553795,37.288971,0,7),(142,'Хранилище радиоактивных отходов «Щербаковское»','Хранилище радиоактивных отходов гидрометаллургического завода (ГМЗ)\n На заводе была реализована следующая технологическая цепочка:разработка месторождений урановых руд открытым и шахтным способами (сопровождалась выбросами радиоактивной пыли, отвалами, выделением газа радона), производство уранового конденсата непосредственно на заводе(сопровождалось образованием огромного количества радиоактивных жидких отходов). Отходы производства в виде пульпы сбрасывались в хвостохранилище. По состоянию на конец 2010 года в хвостохранилище находится 37,4 млн.т отходов уранового производства общей активностью \n 3,89*1014 Бк.\n Площадь хвостохранилища - 25 га\n Расстояние до города - 1,5 км','Загрязнение обнаруживается не только на поверхности грунтов, но и проникает на глубину до одного метра. Причем, содержание изотопов урана, тория, полония, свинца увеличивается с глубиной.',3,1,7,48.310146,33.488388,0,7),(143,'Грязное старое русло реки Лугань','Мусор, ил','Необходима чистка реки, вывоз мусора',3,1,5,48.587788,39.337200,0,4),(144,'Загрязненная речка и прилегающая территория ','В оттоку от речки сливают непонятно что, сам водоем закидан мусором и трупами умерших животных, вокруг полно мусора, битые стекла и т.д.','Если наш город слишком занят чтобы решать подобные проблемы, необходимо самоорганизоваться и хотя бы убрать территорию от мусора.',3,1,4,48.587906,39.331978,0,4),(145,'Экологическая культура жителей города','Экологическая культура жителей города','Перестать выбрасывать мусор на улицу',3,1,9,48.567265,39.405106,0,1),(146,'Викид шкідливих речовин у повітря - застарілий сміттепереробний завод у межах міста Києва','Регулярно сміттепереробний завод викидає у повітря відходи, які майже унеможливлюють отримання повітря через вікно. Жителі масивів Позняки, Осокорки, Харківський, змушен користуватися кондиціонерам і тримати вікна зачиненими. Вважаю, що дана проблема є загрозою для здоров\\\'я всього населення перелічених районів.','реконструкція заводу, переведення на сучасні європейські технології. Або перетворення  на завод з розподілу сміття, а переробка - поза межами міста!',3,1,23,50.398178,30.673183,0,2),(147,'Свалка в Тоннельной  балке ','Отдыхая на природе, люди не утруждаются   вывозом мусора и кидаю его на под ближайший куст.','Установка мусорных  урн, наложение штрафов, на нарушителей,  субботники ',3,1,2,48.413708,35.032310,0,2),(148,'Свалка в Тоннельной  балке ','Проблема в массовых стихийных свалках после отдыха людей на природе. Мусор с балки не вывозится, и убирается только благодаря активистам на субботниках.','Установка мусорных  урн, наложение штрафов, на нарушителей,  субботники ',3,1,2,48.414276,35.035831,0,2),(149,'Вирубка невеликого лісу ','Раніше був невеличкий ліс, в котрому проживали зайці, у нього ходили люди на відпочинок, але його знищили та почали забудову ділянок біля траси. ','Можливо вже запізно щось робити, але можна попередити вирубки зелених насаджень у подібних ділянках.',3,1,1,48.394905,35.046021,0,1),(150,'Жахливі руїни дому ветеранів','Руїни дому ветеранів, яки розбирають.','Прибрати руїни',3,1,5,47.110561,37.679287,0,2),(152,'проблема днепровских склонов','После того как был построен вертодром и остальные высотные сооружения,  склоны Днепра находятся в критическом состоянии. Под смотровой площадкой образуются овраги, что может критично отразиться на целостности фундамента Мариинского дворца','Собрать консилиум специалистов и выбрать наиболее реалистичный проэкт по укреплению днепровских склонов',3,1,13,50.448650,30.541391,0,7),(153,'Сміттєзвалище ','Пустая поляна , на которой постоянно собирается мусор и люди жгут костры ','Обустроить ее , построить что либо ( дет. площадку , магазины ) или хотя бы просто сделать асфальт ',3,1,2,47.127163,37.673534,0,2),(154,'загрязнение прибрежных морских вод','Загрязнение акватории городскими сточными водами и сточными водами крупнейших промышленных предприятий. Часть загрязнения происходит в результате работы морского порта.','Контроль выполнения норм экологических требований законодательства судами, заходящими в акваторию порта. Детальное рассмотрение эффективности и аккуратности выполнения перегрузки сыпучих грузов, таких как сера, угольный пек, собственно уголь и многие другие виды  минералов. Очистка акватории.',3,1,1,47.088825,37.545776,0,4),(155,'Огромная мусорка','Огромные горы мусора, которые лежат годами и не перерабатываются. Мусор на эту свалку сводят не только со всего города и близлежащих поселков но и с других городов. Наш город как мусорный склад.','Решение проблемы переработки мусора и отходов в стране -первоочередная задача! Никто не хочет заниматься этой грязной работой, бизнесменам не выгодно содержать перерабатываются заводы т.к нет выгоды и перспектив использования переработанных материалов.. Нужно найти применение для переработанных отходов, заинтересовать нужных людей в полезности таких предприятий.',3,1,1,47.135498,37.631607,0,2),(156,'Проблема разрушенных дамб пресноводных ставков','В степи разрушены дамбы пресноводных ставков, Вода в степи - определяющий фактор. ','Необходимо восстанавливать дамбв по примеру Акций Украинского обществыа охраны птиц летом- осенью  2013 года.',3,1,6,45.321255,36.430664,0,4),(158,'Слив с заводского отстойника непосредственно в море','Металлургический комбинат Азовсталь имеет на своей территории отстойник промышленной воды, но вот уже долгое время отстойник прорвал и грязная, технологическая воды вылевается непосредственно в море. Это черное пятно грязной воды видно с воздуха','Потребовать у руководства комбината провести ремонтные работы отстойника и очистных сооружений для предотвращения попадания в воду промышленных, токсичных отходов',3,1,0,47.086956,37.622597,0,5),(159,'Сміття,забруднення повітря','По вулицях розкидане сміття,повітря забруднене заводами з важкої металургії','Хочу,щоб долучали до цього людей,яким не все одно!мі зможемо ще все вирішити!!!',3,1,0,48.719959,37.573242,0,2),(160,'Стихійне сміттєзвалище','Стихійне сміттєзвалище на березі озера де зазвичай відпочивають кияни на Оболоні.','Прибрати територію та влаштувати смітники.',3,1,5,50.532307,30.497831,0,2),(161,'Екологічне забруднення місцевості на заповідній території Апостолівського району, Дніпропетровської області','Забруднення місцевості на заповідній території Апостолівського району викидами з заводів міста Орджонікідзе, Нікопольского району, зокрема Procter & Gamble (химический комбинат). Спроби зекономити на використанні фільтрів призводить до збільшення захворювань на онкологію та респіраторні \"інфекції\". Нижче стаття з сайту «Город Никополь» : С конца июля жители города неоднократно жаловались на то, что в их домах и квартирах появляется пыль темного цвета с отвратительным запахом, которая к тому же почти не смывается.\nПричем подобные случаи фиксировались в разных районах города, в том районах городской больницы, и даже центральной площади им. Ивана Сирко! При этом никаких комментариев от властей по этому поводу до сих пор не последовало. Хотя с почти что 100%-й уверенностью можно говорить, что причиной загрязнения являются промышленные выбросы.','Версий об источнике загрязнения ходит несколько. Некоторые причиной выбросов называют работу местной Богдановской обогатительнйо фабрики, которая расположена относительно недалеко. Но многие кивают в сторону завода бытовой химии «Проктер энд Гембл», который также расположен на территории города. В этом плане стоит вспомнить тот факт, что феврале 2012 года в районе прилегающих к заводу автогаражей территория площадью примерно в 1 гектар была загрязнена неизвестным веществом, до безобразия похожей на стиральный порошок.',3,1,1,47.666080,34.066200,0,1),(163,'Дышим хлором , берилием , бензолом , натрийдихлофокперит , и вообще проблема уже 115 лет','Заводы - 2 крупнейших металлургических комбината , которые выбрасывают   850 млн. тонн отравляющих веществ , мы тут все от рака лёгких дохнем !!!','поставить долбанные фильтры на трубы , хоть белирий с хлором вдыхать не будем , и бензола паубавится ',3,1,3,47.101448,37.601311,0,7),(164,'Озеро Снітинка біля Фастова','Нечистоти з міста Фастів, викидаються у озеро. ','Ремонт(побудова) очисних споруд.',3,1,14,50.106819,29.967270,0,4),(165,'Сміття','Прикро бачити коли люди проходячи кожного дня лісосмугою викидають там сміття із дому йдучи дорогою до дому.  Підлітки підтримують таку тенденцію і теж смітять обгортками і пляшками. І як з цим боротися?!.','Напевно варто поставити бак для сміття. Але хто має оплачувати послуги ЖЕКу?',3,1,6,51.197445,24.703552,0,2),(166,'Вирубка лісу','Йде активна вирубка лісу на горі, над селом, розбивається дорога, висохли джерела, зникли тварини, галявини всі зруйновані самоскидами...','З\"ясувати до якого лісгоспу відноситься ця ділянка, вияснити хто займається вирубкою',3,1,7,48.695042,22.401810,0,1),(167,'Загрязнена річка','Із-за Корсунь-Шевченківської ГЕС рівень річки Рось значно знизився, і ріка почала заростати. Також не добросовісні житалі викидають в річку сміття, що призвело до загрязнення річки. В Росі зменшилась кількість риби майже до мінімуму.','Провести відкриття шлюзів щоб змити зарослі ділянки річки. Провести акцію по чистці річки. Посилити контроль від браконєрства. ',3,1,6,49.413094,31.260611,0,4),(168,'Сміттєзвалище біля джерела води','Неохайно організоване офіційне сміттєзвалище знаходиться за 40 метрів від старовинного польового джерела питної води.','\nПеренести сміттєзвалище на будь-яку відстань від даного місця (територія це дозволяє).',3,1,1,50.456192,28.620382,0,2),(169,'Срублено здоровое дерево','Абсолютно здоровое дерево, которое только начало цвести, срубил какой-то замечательный человек 29.04.2014.','Найти и выписать солиднейший штраф: дерево не на частной территории, чтобы кто-то имел право принимать самовольное решение о его уничтожении.',3,1,0,46.488506,30.677847,0,1),(170,'Слив канализации в озеро','Один из частников сливает продукты своей жизнедеятельности в озеро. Если пройти от спуска с улицы Озерной вдоль ставка по узенькой тропке, рано или поздно натолкнешься на метровую \"речку\" отходов, идущую с частной территории.','Собрать деньги на лопату частнику, чтобы он мог вырыть себе выгребную яму, и сдать его в руки властям за преступление против общества и своих соседей.',3,1,1,46.505081,30.691099,0,7),(171,'Сміттєзвалище','Сміттєзвалище','Впорядкувати силами місцевої громади, місцевих органів самоврядування',3,1,4,49.391499,24.990110,0,2),(172,'Сміттєзвалище','Мешканці однієї з вулиць, створили власне сміттєзвалище, звісно ж несанкціоноване!\nЇдеш через це село, аж самому не приємно що на в\\\'їзді таке твориться.','Притягнути до адміністративної відповідальності винуватців і заставити поприбирати! Покласти відповідальність за вирішення цього на органи місцевого самоврядування і дільничного інспектора.',3,1,10,49.325676,24.992434,0,2),(173,'Грибовицьке сміттєзвалище','Переповнене Грибовицьке сміттєзвалище.','Почати рекультивацію спільно з Львівською міською радою',3,1,20,49.902538,24.036156,0,2),(174,'Стихійні сміттєзвалища','Стихійні сміттєзвалища на території міста','Організація прибирання',3,1,93,50.064194,25.153198,0,2),(175,'Бездомные животные','Достаточное количество бездомных собак','Увеличить бюджет города по охране окр среды и уходу за бездомными животными',3,1,1,46.972755,32.040253,0,7),(176,'Парк завалений сміттям, яке періодично залишають відпочиваючі','Парк \"Перемога\" завалений сміттям, яке періодично залишають відпочиваючі. В частині парку сміття ніхто не прибирає.','Ретельніше прибирати парк. Посилити відповідальність за засмічування території. ',3,1,10,50.466274,30.607437,0,2),(177,'Стихійні звалища на Вінниччині, проблема утилізації відходів','Глобальна проблема Вінниччини - більше 3000 стихійних звалищ, які шкодять природі і не відповідають санітарним нормам. В багатьх населених пунктах відсутні сміттєві баки, сміття кидають прямо на вулиці. Відсутній централізований вивіз сміття. Люди влаштовують звалища де їм заманеться.   ','Посилити відповідальність за засмічування.\nПоставити сміттєві баки.\nПобудувати сміттєпереробний завод.\nВиховувати екологічну культуру.\nЗбільшити кількість прибиральників, особливо в селах',3,1,2,48.381794,28.857994,0,1),(178,'Вирубка лісу.','В с. Карпівка, Могилів-Подільського р-ну, Вінницької обл. здійснюється вирубка лісу. Законна чи ні не відомо, але її необхідно зупинити. На території лісу росте велика кількість різних рослин. Багато з яких знаходяться під охороною(Червона книга України) оскільки є рідкісними.','Я готовий почати вирішення цієї проблеми але мені необхідна юридична допомога.',3,1,3,48.482479,27.864418,0,1),(179,'Сміттєзвалища','Мусорная свалка в городе. Мусор разлетается на всю округу загрязняя близлежащий жилой массив и лес.','Отдать мусороперерабатывающим компаниям. Организовать новую свалку дальше от города и жилых массивов.',3,1,2,44.973785,34.173744,0,1),(180,'утилізація побутових відходів','У місті система вивозу та утилізації сміття працює на дуже низькому рівні. Міська влада не забезпечує стабільну роботу комунальних служб та вивіз побутових відходів, не створює в достатній кількості точки їх збору (банально - смітники).','Створити громадську ініціативу, що тісно співпрацюватиме з міською владою та службами вивозу сміття, а також досліжуватиме цю проблему в регіоні. Провести акції, доброчинні збори коштів на благоустрій міських зон відпочинку та інших місць громадського користування. Крім того, запровадити штрафи за побутові викиди у несанкціонованих місцях.',3,1,0,-67.609222,69.609375,0,7),(181,'Повсеместная рубка леса вокруг Харькова','Лес рубится делянками 500*500 метров подальше от населенных пунктов,что бы меньше видели.Ближе к городу рубят выборочно лучшие деревья.То что ближе к городу в основном ночью дабы не привлекать внимания.И это не санитарная а промышленная рубка.','Проверить законность,разрешение. Перевести эти леса в заповедный фонд.Это ведь чистый воздух для такого большого промышленного города как Харьков.   ',3,1,7,50.015350,36.161926,0,1),(182,'Истребление Байбака(сурка)','Охота из автомобилей. Сурок авто не боится подпускает близко это его и губит.Численность катастрофически снизилась.Если срочно не принять меры по защите в этом регионе может совсем исчезнуть.','Взять под охрану Красной книги.Привлекать для охраны местные общества охотников и неравнодушных граждан.',3,1,1,49.766743,37.250435,0,6),(183,'Забруднена водойма','Забруднена річка Золотоношка через недостатню роботу очисних споруд.','Покращення якості очисних споруд, контроль за викидами в річку.',3,1,5,49.575104,32.092094,0,4),(184,'Забруднене озеро','Забруднене озеро, за 30 років серія озер, в якому купались люди, перетворилось на замулене болото, в яке з часом ще й почали викидати сміття ','Очистити озеро',3,1,15,50.397739,30.431957,0,4),(185,'Забруднення водойм','Міське озеро забруднюється сміттям, що призводить до його пересихання, хоча воно є місцем існування багатьох водоплаваючих птахів','Очищення озера від сміття, просвітницька робота серед населення',3,1,102,50.078297,25.161438,0,4),(186,'Стихійне сміттєзвалище','Дане сміттєзвалище розміщується у місті Снятин Івано-Франківської області і знаходиться недалеко від будинків, де проживають люди, приблизно 250-300 метрів. І практично щовечора по прилеглих вулицях стоїть важкий смердючий смог. Неможливо навіть вийти надвір. Біля звалища протікає струмок. Сміттєзвалище є стихійним і жодних документів на його експлуатування немає, але сміття все одно звозиться на протязі багатьох років. Недавно було зафіксовано, що сміття почали звозити не тільки з міста, а й сіл району, та ще й з сусідніх районів. Жителі прилеглих вулиць неодноразово звертались до влади міста з проханням закрити звалище, але і колишня влада, і теперішня мають 1000 і 1 відговірку: то якийсь проект виробляють, то кошів немає і т. д. А люди всеодно змушені страждати.','Сміттєзвалище закрити, як таке і ліквідувати всю його непоправну шкоду. Винних в незаконному експлуатуванні - покарати!!!',3,1,35,48.449131,25.585999,0,2),(187,'Стврено сміттєзвалище на місці водовідводного каналу','Стврено сміттєзвалище на місці водовідводного каналу, люди викитають сміття яке не перегниває так як не хочуть оплачувати сміттєзбір ','Повідомити місцеву владу, виявити порушників, прибрати',3,1,1,50.552013,30.111036,0,2),(188,'Річка','Не знаю, який унікум поряд описав проблему про Корсунь-Шевченківську дамбу яка буцімто не пускає воду, але вірити цьому не варто. Тому що проблема почалась десяток років назад коли прорили штучний канал з річки Рось до міста Умань, для водопостачання всього міста, де вони і відводять штучно левову частку води. Тому починати з відновлення Річки РОСЬ потрібно тільки з штучного каналу в місто Умань.','Очищення річки, перевірка штучних каналів. ',3,1,0,49.402039,31.251640,0,4),(189,'Проблема','Проблема','Проблему треба подолати',3,1,0,45.089035,-60.468750,0,6),(193,'Мусор под домом','опис відсутній','Дворникам было бы неплохо чаще обходить дом с другой стороны',1,1,0,48.429199,34.714737,0,2),(195,'Вирубують ліс','Вирубують ліс. Не зрозуміло, чи це законно?','Перевірити, чи законна вирубка лісу.',3,1,7,50.493664,29.998512,0,1),(196,'Незаконний вивіз піска. ','Вже більше року вивозять пісок. Загроза зсуву та перетікання озера яке знаходітся в декількох сот метрів','Припинити незаконня. ',NULL,1,5,50.531517,30.581776,0,7),(197,'Спалюють листя','Спалюють листя, дихати дуже важко, особливо ввечері.','Вивозити в мішках і утилізувати під перегній.',NULL,1,2,50.022728,36.354061,0,7),(199,'Шкідливі вихлопні гази ДВЗ','Забруднення повітря від вихлопів шкідливих газів з двигунів внутрішнього згоряння','1. Зменшити кількість пробок на дорогах.\r\n2. Податок в місті Дніпропетровськ на двигуни внутрішнього згоряння.\r\n3. \"Електротранспорт\" (городський та приватний), розвиток цієї галузі дає нові робочі місця, технології винахідника Василя Шкондина, на ЮМЗ є/було виробництво тролейбусiв, фінансування з податку.\r\n\r\np.s. Мрію про той день коли вулицями нашого міста будуть перевозити пасажирів електробусами, а повітря стане не таким забрудненим ;-)\r\n_______\r\n(signature: ecology.dnepropetrovsk@gmail.com)',NULL,1,2,48.452374,35.039520,0,7),(200,'Cкупчення мусору біля Водограю','В районі водограю з прекрасною та чистою водою постійно нагромаджується велика кількість сміття від місцевих жителів та туристів.','Розміщення смітників а також звернення знаком про дотримання екологічної безпеки.\r\n',1,1,2,49.353195,23.240461,0,2),(201,'Потрібна карта для розміщення точок збору пластикових пляшок','В Києві дуже рідко трапляються роздільні баки для сміття. Ця проблема взагалі не обговорюється (або на неї звертають мало уваги) ','На цій карті було б зручно розташувати точки, де є роздільні баки для пластику. Для початку.',NULL,1,3,50.398014,30.547485,0,2),(202,'Сміттєзвалище','Одне з найбільших сміттєзвалищ, яке з роками тільки росте. \r\nДуже часті пожежі у цьому місці.','Побудувати завод по переробці. Уже кілька разів наша влада домовлялась про тендери з німецькими компаніями, але далі слів справа не дійшла. ',NULL,1,1,49.455963,26.975040,0,2),(208,'Вывозят песок с пляжа ','В штормовом, незаконно вывозят из пляжа песок, погрузчиком разрушают все береговую линию и вывозят на строй базы','Законно разобрать проблему',NULL,1,1,45.267879,33.076057,0,6),(209,'Сміттєзвалище 5 метрів від дороги','Дуже близько сміттєзвалище біля дороги. Проїзд до самого сміттєзвалища рідко очищають.','Побудувати завод з переробки сміття, привчити населення сортувати побутові відходи.',NULL,1,1,48.430794,25.720282,0,2),(210,'Несанкціоноване звалища побутових відходів на території села Наварія','Було виявлено несанкціоноване і неконтрольоване звалище відходів, площа якого постійно збільшується. Звалище складається з побутових відходів, металобрухту, будівельних матеріалів, скла, пластику, тощо, які поступово отруюють ґрунт та воду. ','Забезпечити ліквідацію цього несанкціонованого звалища побутових відходів.',NULL,1,8,49.742092,23.905350,0,2),(212,'Незаконна вирубка лісу','Незаконна вирубка лісу відбувається біля села Макалевичі Житомирського району .\r\n\r\nНа карті Гугл Мапс можна побачити фото декількох місць .','Звернення до відповідних органів для запобігання цьому .',NULL,1,16,50.704231,29.532280,0,1),(213,'Незаконний злив відходів в водойму .','За останні 3 роки місцевці жителі села Макалевичі Житомирського району помітили неприємний запах з місцевого ставка та гниття водорослей в ньому .\r\nПричиною цьому є незаконний злив відходів в р.Вирва, що впадає в ставок .\r\nЗлив відходів та каналізації орієнтовно відбувається в с.Федорівка, що знаходиться поблизу .','Звернення до відповідних органів щодо вирішення цієї проблеми .',NULL,1,16,50.700264,29.521809,0,4),(214,'Знищення лісових угідь','Протизаконним рішенням місцевої влади землі державного лісового фонду були оглолошені \"зеленими насадженнями\" і роздані у власність фізичним особам. Унікальна за своїми курортно-лікувальними екосистема фактично припинила чвоє існування. Здійснюються масштабні вирубки та забудова.','Здійснити слідчі дії. Передати справу до суду. Незаконно роздані землі повернути до держлісфонду. Провести можливі заходи з відновлення лісу.',NULL,1,3,50.564484,30.223389,0,1),(215,' Свалка во дворе постоянно горит','Возле домов по пр. Кирова 94 постоянно накапливаются горы мусора самими же дворниками и ими же поджигаются постоянно, чтоб не вывозить. Дышать не возможно очень близко свалка к жилым домам, от едкого дыма кружится голова и начинается кашель. Постоянно вызывается пожарная бригада. НАДОЕЛО!!!','Наказать виновных, наложение штрафов за поджигания в черте города и выговор должностным лицам, курирующим данный район в сфере ЖКХ!!!',NULL,1,1,48.437386,35.013729,0,2),(216,'Вирубка лісу','Неконтрольована масова вирубка лісу','Посилити контроль за станом лісу. Проводити позапланові перевірки.Підвищити міри покарання за незаконну вирубку.',NULL,1,3,50.509499,29.443359,0,1),(217,'осушение водоемов','Частину річки села Триліси здають в аренду для розводу риби. Для її вилову переккривають греблю вище за течією в селещі Кожанка, що призводить до зневодження ставків, падінню рівня води в криницях та руйнування річки в селещщі Кожанка. Не одноразові звертання до екологічної прокуратури результатів не дають.','Здається, що законними заходами ціх проблем не рішити. Остається одне .......',NULL,1,5,49.963863,29.739389,0,4),(218,'Сміттєзвалище прямо вздовж дороги','Сміттєзвалище прямо вздовж дороги по вул. Березневій (або Шліхтера)','Прибрати звалище, встановити штрафні санкції за викидання сміття, посилити контроль',NULL,1,0,50.432007,30.616751,0,2),(219,'Мусор на дороге, и по всей улице','Который год на территории дороги существует оптовый стихийный рынок, куда приезжает куча фур, рабочих и засоряют дороги и прилегающие территории.\r\nА это ведь одна из улиц Киева!!\r\nОдна из самых загрязненных улиц в Киеве.','Запретить рынок! Оштрафовать!',NULL,1,0,50.505238,30.619713,0,2),(220,'Cміття, дуже багато сміття!','Біля кожного двору та сміттєвого баку, величезне сміттєзвалище. З баків смяття вивозять досить часто, а поряд з баками  рідко, і навіть коли забирають, чомусь більшу частину сміття залишають до слідуючого разу. І так кожного разу і   по всьому мікрорайону. Скрізь одні сміттезвалища. Вже по вулиці бігають щури, на пішохідній зоні валяються унітази, скло, старі меблі. Район став одним великим смітником!','Частіше і ретельніше прибирати сміття комунальним службам. Штрафувати людей за виніс великогабаритного сміття на прибудинковій території.',NULL,1,5,49.438217,32.061882,0,2),(221,'Забруднення повітря ',NULL,'Припинити експорт електроенергії з Бурштинської ТЕС в напрямку Угорщини, Словакїі, Румунії. Обладнати сучасними електрофільтрами ту кількість енергоблоків, які потрібні для забезпечення лише власних потреб енергосистеми Бурштинського острову (Івано-Франківська, Львівська та Закарпатська області) в електроенергії. Решту енергоблоків законсервувати.',NULL,1,3,49.206493,24.677696,0,7),(223,'Дуже багато сміття в лісі, яке залишають відпочиваючі','В лісі, вздовж водосховища дуже багато сміття. Люди часто залишають сміття не прибраним, а іноді збирають в пакети і виносять до дороги і влаштовують \"звалища\" там.','Поставити великі контейнери для сміття вздовж дороги. ',NULL,1,0,50.714504,30.528603,0,2),(224,'свалка муссора','здесь массово сбрасывают мусор/строй мусор, и тд итп.','убрать мусор поставить фонари со светом до кооператива, назначить патруль, для патрулирования хотя-бы раз в сутки.',NULL,1,0,50.411121,30.611130,0,2),(226,'вирубка лісу','років 5-6 вирубка лісу площами 1га і більше. навіть на цій карті нема позначки що там знаходиться змішаний ліс, можливо  це зробили зазделегідь, щоб повністю знищити, а на місці лісу активно продають земельні участки під садові товариства. Цей ліс знаходиться на межі Макарівського і Києво-Святошенських р-нів, відноситься до Боярського  лісництва','жорсткий контроль, відкритя кримінальних справ за завдання шкоди державі в особливо великих розмірах (а то якось негарно получається, коли в селі власник зрізає на своїй землі велике дерево то екологічна служба так і норовить виписати штраф 1500-2000грн. а за вирубку гектарів лісу то так навана розчистка велике дякую, або адмінпротокол) . ',NULL,1,4,50.366596,30.044432,0,1),(227,'Сміттєспалювальний майданчик, який горить і димить весь час. ','Голова села Софіївська Борщагівка обладнав сміттєспалювальний майданчик, який постійно димить. В радіусі 1-го км відсутнє свіже повітря.','Знищити або перенести в поле. Винуватців покарати.',NULL,1,1,50.409828,30.357285,0,2),(229,'Вирубки лісу','Варварськи вирубки лісу','Контроль через супутникові знимки та кара винних держслужбовців.',NULL,1,1,50.839767,30.842743,0,1),(230,'Звалище','Звозиться сміття з усього району, зливаються каналізаційні ввідходи, забруднюється ліс, постійно горить сміття, чим створює сморід в населеному пункті Пісківка.','посилити контроль за звалищем і брати кошти на відновлення екосистеми в навколишніх лісах.',NULL,1,5,50.701786,29.642744,0,2),(234,'Відстійники стічних промислових вод, стихійне сміттєзвалище','Закинуті відстійники стічних промислових вод. Сюди скидаються примислові води з навколишніх промислових об’єктів. Місцевими жителями створено стихійне сміттєзвалище та домашню каналізацію. Сміття скидається у воду. З відстійників вода попадає в річку Зубра, яка бере свій початок неподалік. Далі річка Зубра тече по колектору і виходить на поверхню біля ринку Шувар на вул. Чукаріна, створюючи сморід. Річка Зубра впадає в річку Дністер, звідки йде водозабір води на населені пункти в т.ч. і на м. Львів.','Ліквідувати відстійники шляхом їх засипання. Централізувати вивіз сміття із приватного сектору району Козельник. Заборонити відводити домашню каналізацію в річку Зубра.',NULL,1,1,49.802826,24.057558,0,4),(235,'Видобуток уранових руд','Пiдвищенний радiоактивний рiвень, руда з видобутку знаходиться на поверхнi','Вивоз уранових залишкiв руди',NULL,1,1,48.436947,32.329674,0,7),(237,'Ліс навколо озера Глино-Наварія завалений сміттям','Ліс навколо озера буквально завалений сміттям. Його повно там де відпочивають люди і там де, впринципі, люди бувають дуже рідко... Наз биралось за багато років. Гуляти по такому лісу просто бридко. Дуже шкода що таке гарне місце настільки зпаплюжене.','Я прибирав ліс, вивозив повну машину сміття, але цього мало. Одній людині не впоратись.\r\nБУло б добре прибрати сміття на скільки це можливо, \r\nЗробити таблички з проханням на смітити (це допомагає, біля озера є декілька місць де люди поробили лавочки і столики і поставили таблички з закликами не смітити і там дійсно набагато чистіше ніж всюди решта).\r\nДля особливих свиней котрим важко вивезти сміття із собою, вирити декілька великих ям подалі від берегу, щоб туди могли скинути своє сміття. \r\nВ подальшому буде легше вивезти сміття з 2-3 точок ніж збирати його під кожним деревом. І з ями воно не буде розноситись вітром.',NULL,1,0,49.742233,23.949938,0,1),(241,'Екологічний стан річки Інгул в межах міста Кіровограда','Опис проблеми:\r\nЗаболочення, обміління, засмічення інертним сміттям річки Інгул в межах міста Кіровограда, що призвило до погіршення стану питної води в районах міста, які отримують воду з Інгулу. ','•	в Кіровоградській області мають бути започатковані нові підходи та сучасна ідеологія забезпечення житлових будинків питною водою з Інгулу;\r\n•	необхідна система заходів, спрямованих на відновлення природного середовища Інгулу, що включають постійний хімічний контроль води, реконструкцію очисних споруд і зливової каналізації;\r\n•	для підтримки в належному стані річки Інгул, на громадських засадах, потрібно створити волонтерські організації; \r\n•	необхідно вдосконалити систему оцінювання шкоди нанесеної людиною, яка забруднює навколишнє середовище, притягувати до відповідальності навіть за відносно маленькі порушення, увести систему штрафів;\r\n•	 розгорнути якнайширшу просвітницьку компанію в ЗМІ щодо виховання побутової екологічної культури',NULL,1,7,48.504822,32.262169,0,4),(243,'Вырубка и застройка уникального лесного массива в черте города','Харьковский лесопарк представляет собой дубраву естественного происхождения, поэтому как природный объект имеет большую ценность. На его территории произрастают дубы, возраст которых 100-400 лет; также здесь произрастают растения и обитают животные, имеющие охранный статус, как местного (Красный Список Харьковской области), так и всеукраинского (Красная Книга Украины), международного уровня (Европейский и Международные Красные Списки, приложения Бернской конвенции) – более 30 видов растений и более 40 видов животных.\r\nЛесопарк создаёт благоприятный микроклимат для полуторамиллионного мегаполиса. Здесь гуляют и занимаются спортом тысячи харьковчан.\r\nОтдавая территории Лесопарка под застройку, органы местного самоуправления г. Харькова предпринимают действия, которые идут вразрез с природоохранным, лесным, земельным законодательствами, международным соглашениям, мнением территориальной громады. \r\nНа данный момент за заборами находится более 300 га Лесопарка, под застройку выделены 1200 га.','– отменить решения о передаче участков Лесопарка под жилую застройку, в аренду и частную собственность, не допускать принятие подобных решений в будущем;\r\n– произвести демонтаж заборов, огораживающих участки Лесопарка;\r\n– придать всей территории Лесопарка (урочище «Сокольники Померки» - 1826 га и урочище «Алексеевское» — 336 га) статус объекта природно-заповедного фонда с целью сохранения уникального природного объекта в первозданном виде с запретом на передачу участков под застройку, в аренду и частную собственность, прокладку дорог и коммуникаций, вырубку леса.',NULL,1,9,50.058460,36.241577,0,1),(244,'Дуже засмічений і недоглянутий парк','Парк \"Зелений гай\" став дуже засміченим через недбальство людей и влади. Купи пляшок, пластику, позаторiшнього листя та надодачу зi сторони ринку парк майже перетворився на великий туалет. ','Органiзованi акції прибирання в парку, вплив на владу та КП, громадський контроль.',NULL,1,4,49.942108,36.393845,0,2),(245,'Забруднення русла річки Червона внаслідок ерозії грунтів','Довгі роки радянської влади, та й зараз, разпахуються навіть берег річки, із за чого виникає ерозія грунтів і річка майже зникла! На даний час по кадастру ці території не числяться під землями сільгоспугідь, однак з року в рік земля розпахується місцевими фермерами. Їхати треба до Григорівки. Там запитати як проїхати на Долину. За долиною починається Галина річка і далі по ярку йде русло Червоної. Там все дуже добре видно.',NULL,NULL,1,0,50.076969,37.627171,0,4),(247,'Листья','Листья нужно убирать не осенью, а весной, ведь тогда дорогие газоны под листвой будут сохраняться и листва будет не давать вымерзать им. Так делают во всей Европе. \r\nВесной после уборки трава будет сразу ярко зеленой. \r\nЭта проблема касается не только парков.','Вплив на владу.',NULL,1,0,50.020809,36.246964,0,7),(248,'Забрудення навколишнього середовища, води,повітря','На території нашого міста  працює Товариство з додатковою відповідальністю «Перечинський лісохімічний комбінат». Дане підприємство є по суті буджетоутворюючим для нашого міста, і тому, на превеликий жаль, не рахується з населенням, яке тут проживає. Щоденні викиди в повітря видно неозброєним оком для всіх, хто живе в радіусі 2-3 км від підприємства. Забруднюється вода. ','Встановлення фільтрів!',NULL,1,1,48.736774,22.486439,0,7),(250,'Інтенсивна вирубка лісу',NULL,'Перевірити законність вирубки і, якщо потрібно, покарати винних, насаджувати нові дерева на місці зрубаних.',NULL,1,0,49.891537,24.328966,0,1),(251,'Незаконная свалка','Официально свалка закрыта по решению суда. Фактически она продолжает активно работать и развиваться. Ежедневно десятки или сотни машин из Киева свозят сюда мусор. При въезде на свалку работает КПП. Прямо рядом со свалкой находятся населенные пункты Юровка, Трасовка и Крюковщина, строятся коттеджные поселки и частные дома. Ночью в этих поселках стоит сильный запах гниющих отходов. Рядом со свалкой находится озеро \"Крючок\" площадью 8 Га и река Северка. Люди живущие рядом боятся за здоровье себя и своих детей.','Свалку необходимо окончательно закрыть.',NULL,1,1,50.353951,30.348186,0,2),(252,' \"Утилизационный  комплекс\" ( особо опасные отходы) в черте города','В жилой зоне  города, на территории бывшего льнокомбината,  достраивают комплекс по утилизации особо опасных отходов. \r\nЧасть его уже работает.\r\n Не соблюдая положенных мер безопасности, ТОВ\" Эко-Нова\" и \"Эко- Сервис\" моют и утилизируют (путем сжигания) пластиковую тару из -под пестицидов, гербицидов, ядохимикатов и т. д.\r\n.  Вымываемые вещества попадают в р. Случ, которая, в свою очередь, впадает в р. Тетерев. Также предприятия регулярно сливают свою отработанную воду в городскую канализацию.\r\n При сгорании пластик выделяет смертельно опасный диоксин, диоксид и триоксид серы, азот  и т.д.\r\n Также, предприятием получены лицензии на утилизацию продуктов переработки нефти, медицинских принадлежностей, отходов гальванических производств (соли тяжелых металлов),лекарственных средств, тары из -под ртуть содержащих веществ и т. д.  Неизлечимые заболевания и смерти жителей района - только вопрос времени.',NULL,NULL,1,0,50.778156,28.355713,0,7),(253,'Отравление воздуха вредными выбросами','На протяжении многих лет в районе Пересыпи и ул.Балковской периодически трудно дышать из-за жуткой вони','Закрыть НПЗ или в судебном порядке обязать их прекратить выбросы газов в атмосферу',NULL,1,0,46.514977,30.683891,0,7),(255,'Незаконна забудова в селі Чубинське','Біля  комплексу новобудов почались підготовчі роботи компанії ШЕЛЬФ, ТОРГІВЕЛЬНИЙ ДІМ, які проходять без додержання норм будівництва і негативно впливають на довкілля.\r\nПроводилась зустріч з керівництвом метою якої було: ознайомлення громади із специфікою діяльності підприємства, документального підтвердження оприлюднення прийнятих рішень щодо розроблення проектів містобудівної документації з прогнозованими правовими, економічними та екологічними наслідками. Але зустріч не дала ніякого результату, ніякої точної інформації щодо документального підтвердження правових, економічних та екологічних наслідків .\r\nСільська рада без документів ШЕЛЬФА приймає рішення, щодо затвердження плану будівництва, громадські слухання проходить без громадського обговорення, депутати сільської ради планують в грудні 2014 (дата не відома) затверди право діяльності підприємства ШЕЛЬФ (надати дозвіл на виробництво( за словами керівництва ШЕЛЬФА тільки офісно-складські приміщення) без документів підприємству, \r\n','На сьогоднішній день, основними питаннями є:\r\n1) Підприємство офіційно не зареєстровано? (проходить реєстрацію) Буде реєстрація Бориспільського р-ну.\r\n2) Земельна ділянка проходить зміну призначення.\r\n3) Громадські слухання з громадою не проводилися.\r\n4) Немає генерального плану забудови.\r\n5) Немає висновків державних інститутів щодо прогнозів правових, економічних та екологічних наслідків.\r\n\r\nПідкажіть, будь ласка, до кого нам звертатись щодо отримання пояснень, особливо з питань впливу на довкілля, також норм розташування підприємств біля житлових комплексів.',3,1,1,50.385880,30.839567,0,3),(257,'Незаконне полювання на види диких тварин','Здійснюється незаконне полювання на території Регіонального ландшафтного парку Східні Карпати. та незаконна риболовля за допомогою електричного струму.','Посилити контроль за незаконним полюванням, залучати громадськість до контролю за браконєрами.',NULL,1,3,49.153645,23.032150,0,6),(259,'Забруднене озеро.','Протягом кількох років в цю водойму викидають сміття і не тільки.','Звичайно, озеро може самоочищатись, але це займе багато часу. Існують три методи очищення водойм: фізичне, фізико-хімічне та біологічне. Також над цією проблемою повинна задумуватись й Селищна рада смт Запитів, проте про це на жаль ніхто не дбає.',NULL,1,0,49.915165,24.220325,0,4),(260,'Надзвичайно забруднене озеро','Протягом кількох років в цю водойму викидають сміття і не тільки.','Звичайно, озеро може самоочищатись, але це займе багато часу. Існують три методи очищення водойм: фізичне, фізико-хімічне та біологічне. Також над цією проблемою повинна задумуватись й Селищна рада смт Запитів, проте про це на жаль ніхто не дбає.',NULL,1,1,49.913597,24.224640,0,4),(261,'Незаконна вирубка лісів','Через недбалість та велику кількість вирубки лісу, люди часто втрачаються величезні ліси і нові насадження. Проте і це не все. Поширено, зокрема на нашій території, заснування несанкціонованих звалищ побутового сміття в районах лісосмуг чи посадок, при-чому вражає те, що влада країни нічого не робить для запобігання цього, навіть не дивлячись на те що цей факт переріс в серйозну проблему. ','щоб вирішити проблему забруднення і вирубки лісу потрібно: вживати багато заходів по збереженню лісів, зменшити вивіз сміття на лісові ділянки, прийняти рішучі дії вже сьогодні, а не чекати дива, збільшити посадку лісосмуг....і взагалі не вирубувати і не забруднювати ліс взагалі))) і берегти матінку природу!!!',NULL,1,2,49.175644,22.844353,0,1),(262,'тверді побутові відходи ','Забруднення лісів побутовими відходами.','Створення полігону з твердими відходами, сортування та подальша переробка.',NULL,1,0,49.668293,24.559937,0,2),(263,'Незаконне викидання сміття біля р. Дністер!','Мешканці, які проживають вздовж р. Дністер, створили несанкціоноване та неконтрольоване викидання сміття, яке потрапляє у річку і забруднює її. Внаслідок цього річка забруднена пубутовими відходами та різним сміттям!!!','Притягнути до відповідальності винуватців та змусити поприбирати. Покласти відповідальність за вирішення проблеми на органи місцевого самоврядування. Встановити контейнери для роздільного збору сміття.',NULL,1,0,49.337765,22.987003,0,2),(264,'Забруднення поверхневих вод річки Дністер','Житлові будинки, які знаходяться на вулицях Грушевського, Івана Франка, Милярська самовільно підключені до дощових каналізаційних колекторів та здійснюється скид господарсько-побутових стічних вод. Таким чином, неочищені стічні води із житлових будинків скидаються через дощові каналізаційні колектори без належної очистки у р. Дністер, що призводить до значного її забруднення. ','Реконструкція мережі водопостачання, переробка стоків, будівництво кана- лізації',NULL,1,0,49.523426,23.194885,0,4),(265,'Забруднення  поверхневих вод річки Дністер','Житлові будинки, які знаходяться на вулицях Грушевського, Івана Франка, Милярська самовільно підключено до дощових каналізаційних колекторів та здійснюється скид господарсько-побутових стічних вод. Таким чином, неочищені стічні води із житлових будинків скидаються через дощові каналізаційні колектори без належної очистки у р. Дністер, що призводить до значного її забруднення. ','реконструкція мережі водопостачання, переробка стоків, будівництво каналізації.',NULL,1,0,49.518078,23.192139,0,4),(266,'Забруднення навколишнього довкілля.','У м.Рава-Руська спостерігаються такі проблеми:\r\n1.незаконне браконьєрство.\r\n2.вирубка лісу.\r\n3.забруднення атмосферного повітря, внаслідок  пересувних джерел,які перетинають кордон.\r\n4.діяльність заводу,який виготовляє брагу,в повітря виділяються викиди,а в річки відходи.','Щоб вирішити ці прблеми необхідно удосконалити правову і законодавчу систему.Також переходити на чисті джерела палива.',NULL,1,0,50.243690,23.595886,0,7),(267,'Незаконне викидання сміття біля р. Дністер!','Мешканці, які проживають вздовж р. Дністер, створили несанкціоноване та неконтрольоване викидання сміття, яке потрапляє у річку і забруднює її. Внаслідок цього річка забруднена пубутовими відходами та різним сміттям!!!','Притягнути до відповідальності винуватців та змусити поприбирати. Покласти відповідальність за вирішення проблеми на органи місцевого самоврядування. Встановити контейнери для роздільного збору сміття.',NULL,1,0,49.337315,22.989578,0,4),(268,'забруднення атмосферне повітря','1. забруднення атмосферного повітря,внаслідок пересувних джерел,які перетинають кордон.\r\n2.браконьєрство.\r\n3.вирубка лісів.\r\n','Щоб вирішити дані проблеми необхідно врегулювати законодавчу базу.А також розглядати і вирішувати питання стосовно біологічно чистих джерел палива.',NULL,1,0,49.783039,23.156433,0,7),(269,'Незаконне викидання сміття біля р. Дністер!','Мешканці, які проживають вздовж р. Дністер, створили несанкціоноване та неконтрольоване викидання сміття, яке потрапляє у річку і забруднює її. Внаслідок цього річка забруднена пубутовими відходами та різним сміттям!!!','Притягнути до відповідальності винуватців та змусити поприбирати. Покласти відповідальність за вирішення проблеми на органи місцевого самоврядування. Встановити контейнери для роздільного збору сміття.',NULL,1,1,49.336926,22.990007,0,4),(270,'Очисні споруди','В м. Львові вже багато років не працюють очисні споруди. Вся вода з міської каналізації потрапляє в місцеву річку Полтва.','Відновити роботу очисних споруд.\r\n',NULL,1,2,49.867451,24.085787,0,4),(271,'Забруднення та зникнення річки Свиня','Річка має поганий естетичний вигляд та рекреаційний стан, погану якість води. Забрудненна сміттям та різними добривами які використовуються на с/г полях неподалік річки.','1). Створення програм місцевого моніторингу, через який проведеться оцінка стану річки Свиня.\r\n2). Проведення очисних акцій з метою очищення річки за допомогою місцевих учнів  та жителів.',NULL,1,0,50.076530,23.955688,0,4),(272,'Забруднення водойм','Вже багато років в Львові не працюють як належно очисні споруди стічних вод. Фінансування на вирішення проблеми відсутнє, стан очисних споруд жахливий, результати аналізів стічних вод які попадають в річку приховують. Вся вода з міської каналізації потрапляє в місцеву річку Полтва а потім і в Західний Буг.','Показати громаді міста реальну картину, залучити довгострокові інвестиції на відновлення або переоснащення очисних споруд, виконати проект та реконтсрукцію або капітальний ремонт згідно цього проекту.',NULL,1,0,49.865433,24.085207,0,4),(274,'Забруднення водойми комунальним підприємством','Вже багато років в Івано-Франківську не працюють як належно очисні споруди стічних вод. Фінансування на вирішення проблеми відсутнє, стан очисних споруд жахливий, результати аналізів стічних вод приховують. Вся вода з міської каналізації потрапляє в місцеву річку Полтва а потім Західний Буг.','Показати громаді міста реальну картину, залучити довгострокові інвестиції на відновлення або переоснащення очисних споруд, виконати проект та реконтсрукцію або капітальний ремонт згідно цього проекту.',NULL,1,0,49.865517,24.083662,0,4),(275,'Порушення сільськогосподарських угідь та утворення карстових западин','Яворівська екологічна програма  пов’язана із створенням штучного Яворівського озера. Заповнення величезного кар’єру біля м. Яворова річковою водою без формування профілю бортів кар’єру, без водотривкого екрану викликало підняття дна русла річки Шкло, в результаті замулення, забруднення стічними водами і сміттям русла призвело до підтоплення значної території. Це викликало складну санітарно-епідеміологічну обстановку в регіоні». Внаслідок видобутку сірчаної руди на території кар’єру почали утворювати карстові порожнини які несуть загрозу життю людей прилеглих сіл та міст. За оцінками Держуправління екологічної безпеки у Львівській області, в зоні діяльності підприємства екологічна ситуація набуває критичного характеру. Внаслідок інтенсивного видобутку сірчаної руди відбулися небезпечні зміни в структурі ґрунтів у зоні діяльності підприємства, виникли непрогнозовані техногенні явища як на території родовища, так і на території прилеглого району. ','Рекультивація забруднених грунтів, затоплення утворених карстових порожнин та створення рекреаційної зони на території підприємства.',NULL,1,0,49.940617,23.381653,0,7),(276,'Забруднення сільськогосподарських угідь та утворення карстових проваль','Яворівська екологічна програма  пов’язана із створенням штучного Яворівського озера. Заповнення величезного кар’єру біля м. Яворова річковою водою без формування профілю бортів кар’єру, без водотривкого екрану викликало підняття дна русла річки Шкло, в результаті замулення, забруднення стічними водами і сміттям русла призвело до підтоплення значної території. Це викликало складну санітарно-епідеміологічну обстановку в регіоні». Внаслідок видобутку сірчаної руди на території кар’єру почали утворювати карстові порожнини які несуть загрозу життю людей прилеглих сіл та міст. За оцінками Держуправління екологічної безпеки у Львівській області, в зоні діяльності підприємства екологічна ситуація набуває критичного характеру. Внаслідок інтенсивного видобутку сірчаної руди відбулися небезпечні зміни в структурі ґрунтів у зоні діяльності підприємства, виникли непрогнозовані техногенні явища як на території родовища, так і на території прилеглого району. ','Рекультивація забруднених земель, затоплення карстових проваль, створення рекреаційної зони навколо території кар\'єру.',NULL,1,0,49.938847,23.395386,0,7),(277,'Забруднення  поверхневих вод річки Дністер.','Житлові будинки, які знаходяться на вулицях Грушевського, Івана Франка, Милярська самовільно підключено до дощових каналізаційних колекторів та здійснюється скид господарсько-побутових стічних вод. Таким чином, неочищені стічні води із житлових будинків скидаються через дощові каналізаційні колектори без належної очистки у р. Дністер, що призводить до значного її забруднення. ','Реконструкція мережі водопостачання, переробка стоків, будівництво каналізації.',NULL,1,1,49.504978,23.219948,0,4),(278,'Забруднення річок','Каналізаційне відведення, водоочисні споруди, які будувалися за проектом, зробленим ще за радянських часів, на сьогоднішній день для закарпатського Міжгір\'я є чи не найбільшою проблемою. Мережі зводилися у 60-і роки минулого століття і з того часу роботи з їх відновлення не проводились.','Модернізація очисних споруд.',NULL,1,2,48.525700,23.517609,0,4),(279,'Незаконна вирубка лісів','Незаконне вирубування лісів. пошкодження лісової підстилки, нехтування правилами заготівлі деревин','Збільшення контролю за здіснення незаконного вирубування лісів, накладання штрафу за пошкодження лісової підстилки, збільшення контролю за правилами заготівлі деревини',1,1,0,51.827290,25.716248,0,1),(280,'Екологічні проблеми','1.виснаження грунтового покриву,внаслідок ведення садівництва(внесення надмірної кількості добрив).\r\n2.забруднення атмосферного повітря внаслідок викидання автомобільних викидів.\r\n3.незаконна експлуатація лісових ресурсів.','Щоб вирішити дані проблеми необхідно врегулювати законодавчу систему.\r\nНеобхідно дойти до того,щоб використовували біологічно чисті види палива.А також обдуманого введення с/г господарства, і раціонального використання природніх ресурсів.',NULL,1,0,49.798996,23.343201,0,7),(281,'Незаконне сміттєзвалище','Славський полігон ТПВ, що розташований в урочищі «Луги», з 2010 року немає дозволу та лімітів на розміщення відходів, оскільки його експлуатація відбувається з грубими порушення природоохоронного законодавства. Так, Держінспекцією встановлено, що перешарування відходів здійснюється не в повному обсязі, що призводить до забруднення грунтів та вод. Саме це сімттєзвалища є основним забруднювачем довкілля всього Сколівського району. ','Накладання штрафів за несанкціоноване розміщення відходів.',NULL,1,1,48.849045,23.450190,0,2),(282,'Забруднення та зникнення річки Свиня.','На даний час ріка має поганий естетичний вигляд та рекреаційний стан, погану якість води. Забруднена побутовими відходами, тобто сміттям.','Створення програми місцевого моніторингу, через який проведеться оцінення стану річки Свиня.\r\nПроведення очисних акцій з метою очищення ріки за допомогою місцевих учнів та жителів',NULL,1,1,50.043304,23.999376,0,4),(283,'Забруднення річки Турії','Скид недостатньо-очищених стічних вод у річку Ковельським УВКГ \"Ковельводоканал\". Забруднення річки заводом ВАТ \"Ковельмолоко\".','Постійне очищення річки та прибережних смуг річки від побутового сміття..3. Ретельно перевіряти очисні споруди річки..4. Посилити контроль за міською каналізацією і стоками Ковельського УВКГ \"Ковельводоканал\" та очисних споруд ВАТ \"Ковельмолоко\" - підприємств з підвищеною екологічною небезпекою',NULL,1,0,51.235374,24.712372,0,4),(284,'Забруднення річки Турії','Скид недостатньо-очищених стічних вод у річку Ковельським УВКГ \"Ковельводоканал\". Забруднення річки заводом ВАТ \"Ковельмолоко\".','Постійне очищення річки та прибережних смуг річки від побутового сміття..3. Ретельно перевіряти очисні споруди річки..4. Посилити контроль за міською каналізацією і стоками Ковельського УВКГ \"Ковельводоканал\" та очисних споруд ВАТ \"Ковельмолоко\" - підприємств з підвищеною екологічною небезпекою',NULL,1,0,51.235374,24.712372,0,4),(285,' Забруднення річки Турії.','Cкид недостатньо-очищених стічних вод у річку Ковельським УВКГ \"Ковельводоканал\". Забруднення річки заводом ВАТ \"Ковельмолоко\".','Постійне очищення річки та прибережних смуг річки від побутового сміття..Ретельно перевіряти очисні споруди річки.. Посилити контроль за міською каналізацією і стоками Ковельського УВКГ \"Ковельводоканал\" та очисних споруд ВАТ \"Ковельмолоко\" - підприємств з підвищеною екологічною небезпекою',NULL,1,0,51.238762,24.727221,0,4),(286,'браконьєрство','Мешканці с. Демидів займаються браконьєрством на річці Дністер.Виловлення риби проводиться електричними приладами,сітками,вибуховими пристроями.','Притягнення до адмістративної відповідальності осіб які займаються браконьєрством,збыльшення контролю рибнагляду',NULL,1,0,49.370525,24.253693,0,6),(287,' браконьєрство','Мешканці с.Демидів займаються браконьєрством на річці Дністер. Виловлення риби електричними пристроями,вибуховими пристроями, сітками.','Притягнення до адміністративної відповідальності осіб які займаються браконьєрством.Збільшення контролю рибнаглядачів.',NULL,1,1,49.364769,24.243994,0,6),(289,'бездомні собаки','У місті не має приютів для собак!! сумніваюсь, що колись вони появляться!.... місцева влада в цьому не зацікавлена!!!! Проблема полягає в тому, що бездомні собаки несуть загрозу для мешканців міста. Та й взагалі тварини не заслуговують на таке ставлення, бо саме вони є найбільш вірними нам!!!',NULL,NULL,1,1,49.348389,23.506622,0,7),(290,'Браконьерская вырубка леса','Заезжают на машинах и вырубают деревья, скорее всего из частных домовладений для обогрева в зимнее время. Возможно и на продажу, так как берут здоровые крепкие деревья. ','Контроль властей за несанкционированной вырубкой. Штрафы. ',NULL,1,0,50.048981,36.234627,0,1),(291,'Эрозия почвы','Эрозия почвы в овраге, за прошлый год больше 10 деревьев упало в пропасть после летних ливней, обрыв уже съел пешеходную дорожку и продолжает прогрессировать.',NULL,NULL,1,3,51.520668,31.333567,0,1),(295,'Переповнений полігон твердих побутових відходів','Близько 2 тисяч кубічних метрів сміття вивозиться щодня з міста Черкаси на міське сміттєзвалище, що у с. Руська Поляна, ресурс якого вже добіг кінця. \r\nНа часі – проведення обваловки сміттєзвалища, що дозволить продовжити його використання ще на півтора-два роки. Але і це не вирішить проблему. Через велику кількість відходів та накопичення газів на полігоні у будь-який момент може виникнути пожежа, гасити яку доведеться місяцями.','Пошук нового місця для сміттєзвалища. Побудова сміттєпереробного заводу.',NULL,1,0,49.466339,31.860695,0,2),(296,'Бездомные животные','В городе Мелитополь много бездомных животных ,которые приносят антисанитарию городу и опасность населению. Более того они голодные и холодные погибают на улицах города. Каждому жителю хоть раз приходилось такое зрелище видеть проходя по улице. Есть жители, которые отстреливают животных и травят.','Необходимо строительство приюта для бездомных животных, над чем местная организация уже работает (http://ecomel.at.ua/news/melitopolskij_prijut_dlja_bezdomnykh_zhivotnykh/2015-02-28-11). Помимо приюта, необходимо повышать ответственность местных жителей перед теми, кого они приучают. Это делается с помощью организации контроля, регистрации животных и проведения лекций для напоминания о важности культуры человека т.д.',NULL,1,0,46.852207,35.366364,0,5),(297,'Свалки мусора','Свалки строительного мусора','Убрать свалки, поставить предупредительные знаки, организовать за нарушения штрафы',NULL,1,0,46.858650,35.322826,0,2),(298,'Вырубка лесополосы','Вырубка лесополосы местными жителями. Причина вырубки лесополосы- бедность населения и недопонимание для чего лесополосы служат.','Организовать наблюдения и контроль за лесополосой, штрафы за нарушения. Борьба с бедностью и информирование население',NULL,1,0,46.853573,35.300701,0,1),(299,'Неприятный запах от мясокомбината','Неприятный запах от мясокомбината пропавшего тухлого мяса. Запах охватывает пол города в определенное время, в зависимости от направления ветра.','Установка очистных сооружений. Внедрение технологий использования местных отходов на корм животным.',NULL,1,0,46.844608,35.344948,0,7),(300,'Улицы утопают в грязи','В дождливые дни нельзя сделать нормального шага, так как ноги проваливаются  в слои грязи. На улицах грунтовые дороги, после зимы раскисают и пройти вообще невозможно. ','Дороги необходимо забетонировать',NULL,1,0,46.853325,35.325336,0,7),(301,'Хотиславський кар`єр ','Вплив Хотиславського кар’єру на прилеглі території при примусовому водопониженні. Проблеми:\r\nПерша – зміна глибини залягання підземних вод, що призведе до погіршення водо забезпечення населених пунктів та переосушення значних площ в районі досліджень. Враховуючи те, що озера в даному районі переважно карстового походження, це призведе до негативних наслідків і вплине на їх водне живлення. \r\nДруга – зміна величини поверхневого стоку і хімічного складу поверхневих водоймищ. При розробці родовищ необхідне скидання підземних вод до Турського каналу і р.Прип’ять, і далі у Західний Буг та Дніпро. Води четвертинних і крейдяних відкладів в процесі розробок родовищ із слабко мінералізованих перетворюються на сильно мінералізовані. Виникає загроза погіршення якості вод.\r\nТретя – зміна грунтового і рослинного покриву. Це виявляється у результаті зміни рівневого і гідрохімічного режимів підземних і поверхневих вод, а також забруднення повітря і просідання ґрунту.\r\n','Друга черга розробки родовища повинна розпочатися у 2015 р. Видобуток крейди планується проводити трьома уступами до глибини 45 м, із фронтом розробки до 100 м, з водопритоком 27,5 тис. м3/добу. \r\nРозглядаючи сучасний стан питання видобутку крейди білоруські фахівці відзначають, що балансові запаси крейди за промисловими категоріями, які доступні до відкритої розробки, оцінюються у 38 816 тис. м3. Гідрогеологічні умови родовища є несприятливими – крейда обводнена на всю корисну потужність. \r\nЗаборонити видобуток крейди без гідрогеологічного моніторингу. ',NULL,1,0,51.698471,24.204683,0,4),(302,'горить торф',NULL,NULL,NULL,1,0,50.562904,30.294371,0,7),(303,'масове спалення листя і сміття жителямии міста','жителі міста масово спалюють торішнє листя і сміття, в т.ч. пластик. https://www.facebook.com/photo.php?fbid=804308202968233&set=p.804308202968233&type=1',NULL,NULL,1,0,50.560780,30.227337,0,2),(304,'масове спалювання листя',NULL,NULL,NULL,1,1,50.517574,30.239353,0,7),(305,'Неконтрольована масова вирубка лісу','Неконтрольована масова вирубка лісу, корупція в лусовому господартстві.',NULL,NULL,1,0,50.321793,29.049225,0,1),(306,'Незаконне смітезвалище відходів каменеобробки','Незаконне смітезвалище відходів каменеобробки',NULL,NULL,1,0,50.248466,29.146214,0,2),(307,'велика куча сміття',NULL,NULL,NULL,1,0,49.750546,31.418028,0,2),(309,'Сміттєзвалище побутових та будматеріалів','Масштабне сміттєзвалище вже впродовж декількох років. Сміття накопичують місцеві жителі Вільноуланівська, Богатирьово та дачних кооперативів. Ропочалося як завжди з одного маленького пакетику, а зараз у велику проблему для навколишнього середовища.','На рівні місцевих рад заборонити сміттєзвалище. Визначити відповідальних, та розробити план щодо ліквідації сміттєзвалища. ',NULL,1,0,47.940151,35.187321,0,2),(310,'Осушення території, меліоративні роботи, поглиблення русла річки','У жовтні 2014 року розпочаті меліоративні роботи - поглиблюється русло річки з метою осушення навколишньої території що призведе до загибелі єдиного в Україні  і Європі зростання скрученика приємного (орхідея, Червона книга України).','Припинити меліоративні роботи, створити штучні перекати з метою підтримання рівня води у річці та водного режиму у заплаві річки.',NULL,1,1,50.111771,25.089169,0,5),(311,'Меліоративні роботи, поглиблення русла річки, осушення території','У жовтні 2014 року розпочаті меліоративні роботи, ведеться поглиблення русла річки з метою осушення навколишньої території - заплави річки, що призведе до загибелі єдиного в Україні і Європі зростання скрученика приємного (орхідея, Червона книга України).','Припинити поглиблення русла, створити штучні перекати з метою відновлення рівня води у річці та режиму зволоження грунту у заплаві.',NULL,1,1,50.112103,25.087967,0,5),(312,'меліоративні роботи, осушення території, знищення природного покриву','Ведуться меліоративні роботи, пониження рівня води, з метою осушення території по межі із заказником \"Кемпа\" - єдиним в Україні і Європі місцем зростання скрученика приємного (орхідея, Червона книга України) та іншими червонокнижними видами.\r\nУ березні 2015 року спалено територію заказника \"Кемпа\".\r\nСтворена загроза знищення зростання скрученика приємного та інших червонокнижних видів.','Припинити меліоративні роботи, відновити режим водності грунтів у заплаві та у заказнику \"Кемпа\".\r\nПрипинити подальше зайняття та знищення земель заплави із боку Бродів.\r\nРозшитити територію заказника \"Кемпа\", реорганізувати його у заказник загальнодержавного значення.',NULL,1,4,50.106049,25.088482,0,5),(313,'Знищення місця зростання меч-трави болотної (Червона книга України) та','Територія болота роздана під влаштування приватних ставків, дач, місць відпочинку.\r\nВедуться земляні роботи по викопці ставків, копанок, переміщення грунту, знищення рослинного покриву.\r\nЗнищується зростання меч-трави болтної та інших червонокнижних видів.','Припинення зміни режиму водності у заплаві.\r\nПрипинення знищення природного рослинного покриву.',NULL,1,3,50.106682,25.113586,0,5),(314,'Вирубка лісів для побудови гірськолижних трас','Для побудови гірськолижних трас на ТК \"Буковель\" (Івано-Франківська обл., Україна) вирубується ліс.','Припинити побудову нових трас і розширення курорту за рахунок вирубки лісів.\r\nПродовжувати роботу курорту з наявною інфраструктурою.',NULL,1,0,48.092758,23.312988,0,1),(315,'Сміттєзвалище (будматеріали та інше побутове сміття','Несанкціоноване сміттєзвалище через яке проходить пішохідна стежка. \r\n','комунальним службам необхідно ліквідувати сміттєзвалище, зробити паркан, привести у відповідність пішоходні стежки. ',NULL,1,0,50.469021,30.342951,0,2),(316,'Забруднення водоймища','Забруднюється вказане водоймище. Вирішіть будь ласка цю проблему. Дякую!','Штраф за засмічення водойми.',NULL,1,2,49.861828,24.015116,0,4),(317,'Незаконне розміщення 17 тис. тон нафтових відходів (гудронів)','На територію м. Новий Розділ у 2001 році ДП “Спецсервіс” МВС України завезено з Угорщини 17 тис. тонн гудронів. Вони лежать під відкритим небом і зберігаються без належних умов, що призводить до погіршення здоров’я та самопочуття населення м. Новий Розділ (27 тис.) та прилеглих смт. Розділ (2,8 тис.), с. Березина (2 тис.).\r\nУмови зберігання гудронів не відповідають нормам екологічної безпеки, наявний їх негативний вплив на земельні та водні ресурси. Окрім цього, зберігання цих відходів на території України є грубим порушенням вимог Базельської конвенції та постанови Кабінету Міністрів України від 13.07.2000р. №1120.\r\nЗа результатами моніторингових досліджень ґрунтів, зафіксовані перевищення гранично допустимої концентрації (надалі – ГДК):\r\n2008 рік: нафтопродукти 8,0 – ГДК; Pb(свинець) 3.67 – ГДК;  Сd(кадмій) 3,69 – ГДК,\r\n2009 рік: нафтопродукти 6,24 – ГДК; P b (свинець) 4,68 – ГДК, \r\n2010 рік: нафтопродукти 6,21 – ГДК; Pb(свинець)  2,15 – ГДК;  Сd(кадмій)2,32 – ГДК; Ni(нікель) 1,49 – ГДК.','1.	Визначити юридичний статус гудронів;\r\n2.	Вивчити попередні напрацювання щодо гудронів та розробити базовий матеріал про гудрони;\r\n3.	Створити групу волонтерів-екологів з вирішення проблеми в Новому Роздолі та Львові;\r\n4.	Провести інформаційну кампанію щодо шкоди гудронів та можливих шляхів вирішення цієї проблеми;\r\n5.	Довести інформацію про гудрони до Представництва ЄС, Посольства Угорщини в Україні;\r\n6.	Сформувати спільну цільову програму для вирішення проблем гудронів в області із усіма зацікавленими сторонами;\r\n7.	Розробити техніко-економічне обгрунтування (ТЕО) робіт з локалізації гудронів:\r\n-	Зібрати інформацію про порядок та вартість розробки ТЕО;\r\n-	Знайти кошти на розробку ТЕО локалізації;\r\n-	Провести екологічну експертизу впливу на навколишнє середовище;\r\n-	Здійснити морфологічний та хімічний аналіз;\r\n8.	Локалізувати гудрони (зробити закритий бетонний майданчик для зберігання гудронів);\r\n9.	Знайти кошти на розробку ТЕО ліквідаційних робіт;\r\n10.	Ліквідувати гудрони.',NULL,1,2,49.455406,24.090786,0,7),(318,'Небезпечені відходи сірчаного виробництва на території РДГХП \"Сірка\"','Роздільський промисловий майданчик, який займає площу біля 3-х тис. га, з точки зору екології є найнебезпечнішим в Львівській області. Тут накопичено за часів Радянського Союзу десятки мільйонів різних промислових відходів, в т.ч. і небезпечних. По цьому показнику ця територія займає перше місце в області. Тут розташовано:\r\n- біля 60-ти млн. т відходів збагачення сірчаних руд;\r\n- 4,5 млн. т фосфогіпсу;\r\n- 1,5 млн. м3 закислених вод;\r\n- 17 тис. т пластикату, виготовленого з угорських гудронів;\r\n- тисячі тонн залишків некондиційної сірки та інші хімікати;\r\n- тисячі гектарів порушених гірничими роботами земель, які не використовуються;\r\n- руїни будівель, які вже ніколи не можуть бути використаними для нових виробництв та інше.','1. Створити орган стратегічного управління територією РГДГХП \"Сірка\", до складу якого входитимуть усі зацікавлені сторони;\r\n2. Провести юридичний аудит земель;\r\n3. Зробити перелік екологічних проблем, які потребують негайного вирішення;\r\n4. Здійснити необхідні фізико-хімічні дослідження якості грунтів, води тощо;\r\n5. Провести інформаційну кампанію щодо необхідності вирішення екологічних проблем території міста Новий Розділ;\r\n6. Розробити стратегію розвитку території;\r\n7. Лобіювати виділення коштів із державного, обласного, місцевого бюджетів на вирішення екологічних проблем території.',NULL,1,2,49.456299,24.112072,0,7),(319,'незаконна вирубка лісу','Понад планові вирубки лісів у Лугинському районі здійснюються місцевими лісниками для власної вигоди. Знищуються не тільки миловидні окраїни лісу, а й біорізноманітність - рідкі види ягід, які росли в лісовому затінку, просто вигорають на сонці. Окрім того, машини, які возять зрубані дерева, псують місцеву сільську дорогу - жителі неодноразово скаржаться на машини з деревами, але постійно виходити і перекривати дорогу їм не вдається - машини можуть їздити і вночі',NULL,NULL,1,0,51.003601,28.290825,0,1),(320,'Масове вирубування лісу','Навідуючи своїх дідуся і бабусі по дорозі назад вирішили скористатися дорогою яка веде через ліс орієнстовно на карті, легко прогладається з дороги Кисоричі - Нетреба, Ця дорога йде через весь ліс і виходить прямо до траси яка веде на Київ. Отож проїжаючи цією ділянкою жахнувся від всієї картини, там просто все змели під нуль і далі продовжуєтсья вирубування лісу.',NULL,NULL,1,1,51.184509,27.332611,0,1),(321,'сміттєзвалище м. Городок','у вас не позначене - можливо несанкціоноване','Ліквідувати',NULL,1,0,49.801434,23.739052,0,2),(322,'Очень мало мусорок на улицах города Северодонецк.','На улицах нашего города очень мало мусорок, в которые можно по пути выбросить фантик, сигарету, бумажку, обертку. Даже не возле каждого магазина они есть. Приходится носить бумажки с собой до квартиры. Это не страшно. Страшно то, что многие просто бросают мусор на улице. У нас в городе очень хорошо работают дворники. Но мусора всё равно очень много....','Установить больше мусорок.\r\nПовесить плакаты о том, как важно не выбрасывать мусор на улице.',NULL,1,0,48.944828,38.487682,0,2),(323,'Неконтрольоване скидання сміття в не призначеному для цього місці','У селищі Пирогів відсутня необхідна інфраструктура, що змушує місцевих скидати сміття в яр, який знаходиться буквально в 20 метрах від житлових будинків. ','Розмістити в селищі Пирогів необхідну кількість сміттєвих контейнерів, налагодити щодобовий вивіз сміття.',NULL,1,0,50.345078,30.517498,0,2),(324,'засміченість лісу ','багато людей викидають сміття в лісі, а не несуть у відведене місце. ',NULL,NULL,1,0,49.817387,24.121513,0,2),(325,'Несанкціоноване сміттєзвалище','Мешканці села Божиків, створили власне сміттєзвалище, несанкціоноване. Не приємно що на в\'їзді в селе з боку іншого району таке неподобство твориться.','Притягнути мешканців до відповідальності. Зробити повну \"люстацію\" працівникам сільської ради, які не вміють оргаінзувати людей на прибирання і провести розяснювальну роботу із людьми.',NULL,1,7,49.314213,24.994284,0,2),(326,'Стихійне сміттєзвалище','Біля гаражного масиву утворилося стихійне сміттєзвалище',NULL,NULL,1,0,50.396481,30.365353,0,2),(327,'Незаконна вирубка лісу','Знищення 19,1 га Державних лісів першої групи, кліматологічно-оздоровчого призначення, у курортній зоні, на теренах Головного Європейського вододілу, з-за для незаконного будівництва кварталу житлової забудови приватними особами.','Покарати винних, насаджувати нові дерева на місці зрубаних.',NULL,1,0,49.899609,23.984528,0,1),(329,'Вирубка лісу','Незаконне вирубування лісів, пошкодження лісової підстилки, нехтування правилами заготівлі деревини.','Посилити контроль за станом лісу. Проводити позапланові перевірки.Підвищити міри покарання за незаконну вирубку.',NULL,1,0,49.968117,23.325520,0,1),(330,'Екологічний стан повітряного середовища','На території району розміщено два підприємства, що наводяться в списку семи найбільших забруднювачів Львівської області (70% викидів), це – Жидачівський ЦПК та Роздільський ДГХП «Сірка» (Подорожненський сірчаний кар’єр). У атмосферне повітря викидають шкідливі речовини  і стаціонарні джерела. У сумарному обсязі викидів у повітря від стаціонарних джерел забруднення найбільшу питому вагу становлять тверді речовини – 50–55%, а решта галузеві та рідкі – 45–50%. Щорічно із загальної кількості (3,8–4,5тис. тонн) шкідливих речовин без очистки викидається близько 2тисячі тонн.\r\n','1.       Приведення до норм за кількісними та якісними показниками стану очисних споруд (недостатня  кількість та незадовільний стан).\r\n2.       Зменшення видиків у атмосферне повітря через завершення реконструкції та введення в експлуатацію содо–регенераційного котла (СРК–200) на ВАТ «Жидачівський ЦПК».\r\n3.       Інвентаризація всіх джерел викидів забруднюючих речовин в атмосферне повітря.\r\n4.       Дотримання лімітів з викидів у атмосферу підприємствами – забруднювачами повітря.\r\n5.       Нівелювання мобільних джерел забруднення (викиди автотранспорту).\r\n6.       Неорганізовані джерела викидів шкідливих речовин в атмосферне повітря (малі деревообробні цехи, пункти первинної переробки металобрухту чорних металів (їх розрізання), автотранспортні підприємства).\r\n7.       Створення мобільних діагностичних комплексів для визначення технічного стану двигунів і вмісту забруднюючих речовин у відпрацьованих газах автомобілів інших пересувних засобів і установок.\r\n',NULL,1,0,49.382374,24.143829,0,7),(331,'Екологічний стан повітряного середовища','На території району розміщено два підприємства, що наводяться в списку семи найбільших забруднювачів Львівської області (70% викидів), це – Жидачівський ЦПК та Роздільський ДГХП «Сірка» (Подорожненський сірчаний кар’єр). У атмосферне повітря викидають шкідливі речовини  і стаціонарні джерела. У сумарному обсязі викидів у повітря від стаціонарних джерел забруднення найбільшу питому вагу становлять тверді речовини – 50–55%, а решта галузеві та рідкі – 45–50%. Щорічно із загальної кількості (3,8–4,5тис. тонн) шкідливих речовин без очистки викидається близько 2тисячі тонн. ','1. Приведення до норм за кількісними та якісними показниками стану очисних споруд (недостатня  кількість та незадовільний стан).\r\n2. Зменшення видиків у атмосферне повітря через завершення реконструкції та введення в експлуатацію содо–регенераційного котла (СРК–200) на ВАТ «Жидачівський ЦПК».\r\n3. Інвентаризація всіх джерел викидів забруднюючих речовин в атмосферне повітря.\r\n4.  Дотримання лімітів з викидів у атмосферу підприємствами – забруднювачами повітря.\r\n5. Неорганізовані джерела викидів шкідливих речовин в атмосферне повітря (малі деревообробні цехи, пункти первинної переробки металобрухту чорних металів (їх розрізання), автотранспортні підприємства). \r\n6. Облаштування діагностичного центру регулювання паливної апаратури для зменшення викидів у атмосферне повітря.\r\n7. Створення мобільних діагностичних комплексів для визначення технічного стану двигунів і вмісту забруднюючих речовин у відпрацьованих газах автомобілів інших пересувних засобів і установок.',NULL,1,0,49.381477,24.151382,0,7),(332,'Відходи ','Збирання, накопичення, вивезення, утилізація побутового сміття в місті  не відповідає вимогам нормативних документів.. Сміттєзвалище в м. Жидачів розташоване на віддалі 400мерів від р.Стрий. Незавершено роботи з контейнеризації та утилізації непридатних для використання пестицидів. Всього в районі 80,79тонн непридатних і заборонених отрутохімікатів, з них в мішкотарі – 52,69тонн, в бочках – 15,6тонн; в контейнерах – 12,5тонн.У районі відсутній централізований полігон для розміщення і утилізації промислових токсичних відходів. Підприємства розміщують їх на промислових майданчиках на власній території та звалищах. На ВАТ «Жидачівський ЦПК» в процесі виробництва утворено промислові відходи – лампи люмінесцентні  утилізуються на НТП «Галекоресурс» згідно угоди; шлам паливний (IV кл. небезпеки) – розміщується на золонакопичувачі згідно дозволу.','1. Інвентаризація промислових відходів у районі, ведення реєстру об’єктів утворення, зберігання та утилізації відходів.\r\n2. Зниження токсичності залишкових відходів та їх негативного впливу на довкілля шляхом перетворення, знищення або надійної ізоляції (захоронення).\r\n3.Недопущення відкриття нових підприємств та розширення діючих виробництв без розробленого та погодженого в установленому порядку планом захоронення промислових відходів.\r\n4. Розробка, затвердження та реалізація планів захоронення промислових відходів усіма підприємствами, які в процесі промислового виробництва утворюють відходи.\r\n5.Повна переробка кускових відходів деревини на ріски для технологічних потреб, а також брикетування стружки і тирси для можливого використання в харчовій та хімічній промисловості.\r\n',NULL,1,0,49.385391,24.141426,0,2),(333,'Очистные сооружения воняют','очень часто доносится вонь со стороны очистных сооружений в жилые близлежащие спальные районы города. при планируемом расширении городской черты (http://urban.vn.ua/archives/2681), водоотстойники окажутся вообще в черте города (','модернизация и усиление мощности очистных сооружений;\r\nстроительство новых экологически более эффективных (взамен существующих)',NULL,1,1,49.205544,28.434505,0,7),(334,'Забруднення річки Острівка','Басейн річки Стир забруднює КП \"Радехівське міське водо-каналізаційне господарство\", яке здійснює скид недостатньо очищених вод в річку Острівка.','-вирішити проблему стічних вод;\r\n-організувати очистку водойми;',NULL,1,0,50.269375,24.635210,0,4),(335,'Забруднення річки Острівка','Басейн річки Стир забруднює КП \"Радехівське міське водо-каналізаційне господарство\", яке здійснює скид недостатньо очищених вод в річку Острівка.','-вирішити проблему стічних вод;\r\n-організувати очистку водойми;',NULL,1,1,50.279892,24.647291,0,4),(336,'Забруднення річки Острівки','Басейн річки Стир забруднює КП \"Радехівське міське водо-каналізаційне господарство\", яке здійснює скид недостатньо очищених вод в річку Острівка.','-вирішити проблему стічних вод;\r\n-організувати очистку водойми.',NULL,1,0,50.284679,24.650145,0,4),(337,'Забруднення річки Острівки','Басейн річки Стир забруднює КП \"Радехівське міське водо-каналізаційне господарство\", яке здійснює скид недостатньо очищених вод в річку Острівка.','- вирішити проблему стічних вод;\r\n- організувати очистку водойми.',NULL,1,0,50.279411,24.648514,0,4),(338,'Виробництво сірки','Екологічна проблема залишків угорських гудронів на колишньому Роздільському сірчаному кар’єрі.Угорські гудрони з Нового Роздолу загрожують міжнародною катастрофою.Під час інтенсивних опадів неочищені стічні води з гудронів потрапляють в озеро Глибоке та в басейн річки Дністер','Виділення коштів для відновлення екологічної рівноваги\r\nвивезти з території кислі гудрони\r\nутилізація кислих гудронів\r\nрозробка систем природоохоронних заходів.',NULL,1,0,49.465446,24.132843,0,7),(339,'Засмічення','Стрийський парк часто засмічують люди, які там відпочивають','Встановити більше смітників, і штрафи за викидання сміття у розмірі від 50 - 100 грн. Найняти спеціальних працівників які, б за цим дивилися.',NULL,1,0,49.822590,24.025555,0,7),(340,'Засмічення','Відпочиваючі часто забруднюють парк, лишаючи після себе сміття.','Створити штрафи у розмірю від 50-100 грн. Найняти працівників, які б за цим дивилися. Встановити більше смітників.',NULL,1,1,49.822758,24.025040,0,7),(341,'Забруднення річки Тисмениця фенолами','Через використання нафтопродуктів та їх переробку місто Борислав потерпає від забруднення водойм. \r\nНафта сконцентрована в колодязях, ярах, підземних водах і стала не тільки отруйною, але і пожежнонебезпечною.\r\nПоверхневі води річки Тисмениця та підземні води, забруднені фенолами. Особливо високі показники фенольного забруднення у період дощів, які в середньому перевищують ГДК у річках у 40-45 разів. Проведені дослідження динаміки забруднень вод фенолами вказують на зв’язок між нафтофенольним забрудненням вод і підтверджують нафтове походження цих забруднень. ','- побудова очисних споруд;\r\n- проведення комплексного моніторингового контролю забруднення води;\r\n',NULL,1,0,49.280785,23.406078,0,4),(342,'Забруднення річки Тисмениця фенолами','Через використання нафтопродуктів та їх переробку місто Борислав потерпає від забруднення водойм.\r\nНафта сконцентрована в колодязях, ярах, підземних водах і стала не тільки отруйною, але і пожежно-небезпечною.\r\nПоверхневі води річки Тисмениця забруднені фенолами. Особливо високі показники фенольного забруднення у період дощів, які в середньому перевищують ГДК у річках у 40-45 разів. Проведені дослідження динаміки забруднень вод фенолами вказують на зв’язок між нафтофенольним забрудненням вод і підтверджують нафтове походження цих забруднень.','- побудувати очистні споруди;\r\n- проведення комплексного моніторингового забруднення води.',NULL,1,1,49.281982,23.407913,0,4),(343,'Забруднення річки Свиня.','Річка забруднена сміттям, має погану якість води, поганий естетичний вигляд.','Проведення різних заходів по очищенню води з допомогою місцевих жителів та учнів.',NULL,1,0,50.155895,24.033709,0,4),(344,'Забруднення річки Свиня.','Річка Свиня забруднена сміттям та має погану якість води. Також має поганий естетичний вигляд та не придатна для купання.','Проведення різноманітних акцій з метою очищення річки та покращення її естетичного вигляду. До таких акцій можна залучати місцевих жителів та учнів.',NULL,1,1,50.133617,24.052334,0,4),(345,'водна ерозія','під час рясних дощів з земельних угідь більшість яких розташована на схилах,вимивається велика кількість родючого грунту','засадження схилів кущами лісових ягід чи деревами липи ,акації тощо',NULL,1,0,49.620274,24.443207,0,7),(346,'незаконна вирубка','Багато незаконних вирубок лісу, порізка і продаж. Не контролюється вирубка старих дерев, не проводиться очистка і реконструкція лісів.','Кращий і посилений контроль за вирубкою лісу. Організація очистки і реконструкції лісу.',NULL,1,0,49.312141,22.810106,0,1),(347,'Вирубка лісу','Де самовільно масово вирубують ліс, побачити нескладно. Є в селі пилорама, отже, є й бензопили, і вночі вони точно працюють. Не так давно тільки на Прикарпатті налічувалася майже тисяча пилорам. Усі вони зазвичай ріжуть і нелегально добутий ліс. Їх розквіт припав на згаданий 2000 рік. Тоді, крім запровадження парламентом мораторію, тодішній губернатор Михайло Вишиванюк видав сумнівне з погляду закону розпорядження про заборону вивезення за межі області лісу-кругляку. В результаті почали масово виникати пилорами. І, відповідно, масова вирубка лісу.',NULL,NULL,1,0,49.327358,23.015671,0,1),(348,'діяльність свиноферми','свиноферма що розташоює в селі забруднє воду забрудненими стоками,що негативно відображається на якості питної води','встановлення очисного обладнная на фермі і більш чіткий контрольсь за водами що скидає ця установа',NULL,1,0,50.197754,23.795315,0,4),(349,'Проблеми зі сміттям в Пустомитах','Існуюча на територiї Пустомитiвської мiської ради система вивозу смiття є застарiлою, неефективною i такою, що не вiдповiдає стандартам сучасного життя. Люди вивозять смiття у непризначенi для цього мiсця або спалюють його, чим наносять великої шкоди навколишньому середовищу i створюють загрозу розповсюдження рiзноманiтних захворювань та iнфекцiй.','Потрібно з.апровадити нову ефективну i дiючу систему вивозу смiття.Органiзований вивiз смiття покращить екологiчну ситуацiю на територiї міста, буде сприяти очищенню мiсцевостi вiд смiття. Користь вiд цього отримають усi мешканцi.',NULL,1,1,49.708496,23.887024,0,2),(350,'Вирубка лысу','Де самовільно масово вирубують ліс, побачити нескладно. Є в селі пилорама, отже, є й бензопили, і вночі вони точно працюють. Не так давно тільки на Прикарпатті налічувалася майже тисяча пилорам. Усі вони зазвичай ріжуть і нелегально добутий ліс. Їх розквіт припав на згаданий 2000 рік. Тоді, крім запровадження парламентом мораторію, тодішній губернатор Михайло Вишиванюк видав сумнівне з погляду закону розпорядження про заборону вивезення за межі області лісу-кругляку. В результаті почали масово виникати пилорами. І, відповідно, масова вирубка лісу.','Потрібно доцільно провести лісонасадження на неугіддях, в ярах, уздовж річок, навкруг водоймищ та на низькопродуктивних землях сільськогосподарського призначення.',NULL,1,0,49.326687,23.015499,0,1),(351,'Колишній завод Радикал','Тонни ртутьвмісних відходів.','Звертатися до влади з приханням прискорити фінансування задля вивезення та утилізаціії цих відходів.',NULL,1,0,50.457191,30.642908,0,7),(352,'Випасання худоби на території ботанічного заказника',NULL,'Необхідно встановити охоронний знак біля заповідної території',NULL,1,0,50.085014,25.127277,0,5),(353,'Екологічні проблеми ботанічного заказника \"Кемпа\"',NULL,NULL,NULL,1,3,50.085342,25.126762,0,5),(354,'Завод Радикал - майже 100 тисяч тон ртутьвмісних відходів','Токсичні відходи ртуті. На вивезення їх у держави вже багато років немає грошей.','Фінансувати вивезення та безпечну для природи утилізацію ртутьвмісних відходів.',1,1,0,50.457775,30.643488,0,7),(355,'Проблема з очисними спорудами','Відсутність очисних споруд негативно впливає на екологічний стан довкілля селища Щирець. Скид неочищених каналізаційних вод з житлових будинків забруднює річку Щирку котра є лівою притокою Дністра. Сильний різкий неприємний запах на місці скиду відчувають мешканці які проживають навколо.Органолептичнні показники річки з кожним роком погіршуються, зменшується кількість водних мешканців, вода стає непридатною для відпочинку людей.','Вирішенням цієї проблеми було б добре будівництво очисних споруд, яке б скидало у річкову систему очищену воду.Неприємний запах відійшов б в минуле, річка була б чистішою.\r\n ',NULL,1,1,49.644958,23.859730,0,4),(356,'Жорстоке поводження з тваринами в КП','Досліди над цуценятами і пораненими тваринами, напівживі кошенята в смітті, виховання собак .. лопатою, пожертви йдуть на з/п ловцівт тварин і погашення кредитів. Тварин вбивають тисячами!!!','Зробити резонанс у ЗМІ, домогтися прозорого розслідування всіх порушень у діяльності КП із залученням громадських діячів, зоозахисників. Домогтися зміни керівництва КП \"Центр поводження з тваринами\".',NULL,1,0,49.912457,36.277069,0,7),(357,'Свалка','Стихийные свалки мусора возле гаражных кооперативов. Порча деревьев в лесопосадках. Захламленность родника. Эрозия склонов  балки.',NULL,NULL,1,0,47.104252,37.674179,0,2),(358,'Аварійний стан водоскидної споруди','Під час проходження весняного водопілля при великих рівнях води  мостом через річку неможливо пройти.','Виконати ремонтні роботи, та забезпечите безпечний перехід через річку Рось.',NULL,1,0,49.788448,30.114904,0,4),(359,'Стихійне звалище будматеріалів - с.Пирогів',NULL,NULL,NULL,1,0,50.345535,30.520706,0,2),(360,'Незаконне звалище у лісі, сміття вивозять камазами, корупція','На межі сіл Білогородка та Бобриця Києво-Святошинського району у лісосмузі стихійне сміттєзвалище. Сміття туди вивозять машинами, камазами, тракторами - весь ліс засмічено. Водії цих транспортних засобів демутатів місцевих сільрад при спробі зупинити їх посилають на три букви. Місцева міліція бездіяльна і глузує із тих, хто намагається підніти питання. Хоча, мабуть не важко зафіксувати номери порушників і визначити власників транспортних засобів. Притягти до відповідальності, теоретично, має бути можливо. Не зрозуміло тільки як. Потрібна фахова допомога. ','Прибрати силами громади не можливо - надто багато. Потрібно зупинити потік нелегального сміття, для цього потрібні систематичні дії. Підкажіть',NULL,1,1,50.365395,30.206394,0,2),(361,'Горять нафтопродукти','Горить склад БРСМ нафта','Потрібна пожежна авіація!',NULL,1,2,50.118206,30.497929,0,7),(362,'тест, свалка','Тестовая свалка','Почистить',NULL,1,1,50.461166,30.417397,0,7),(363,'таня чорновол','Дура','Уволить',NULL,1,0,50.618614,31.342953,0,5),(364,'рррр','Ороо','Оооо',NULL,1,0,50.835258,31.188282,0,3),(365,'Вырубка деревьев','Периодически, в течении многих лет осуществляются попытки вырубки деревьев. После активных протестов местных жителей действия лесорубов прекращаются.','По проблемам парка создана инициативная группа. За деятельностью вокруг парка можно следить в группах в ВК. Предлагаю принимать участие в мероприятиях (субботниках, эко-фестивалях и др).',NULL,1,1,49.934483,36.395905,0,1),(366,'Забруднення малої річки ','Забруднення річки побутовими відходами та відходами виробництв, захоплення прибережних захисних смуг','Звернення до Водного господарства Харківської області, моніторинг стану прибережної зони річки, звернення до рад, де протікає річка, наглядний аудит',NULL,1,0,49.815613,36.059532,0,4),(367,'Забруднення побутовим сміттям лісосмуги','На протяжении пятилетий систематический выброс отходов жизнедеятельности человека привел к массовому, многослойному скоплению мусора на территории леса. ','Каждые выходные жители города и все желающие службы выходят на уборку загрязненных мест. ',NULL,1,0,49.886837,36.047729,0,2),(368,'Шкідливі викиди в атмосферу','в селі Розвадів вапняний цех - Розвадів будматеріали, розпалюють печі невіломими хімічними речовинами, які здійснюють загрозу атмосфері, населенню, рослинному покриву. \r\nНа фото можна побачити якого кольору дим виходить з труби, а внизу знаходяться ділянки жителів села, засадженні с/г продуктами.','- провести санітарно-екологічну перевірку лабораторії цеху',NULL,1,1,49.532337,23.977661,0,7),(369,'Сміття в парку','В парку біля магазину та неподалік старої ферми знаходяться сміттєзвалища. Мешканці села залишають там своє сміття, оскільки немає організованого вивозу сміття.','Організувати вивіз сміття (хоча б раз на тиждень) по всіх вулицях населеного пункту та прибрати територію парку.',NULL,1,0,49.945530,30.217123,0,2);
/*!40000 ALTER TABLE `Problems` ENABLE KEYS */;
UNLOCK TABLES;

--
-- Table structure for table `Resources`
--

DROP TABLE IF EXISTS `Resources`;
/*!40101 SET @saved_cs_client     = @@character_set_client */;
/*!40101 SET character_set_client = utf8 */;
CREATE TABLE `Resources` (
  `Id` int(11) NOT NULL AUTO_INCREMENT,
  `Alias` varchar(30) NOT NULL,
  `Title` varchar(150) NOT NULL,
  `Content` varchar(10000) NOT NULL,
  `IsResource` tinyint(1) NOT NULL,
  PRIMARY KEY (`Id`),
  UNIQUE KEY `Alias` (`Alias`),
  UNIQUE KEY `Title` (`Title`)
) ENGINE=InnoDB AUTO_INCREMENT=15 DEFAULT CHARSET=utf8;
/*!40101 SET character_set_client = @saved_cs_client */;

--
-- Dumping data for table `Resources`
--

LOCK TABLES `Resources` WRITE;
/*!40000 ALTER TABLE `Resources` DISABLE KEYS */;
INSERT INTO `Resources` VALUES (2,'cleaning','Як організувати прибирання в парку?','  <ol>&#10;    <li>Обійди територію парку&#10;      <ol>&#10;        <li>запиши собі місця найбільших засмічень</li>&#10;        <li>вибери місце з гарним орієнтиром для зустрічі з активістами</li>&#10;        <li>вибери місце зручне для під’їзду сміттєвоза</li>&#10;      </ol>&#10;    </li>&#10;    <li>Вибери зручний день і час для проведення прибирання протягом 2-3 годин. Домовся про це з адміністрацією парку, якщо така є</li>&#10;    <li>Домовся із перевізником про вивезення сміття в зазначений день і потрібний час із місця зручного для під’їзду сміттєвоза&#10;      <ol>&#10;        <li>Перевізнику відходів важливо, щоб вони були якісно посортовані ‐ домовся з ним про кількість фракцій і про те, які типи сміття можна класти разом з іншими</li>&#10;        <li>Домовся про мінімальну кількість відходів, яку готовий вивезти перевізник. В середньому за 2-3 години один учасник збирає 3-4 120-літрових пакети зі сміттям. Загалом же більше половини сміття буде змішане (деякі перевізники його не забирають принципово), а все інше буде окремо скло і окремо пластик у різних співвідношеннях (яке залежить від багатьох факторів)</li>&#10;        <li>Перевізнику важливо, щоб про нього написали (на сайті і в соц.мережах), що він зробив таку гарну справу ‐ допоміг вивезти відходи! Підготуйся зробити це і розказати про такі плани на зустрічі з його представником</li>&#10;        <li>Перевізник зможе краще виконати свою частину роботи, якщо матиме на руках карту із точними вказівками, куди їхати. <a href=\"http://purpose.com.ua/LDU/Maps.doc\">Ось приклад</a> такої карти (зроблено за допомогою Google Maps)</li>&#10;      </ol>&#10;    </li>&#10;&#10;    <li>Максимально широко повідом про заплановану акцію&#10;      <ol>&#10;        <li>в різних соціальних мережах</li>&#10;        <li>за допомогою об’яв на дошках для оголошень на будинках навколо парку</li>&#10;        <li>попроси друзів та знайомих поширити запрошення на акцію і прийти самим</li>&#10;        <li>Залучи на акцію найближчі до парку організації ‐ домовся про участь хоча б 5-10 чоловік від кожної:&#10;          <ol>&#10;            <li>школи</li>&#10;            <li>ВНЗ&#10;              <ol>&#10;                <li>За декілька днів до акції обов’язково особисто поговоріть із тими, хто приведе на акцію студентів або школярів ‐ важливо налаштувати цих керівників на позитивне ставлення до акції ‐ щоб вони саме так подавали її своїм підопічним (щоб участь в акції не була зіпсована негативним до неї ставленням!)</li>&#10;              </ol>&#10;            </li>&#10;            <li>громадські організації</li>&#10;            <li>компанії та підприємства&#10;              <ol>&#10;                <li>Організаціям та компаніям часто важливо, щоб про них написали (на сайті і в соц.мережах), що вони зробили таку гарну справу ‐ допомогли провести акцію! Підготуйся зробити це і розказати про такі плани на зустрічі з їх представниками</li>&#10;                <li>Ось приклад <a href=\"https://docs.google.com/document/pub?id=1DdguRFaLp3Mb5tl4AB4QnEZn2KZNiNi6i3HiPSaG3LQ\">партнерської пропозиції</a> і того, що партнер може <a href=\"https://docs.google.com/document/pub?id=1QMTIpVDrzE3zi8r4mxA4a42awDlUnSh3QHAarmq9IrY\">отримати за підтримку</a> акції</li>&#10;              </ol>&#10;            </li>&#10;            <li>відомих людей&#10;              <ol>&#10;                <li>Ось приклад <a href=\"https://docs.google.com/document/pub?id=1j9k5OZkg9Sq9SUALsDcm5ONga4MkjwcPlF9LEU2h13w\">пропозиції для відомої людини</a></li>&#10;              </ol>&#10;            </li>&#10;          </ol>&#10;        </li>&#10;      </ol>&#10;    </li>&#10;  &#10;&#10;    <li>Оціни можливу кількість учасників акції і забезпеч кожного матеріалами для прибирання (іх можна придбати за допомогою організацій з п.5)&#10;      <ol>&#10;        <li>Три пакети для сміття по 120 літрів кожен</li>&#10;        <li>Пара рукавичок з матерії</li>&#10;        <li>не обов’язково 0,5 літрів води</li>&#10;        <li>не обов’язково 1-2 вологих серветки або рідкий антисептик&#10;          <ul>&#10;            <li>Ось <a href=\"https://docs.google.com/spreadsheet/pub?hl=uk&amp;hl=uk&amp;key=0AiZ6hAt9NrE_dDhuR2hHTGN4NnFhMXFVNTM0QUZOOHc&amp;output=html\">приклад розрахунку бюджету</a> акції</li>&#10;          </ul>&#10;        </li>&#10;      </ol>&#10;    </li>&#10;&#10;    <li>Знайди собі 1-2 помічників. Чітко розподіліть між собою ролі під час проведення акції&#10;      <ol>&#10;        <li>інструктаж учасників про роздільний збір сміття і обережність поводження з ним&#10;          <ul>&#10;            <li>Ось <a href=\"https://docs.google.com/document/pub?id=1EPoVAX8_8m3MIf9p3xBlk9RRprY-Nw2r7qVeb_uW8hc\">приклад інструкції для учасників</a> ‐ краще її зачитати вголос (з листочків її не читають)</li>&#10;          </ul>&#10;        </li>&#10;        <li>видача матеріалів для прибирання</li>&#10;        <li>фотографування, запис відео-інтерв’ю</li>&#10;        <li>залучення до прибирання відвідувачів парку</li>&#10;        <li>зв’язок з водієм сміттєвоза</li>&#10;        <li>облік результатів акції (ось приклад анкети для координатораприбирання в парку)&#10;          <ol>&#10;            <li>кількість учасників прибирання ‐ їх краще рахувати під час видачі рукавиць</li><li><span>кількість зібраних пакетів з пластиком</span><br/></li><li><span>кількість зібраних пакетів зі склом</span><br/></li><li><span>кількість зібраних пакетів з іншим сміттям</span></li></ol>&#10;        </li>&#10;      </ol>&#10;    </li>&#10;  &#10;    <li>Проведи акцію</li>&#10;  </ol>&#10;&#10;  <p>Подякуй учасникам (у найкращих і найбільш свідомих бажано взяти контакти для подальшої співпраці) та залученим організаціям. Опублікуй подяку, результати акції, фото та записані відео-інтерв’ю в соціальних мережах і в блогах. Перешли на <a href=\"mailto:info@letsdoit.org.ua\">info@letsdoit.org.ua</a> результати акції та посилання на фотографії та відео.</p>&#10;&#10;  <p>Все про сміття та як з ним боротися знає аполітична некомерційна громадська ініціатива «Зробимо Україну чистою!», частина Всесвітнього руху <a href=\"http://letsdoitworld.org\">&#34;Let’s do it!&#34; (http://letsdoitworld.org)</a>.</p>&#10;&#10;  <p>Мета ініціативи ‐ докорінно змінити ставлення українців до життєвого простору, прищепити в суспільстві потребу не смітити та дбати про довкілля. Досягти її можна, змінивши повсякденні звички людей ‐ шляхом дій, спрямованих на створення в Україні чистоти і краси (працюючи над вирішенням проблеми, людина стає частиною рішення).</p>&#10;&#10;  <a href=\"http://letsdoit.org.ua/\">http://letsdoit.org.ua/</a>&#10;',1),(3,'removing','Як добитись ліквідації незаконного звалища?','  <p>В Україні існують десятки тисяч несанкціонованих звалищ побутових або будівельних відходів. Більшість таких звалищ розміщені  на природних ділянках, особливо  часто ‐ в ярах, балках, на узліссях і берегах річок.</p>&#10;  &#10;  <p>Звалища являють собою ділянки землі, на яких безконтрольно зберігаються побутові відходи. Часто для зменшення об’єму відходів звалища підпалюють. Такий підхід є неприпустимим, оскільки звалища є серйозним джерелом забруднення повітря та грунтових вод. Жоден з таких самовільно створених пунктів скидання відходів не обладнаний відповідним чином, продукти гниття і розпаду потрапляють у ґрунт і ґрунтові води. Температура гниття подекуди настільки висока, що часто легко призводить до їх займання, до того ж у повітря викидається неймовірна кількість шкідливих речовин.</p>&#10;&#10;  <p>Згідно законодавства України про відходи, відповідальність за відходи перш за все покладається на власника відходів.</p>&#10;&#10;  <p>Стаття 12 Закону визначає, що відходи без власника визначаються як безхазяйні. У випадку, якщо безхазяйні відходи виявлено на земельній ділянці, яка належить приватній особі, ця особа зобов’язана повідомити про ці відходи органи влади, які, в свою чергу, повинні вжити заходів для визначення власника відходів, класу їх небезпеки, здійснення обліку цих відходів та прийняти рішення щодо поводження з ними.</p>&#10;&#10;  <p>Стаття 9. предбачає, що безхазяйні відходи, які знаходяться на об’єктах територіальної громади, є власністю цієї територіальної громади. Власником безхазяйних відходів, які знаходяться на території України, однак не належать до власності територіальної громади, вважається держава.</p>&#10;&#10;  <p>Іншими словами, якщо власника безхазяйних відходів неможливо визначити, то держава або місцеві органи самоврядування беруть на себе відповідальність за такі відходи способом, визначеним в Статті 9 та Статті 12.</p>&#10;&#10;  <p>Щоб побороти таке порушення, необхідно відправити поштою кілька листів.</p>&#10;  &#10;  <p>Зразок листа дивіться нижче. У доданому нижче зразку заповніть пропуски та замініть підкреслені слова на Ваші дані. По кожному сміттєзвалищу треба окремий лист і картинка в додаток (фото і карта де знаходиться звалище; можна принтскрін з Гуглкарт, Яндекскарт тощо).<br/><br/>&#10;&#10;  <a href=\"/docs/official-letter-to-clear-up-illegal-dump.docx\">Завантажити зразок листа (Word Document)</a></p>&#10;&#10;  <p>Інформація надана Національним екологічним центром України <a href=\"http://necu.org.ua/\">http://necu.org.ua/</a></p>&#10;',1),(4,'stopping-exploitation','Як зупинити комерційну експлуатацію тварин?','  <p>Дуже часто в туристичних містах людям пропонують сфотографуватись з тваринами, найчастіше це хижі птахи і сови. Більшість видів хижих птахів в Україні занесені до Червоної книги України. Крім того, така діяльність є жорстоким поводженням з птахами.</p>\n\n  <p>Щоб побороти таке порушення, необхідно відправити поштою кілька листів.</p>\n\n  <p>Зразок листа дивіться нижче. По кожному випадку треба окремий лист і фотографія в додаток. У доданому нижче зразку заповніть пропуски та замініть підкреслені слова на Ваші дані.<br/><br/>\n\n  <a href=\"/docs/official-letter-to-stop-animal-exploitation.docx\">Качнути зразок листа (Word Document)</a></p>\n\n  <p>Інформація надана Національним екологічним центром України <a href=\"http://necu.org.ua/\">http://necu.org.ua/</a></p>\n',1),(5,'stopping-trade','Торгують первоцвітами - телефонуй: \"102-187!\"','  <p>Активісти природоохоронних організацій закликають кожного не бути байдужим до нищення зникаючих видів рослин та викликати міліцію кожного разу, коли ви бачите торгівлю первоцвітами. Ми впевнені, що громадяни мають бути свідомими і не допускати порушення законодавства, міліція має виконувати свої обв’язки, а порушники мають отримати передбачене покарання.</p>&#10;&#10;  <p>Всі види підсніжників і більшість інших ранньоквітучих рослин зникають в природі через торгівлю букетами з їх квітів і тому занесені до Червоної книги. Те саме стосується і черемші. Збір та торгівля первоцвітами в Україні заборонені низкою законів, зокрема, законом «Про Червону книгу України» та законом «Про рослинний світ». На порушників накладається штраф відповідно до статей 88-1 та 160 Кодексу України про адміністративні правопорушення. Також за кожну рослину нараховуються збитки, нанесені державі її знищенням.</p>&#10;&#10;  <p>Що робити? Кожен з нас має усвідомити особисту відповідальність у справі збереження рідкісних видів рослин. Головне, не бути байдужим і не проходити повз порушників; у разі виявлення фактів торгівлі первоцвітами потрібно обов’язково звертатись по допомогу до працівників міліції, якщо вони є поруч, або телефонувати 102 та викликати підрозділ ППС на місце незаконної торгівлі. Міліція зобов’язана реагувати на подібні виклики, зокрема, у рамках операції «Первоцвіт», яка триває в Україні. Міліціонер повинен зупинити торгівлю і  бажано ‐ вилучити або знищити квіти.</p>&#10;&#10;  <p>Знищення букетів не є чимось аморальним. Кожен роздрібний торгівець купує зранку квіти на вокзалі у оптовиків, які привезли їх у велике місто з Криму або Карпат, витрачаючи кілька тисяч гривень на оптову партію. Вилучення букетів гарантує матеріальний удар по порушнику, що відбиває бажання наступного дня повторити протиправну торгівлю.</p>&#10;&#10;  <p>Інформація для журналістів. Практика показує, що працівники міліції дуже старанно виконують свої обов’язки, коли їх про це просить людина з посвідченням журналіста.</p>&#10;&#10;  <p>Інформація надана Національним екологічним центром України <a href=\"http://necu.org.ua/\">http://necu.org.ua/</a></p>&#10;',1),(6,'cruel','Зупинити жорстке поводження з тваринами','<p><span>Питання жорстокого поводження з тваринами не обмежується завданням тілесних ушкоджень. Жорстоким поводженням може визнаватись і неналежні умови утримання, і недостатнє харчування. Щодо умов утримання, то є чіткі мінімальні норми. </span><br/></p><p>Як приклад, норма на ведмедя - 30 метрів квадратних (мінімальна), те що менше - жорстоке поводження.</p><p>Можуть бути й інша зачіпки - тому треба працювати по кожному випадку окремо.</p><p><b>Процедура</b><span> - громадяни роблять звернення для проведення перевірки до Держекоінспекції з вимогою провести перевірку умов утримання червонокнижного виду. А далі у випадку кримінального провадження - до міліції,прокуратури, адміністративне здійснює екоінспекція.</span><br/></p><p>Можуть бути ще особливості, пов\'язані з об\'єктом утримання тварини.</p><p><br/></p><p></p>',1),(8,'green-zone','Як захистити зелені зони від забудови?','<p>Знесення та пересадка дерев, чагарників, газонів, квітників може здійснюватися лише в разі наявності спеціального дозволу (ордера). Ордер видається на підставі акта обстеження зелених насаджень, погодженого з Державним управлінням екології та природних, і рішення міської або районної адміністрації.</p><p><b><br/></b></p><p><b>Якщо Ви хочете захистити свій улюблений сквер чи парк, Ви повинні:</b></p><p>1. З\'ясувати офіційний статус вашої зеленої зони.</p><p>2. Якщо вирубку зелених насаджень розпочато, Ви маєте право перевірити наявність <br/></p><p>                           - <u>акту обстеження зелених насаджень</u>  (дерев, чагарників, газонів, парків, лісопарків, насаджень санітарно-захисних зон), що підлягають знесенню чи пересаджуванню в зв’язку із забудовою та впорядкуванням земельних площ. В акті обстеження зелених насаджень указується дата його складання; склад комісії, що проводив обстеження; найменування органу, який призначив комісію, із зазначенням номера і дати розпорядження або наказу про її призначення, голови комісії; адреса об’єкта, де проводилось обстеження зелених насаджень. Унаслідок обстеження зелених насаджень в акті складається таблиця, в якій указується кількість, вид зелених насаджень, вік, діаметр стовбура на висоті 1,3 метри від землі, якісний стан зелених насаджень (хороший, задовільний, незадовільний), та зазначається, які насадження підлягають зрізуванню чи пересаджуванню; вказується відновлювальна вартість зелених насаджень. Акт підписується головою та всіма членами комісії, завіряється печаткою.<br/></p><p>                           - <u>ордеру на знесення зелених насаджень.</u> Ордер на знесення зелених насаджень видається на підставі рішення (розпорядження) районної державної адміністрації (в ордері вказується номер та дата прийняття цього рішення чи розпорядження) та на підставі акта обстеження зелених насаджень (в ордері вказується номер та дата його підписання). В цьому документі встановлюється строк вирубки (тобто вказується число, до якого рубка має завершитися) та напрямок використання деревини.<br/></p><p>Акт та ордер оформлюються управлінням зеленої зони відповідно до вимог додатків 3 і 2 <a href=\"http://zakon1.rada.gov.ua/laws/show/z0880-06/page\">Правил утримання зелених насаджень міст та інших населених пунктів України</a>. Акт також має бути погодженим Державним управлінням екології та природних ресурсів на місцях, що засвідчується підписом начальника управління, завіреного печаткою управління. У разі їх відсутності негайно викликайте представників  <u>природоохоронної прокуратури</u> на місцях з проханням виїхати на місце до представників скаржників.<br/>Паралельно слід звернутися до <u>Державного управління екології та природних ресурсів</u> для з’ясування того, чи погоджували вони ордер на рубку. Якщо ордер ними не погоджувався – значить, він не дійсний.<br/><br/></p><p>3. З\'ясувати в адміністрації,  чи відповідає землевідведення у Вашій зеленій зоні Генеральному плану розвитку міста. В разі невідповідності зверніться до природоохоронної прокуратури або до суду з проханням скасувати це землевідведення.</p><p><br/></p><p><b>Як з’ясувати офіційний статус зеленої зони в містобудівній документації, насамперед у Генеральному плані розвитку?</b></p><p>Необхідно направити інформаційний запит (це право надане Вам статтею 32 Закону України «Про інформацію») на адресу державної адміністрації.</p><p><b>Шаблони запитів</b></p><table style=\"width: 565px;\" width=\"565\" border=\"1\" cellpadding=\"0\" cellspacing=\"1\">&#10;&#9;<tbody>&#10;&#9;&#9;<tr>&#10;&#9;&#9;&#9;<td style=\"width: 48.0%;height: 346px;\">&#10;&#9;&#9;&#9;&#9;<p> Головному архітектору</p>&#10;&#9;&#9;&#9;&#9;<p> АТ «Київпроект» –</p>&#10;&#9;&#9;&#9;&#9;<p> директору</p>&#10;&#9;&#9;&#9;&#9;<p> ДП «Інститут Київгенплан»</p>&#10;&#9;&#9;&#9;&#9;<p> Чекмарьову В. Г.</p>&#10;&#9;&#9;&#9;&#9;<p> Ваше П.І.Б.,</p>&#10;&#9;&#9;&#9;&#9;<p> Ваша повна поштова адреса</p>&#10;&#9;&#9;&#9;&#9;<p> Інформаційний запит</p>&#10;&#9;&#9;&#9;&#9;<p> Шановний Володимире Гнатовичу!</p>&#10;&#9;&#9;&#9;&#9;<p> Прошу Вас надати довідку щодо  статусу, функціонального призначення  та цільового використання території  (наприклад: обмеженої з двох сторін  вул. Миколи Амосова, з третьої – вул.  Протасів Яр, з четвертої – вул.  Солом’янською; приблизною площею  30 га в Солом’янському районі м.  Києва) в Генеральному плані розвитку  м. Києва до 2020 року.</p>&#10;&#9;&#9;&#9;&#9;<p> Додаток: (викопіювання із будь-якої  карти м. Києва, де Вами обведена  територія, якою ви цікавитеся).</p>&#10;&#9;&#9;&#9;&#9;<p> Дата Ваш підпис</p>&#10;&#9;&#9;&#9;</td>&#10;&#9;&#9;&#9;<td style=\"width: 52.0%;height: 346px;\">&#10;&#9;&#9;&#9;&#9;<p style=\"text-align: right;\">Київському міському голові </p>&#10;&#9;&#9;&#9;&#9;<p style=\"text-align: right;\">Кличко В. В. </p>&#10;&#9;&#9;&#9;&#9;<p style=\"text-align: right;\">Ваше П.І.Б., </p>&#10;&#9;&#9;&#9;&#9;<p style=\"text-align: right;\">Ваша повна поштова адреса </p>&#10;&#9;&#9;&#9;&#9;<p> Інформаційний запит</p>&#10;&#9;&#9;&#9;&#9;<p> Шановний Віталій Володимировичу!</p>&#10;&#9;&#9;&#9;&#9;<p> Прошу Вас надати довідку з державного  земельного кадастру щодо території  (описати місцезнаходження території та  по можливості її приблизну площу,  вказавши, в якому адміністративному  районі м. Києва вона знаходиться).</p>&#10;&#9;&#9;&#9;&#9;<p> Додаток: (викопіювання із будь-якої карти  м. Києва, де Вами обведена територія,  якою ви цікавитеся).</p>&#10;&#9;&#9;&#9;&#9;<p> Дата</p>&#10;&#9;&#9;&#9;&#9;<p> Ваш підпис</p>&#10;&#9;&#9;&#9;</td>&#10;&#9;&#9;</tr>&#10;&#9;</tbody>&#10;</table>&#10;<p> </p>&#10;<p></p><p><span>Відповідь на такий інформаційний запит згідно зі ст. 33 Закону України «Про інформацію» має Вам надійти <b>протягом місяця</b>. В разі, якщо відповідь не надійшла протягом цього терміну, варто зателефонувати до канцелярії (або відділу по роботі зі зверненнями громадян) установи, до якої Ви звертались, і з’ясувати, коли Вам нададуть відповідь.</span><br/></p><p>Якщо після цього Ви так і не дочекалися відповіді, треба направити повторний інформаційний запит.</p><p>Паралельно із цим необхідно звернутися до Прокуратури міста та управління Служби безпеки України в із заявою щодо порушення посадовою особою ст. 5 закону «Про боротьбу з корупцією» та ненадання Вам публічної інформації.</p><p>Дії з ненадання інформації, якщо вони не становлять складу злочину, підлягають покаранню адміністративним стягненням у формі штрафу, а повторне ненадання інформації протягом року загрожує штрафом та звільненням із посади (ст. 8 закону «Про боротьбу з корупцією»).</p><p><b>Які є статуси зелених зон?</b></p><p>Відповідно до наказу Державного комітету України по житлово-комунальному господарству «Про затвердження Правил утримання зелених насаджень міст та інших населених пунктів України» № 70 від 29 липня 1994 р. міські озеленені території діляться за функціональними ознаками на три групи:</p><p>- <u>території загального користування</u> – міські та районні парки, парки культури і відпочинку, сади житлових районів і груп житлових будинків, сквери, бульвари, набережні, лісопарки, лугопарки, гідропарки та інші;</p><p>- <u>території обмеженого користування</u> – насадження на територіях громадських і житлових будівель, шкіл, дитячих закладів, спортивних споруд, закладів охорони здоров\'я, промислових підприємств, складських територій та інші;</p><p>- <u>території спеціального призначення</u> – насадження вздовж вулиць, у санітарно-захисних та охоронних зонах, на територіях ботанічних і зоологічних садів, виставок, кладовищ і крематоріїв, ліній електропередач високої напруги; лісомеліоративні насадження; насадження розсадників, квітникарських господарств; пришляхові насадження в межах міст та інших населених пунктів.</p><p><b>! </b>Термін &#34;зелені насадження&#34; стосується дерев та кущів, але жодним чином не стосується території чи конкретної земельної ділянки. Тому коли йдеться про статус зеленої зони, необхідно користуватися юридичним терміном – &#34;озеленені території&#34;.</p><p>Якщо ваша зелена зона – озеленена територія загального користування (якщо її площа складає понад 2,0 га – це парк, від 0,05 до 2,0 га – сквер) з вільним доступом, призначена для відпочинку міського населення, то будівництво житла, офісних приміщень, автостоянок та автозаправок без зміни статусу цієї території є неправомірним, оскільки:</p><p>Відповідно до ДБН 360–92** «Містобудування. Планування та забудова міських і сільських поселень» розміщення будівель, споруд і комунікацій не допускається (пункт 10.4):</p><p>- на землях заказників, природних національних парків, ботанічних садів, дендрологічних парків та водоохоронних зон;</p><p>- на землях зелених зон міст, включаючи землі міських лісів, якщо об’єкти, що проектуються, не призначені для відпочинку, спорту чи обслуговування приміського лісового господарства.</p><p>Відповідно до Правил утримання озеленених територій міст та інших населених пунктів України на території озеленених територій забороняється (пункт 3.6):</p><p>- вести будь-яке будівництво, у тому числі і павільйонів для торгівлі, розміщення малих форм архітектури без погодження (рішення) місцевих органів державної виконавчої влади;</p><p>- обладнувати стоянки автомашин, мотоциклів, велосипедів та інших транспортних засобів (якщо це призводить до пошкодження зелених насаджень, квітників та газонів);</p><p>- складувати будь-які матеріали.</p><p><br/></p>',1),(9,'illegal','Як зупинити незаконну забудову?','<p>Незаконні забудови — одна з найболючіших проблем жителів середніх та великих українських міст. Зневірені в ефективності будь-якого протесту проти дій забудовників, громадяни у кращому випадку звертаються за допомогою до громадських організацій чи політичних партій (які протестну енергію можуть використовувати у корисливих цілях), а в гіршому — просто безсило спостерігають за тим, як на місці дитячого майданчику чи скверу поряд з їхнім будинком виростає багатоповерхівка чи торговельно-розважальний монстр із заліза та бетону.</p><p>Отже, якщо поряд з вашим будинком поставили паркан та починають завозити будівельні матеріали, а вам це зовсім не до смаку, то вам потрібно:</p><p><i>Створити ініціативну групу.</i> Зрозумійте, що самотужки ви нічого змінити не зможете. При цьому не варто очікувати, що сусіди з великим ентузіазмом сприймуть ваші ідеї — розчарування в громадянській активності, породжене безліччю продажних пікетів та «майданів», занадто велике. Тому на початку вас буде підтримувати лічена кількість однодумців. Проте ваш щонайменший успіх у боротьбі із забудовою одразу призведе до зростання числа активістів.</p><p><i>Перевірити законність будівництва.</i> Згідно зі статтею 376 Цивільного кодексу України, будівництво є законним лише за наступних умов: воно здійснюється на спеціально відведеній для цього ділянці, має всі необхідні дозволи, проходить у цілковитій відповідності з проектом і без порушення стандартних будівельних норм і правил та за умови позитивного вердикту громадських слухань. У <a href=\"http://zakon0.rada.gov.ua/laws/show/1699-14\">Законі України &#34;Про планування і забудову територій&#34;</a>, ст. 23 написано: &#34;Планування окремої земельної ділянки, побудова на ньому будинків і споруд власниками або користувачами здійснюється з урахуванням інтересів інших власників або користувачів земельних ділянок, будинків і споруд”.  Недотримання будь-якої з цих вимог призводить до оголошення будівництва самочинним, після чого воно підлягає знесенню за рахунок забудовника.<b> Звертатися необхідно до місцевої адміністрації </b>та <a href=\"http://www.dabi.gov.ua/\">управління державного архітектурно-будівельного контролю</a> (гаряча лінія: 0-800-210-011). У разі істотного відхилення від проекту, яке порушує суспільні інтереси, суд за позовом відповідного органу державної влади чи місцевого самоврядування може змусити забудовника провести перебудову. Позивачами у такій справі можуть бути лише вищезазначені органи. Звідси порада: з самого початку боротьби проінформуйте про неї місцеву владу, наприклад, написавши листа і підкріпивши його якомога більшою кількістю підписів місцевих жителів.</p><p>У будь-якому разі вам необхідно буде розширювати коло учасників протесту. Для цього знаходьте своїх «колег по нещастю» в інших районах міста, проводьте збори, обмінюйтесь досвідом. Розширення числа активістів неодмінно породить проблему лідерства. Але практика свідчить, що антизабудовні кампанії є більш ефективними, коли не мають конкретних лідерів, яких можна підкупити чи іншим чином нейтралізувати. Обмежтеся колом взаємозамінних координаторів, але всі важливі рішення ухвалюйте винятково загальними зборами.</p><p>Низовий рух, який стрімко розширюється, неодмінно приверне увагу громадських організацій та (особливо!) політичних партій. Так чи інакше вони будуть намагатися використати вас у своїх цілях. Вам важливо цього не допустити, натомість зробити те саме з ними. Партії та організації часто володіють вкрай необхідними для вас ресурсами, насамперед організаційними, і можуть бути корисними. Але в будь-якому разі співпрацюйте з ними обережно і одразу припиняйте співпрацю, якщо помічаєте з їхнього боку відвертий піар. Конфіденційною інформацією намагайтеся особливо не ділитися — немає жодної гарантії, що за певну винагороду від забудовника вони елементарно не «здадуть» йому всі дані.</p><p><i>Час грає на вашу користь.</i> Будь-яке затягування процесу забудови — вам на руку. В умовах економічної кризи та жорсткої конкуренції забудовник не зможе дозволити довгий простій якогось об’єкту, до якого ви його змушуєте, і йому доведеться відступити.</p><p><br/></p>&#10;&#10;<br/>',1),(10,'fir-tree','Як відрізнити браконьєрську ялинку?','<p><br/></p><p>Усі новорічні дерева, відповідно то розпорядження КМУ від 16 вересня 2009 р №1090-р., повинні мати чіпи та маркування на зрізі. </p><p><span>Без цих ознак дерево вважається браконьєрським. </span><span>У разі виявлення таких фактів необхідно телефонувати на гарячу лінію у відділ лісової охорони. </span></p><p>Телефони: 587-63-73, 587-73-83, 066-222-99-00</p><p> <b>На сайті yalynka.info можна ввести номер з чіпа ялинки та перевірити його автентичність та походження дерева.</b></p><p><b>Це ж можна зробити, зателефонувавши на номер 451-20-12.</b></p><p><span>Відповідно до Наказу ДАЛР та МВС у разі виявлення точок продажу нелегальних дерев, міліція має вживати дії щодо припинення такої торгівлі та притягнення винних до відповідальності. Штрафи нараховуються відповідно до ст. 65 КУпАП (85-204гр.) та згідно постанови КМУ №665, де сума штрафу нараховується відповідно до діаметра стовбура (189-1753 гр.)</span></p><p>Інформація надана Національним екологічним центром України <a href=\"http://necu.org.ua/\">http://necu.org.ua/</a></p><p><br/></p>',1),(11,'pollution','Як боротися із забрудненням від заводів?','<p><br/></p><p>Найбільш ефективним методом відстоювання своїх інтересів та інтересів громадян є суд. До якого можна звернутися з позовом на організацію, яка завдає шкоди навколишньому середовищу і здоров’ю населення. За для того щоб підтвердити <b>факт РЕАЛЬНОГО забруднення, організація повинна пройти екологічну експертизу</b>, проведення якої можливо добитися через суд. І на основі цього, буде можливим зобов\'язати організацію встановити додаткові фільтри очистки, перенести виробництво в інше місце, виплатити компенсацію потерпілим громадянам і т.п. </p><p>Екологічна експертиза є процесом встановлення відповідності господарської або який-небудь іншої діяльності нормам екологічних вимог. Вона здійснюється для того, щоб запобігти негативний вплив цієї діяльності на природу. Іншими словами, сама сутність такої експертизи полягає в попередньому, тобто на стадії розробки проекту та прийняття рішення перевірці всіх відповідностей господарської діяльності деяким екологічним стандартам. А основна мета - запобігання шкідливих екологічних наслідків дій компанії або організації.</p><p><b>В основному в залежності від організації і перевірки, ця експертиза ділиться на два типи: державна і громадська</b>.</p><p><span>Державна здійснюється спеціальним органом. Право на проведення екологічної експертизи залежить тільки від Державного комітету з охорони навколишнього середовища, а також її територіальним органам, який виконує такі ж функції. Тільки вони можуть призначати таку експертизу і контролювати її. Така процедура може проводиться на двох рівнях - державному і суб\'єктивному.</span></p><p><span>Що стосується громадської екологічної експертизи, то вона може здійснюється за ініціативою громадян або будь-яких організацій. До того ж така процедура може відбуватися за наказом органів місцевого самоврядування громадськими організаціями основний напрямок яких захищати навколишнє середовище від згубного впливу на неї людини.</span></p><p>Державна здійснюється у встановлених <a href=\"http://zakon4.rada.gov.ua/laws/show/45/95-%D0%B2%D1%80\">Законом України &#34;Про екологічну експертизу&#34;</a> випадках, а громадська в ініціативному порядку. Крім цього ці дві експертизи можуть проводиться одночасно.<br/></p><p><span>Всі стадії здійснення цього процесу тонко врегульовані законодавством держави. Результатом цієї діяльності стає висновок екологічної експертизи, тобто документ, який показує результати перевірки і він містить висновки про допустимість впливу на середовище цієї діяльності.</span><br/></p><p>Отже, щоб добитися екологічної експертизи Ви можете звернутися з позовом до суду, який на основі цього позову може організувати екологічну експертизу підприємства чи звернутися до організації, яка займається такою діяльністю.</p><p><br/></p>',1),(12,'ios-app','iOS App','<p>14 квітня 2015 року вийшла перша версія <a href=\"https://itunes.apple.com/ua/app/ecomap-ukraine/id971673693?mt=8\" target=\"_blank\">ecomap:ukraine</a> для iOS пристроїв!</p><p>Тепер ви можете швидко та зручно додавати проблеми з вашого мобільного.</p><p><br/></p>',1),(14,'about','Про проект','<p>Дуже часто про локальні проблеми знають тільки місцеві організації та декілька сот жителів. А як було б добре підключити до їх вирішення однодумців з інших частин країни!</p><p><span>Цей проект замислювався Всесвітнім фондом природи в Україні як платформа, здатна об’єднати зусилля громадян, різних неурядових організацій та компаній для обміну досвідом та покращення стану навколишнього середовища в Україні.</span><br/></p><p><span>Ви можете позначити екологічну проблему на карті, дізнатися у розділі Ресурси про те, як її вирішити та разом з однодумцями взятися до справи. Або долучитися до вирішення інших проблем у різних куточках України. Якщо Вам необхідна додаткова інформація, надішліть нам лист із запитом. Якщо у Вас є досвід, поділіться ним! Майбутнє країни у наших руках!</span><br/></p><p><span>До вирішення 3-х найважливіших проблем (за результатами голосування) долучиться безпосередньо команда WWF в Україні.</span><br/></p><p><span>Практичну реалізацію проект отримав, як і всі добрі починання, силами активних та небайдужих людей. Початковий варіант цього сайту був написаний 3-ма людьми за 48 годин в межах доброчинного хакатону Hack4Good.</span><br/></p><p><span>Післі того екологічна карта була повністю оновлена та дороблена командою молодих програмістів IT Академії компанії SoftServe під керівництвом Ігоря Цвєткова. Дякуємо всім активістам за допомогу в реалізації цього корисного проекту!</span><br/></p><p><span>Але нам також потрібна Ваша посильна допомога для підтримки та покращення екокарти. Долучайтесь!</span><br/></p><p><span>Якщо Ви вмілий програміст і бажаєте допомагати в розвитку проекту – ми будемо раді бачити Вас в нашій команді;</span><br/></p><p><span>Якщо Ви маєте зауваження чи побажання щодо розширення функціональності проекту;</span><br/></p><p><span>Ми також шукаємо людей для наповнення інформаційної секції «Ресурси»;</span><br/></p><p><span>На початковій стадії запуску цього сервісу кожний активний користувач для нас на вагу золота, тож люб’язно просимо нас лайкати і про нас щебетати.</span><br/></p><p><span>Що більше людей та організацій долучаться, то більше ми зможемо зробити для природи України!</span><br/></p><p><span><br/></span></p><p><span>Контакти</span><br/></p><p><span>Oлександра Ковбаско: alex.kovbasko@gmail.com</span><br/></p><p><span>Дмитро Григор\'єв: grigorev007@gmail.com</span><br/></p>',1);
/*!40000 ALTER TABLE `Resources` ENABLE KEYS */;
UNLOCK TABLES;

--
-- Table structure for table `UserRoles`
--

DROP TABLE IF EXISTS `UserRoles`;
/*!40101 SET @saved_cs_client     = @@character_set_client */;
/*!40101 SET character_set_client = utf8 */;
CREATE TABLE `UserRoles` (
  `Id` int(11) NOT NULL,
  `Role` varchar(45) DEFAULT NULL,
  PRIMARY KEY (`Id`)
) ENGINE=InnoDB DEFAULT CHARSET=utf8;
/*!40101 SET character_set_client = @saved_cs_client */;

--
-- Dumping data for table `UserRoles`
--

LOCK TABLES `UserRoles` WRITE;
/*!40000 ALTER TABLE `UserRoles` DISABLE KEYS */;
INSERT INTO `UserRoles` VALUES (1,'administrator'),(2,'user');
/*!40000 ALTER TABLE `UserRoles` ENABLE KEYS */;
UNLOCK TABLES;

--
-- Table structure for table `Users`
--

DROP TABLE IF EXISTS `Users`;
/*!40101 SET @saved_cs_client     = @@character_set_client */;
/*!40101 SET character_set_client = utf8 */;
CREATE TABLE `Users` (
  `Id` int(11) NOT NULL AUTO_INCREMENT,
  `Name` varchar(45) DEFAULT NULL,
  `Surname` varchar(45) DEFAULT NULL,
  `Email` varchar(45) DEFAULT NULL,
  `Password` char(64) DEFAULT NULL,
  `UserRoles_Id` int(11) NOT NULL,
  PRIMARY KEY (`Id`),
  KEY `fk_Users_UserRoles1_idx` (`UserRoles_Id`),
  CONSTRAINT `fk_Users_UserRoles1` FOREIGN KEY (`UserRoles_Id`) REFERENCES `UserRoles` (`Id`) ON DELETE NO ACTION ON UPDATE NO ACTION
) ENGINE=InnoDB AUTO_INCREMENT=180 DEFAULT CHARSET=utf8;
/*!40101 SET character_set_client = @saved_cs_client */;

--
-- Dumping data for table `Users`
--

LOCK TABLES `Users` WRITE;
/*!40000 ALTER TABLE `Users` DISABLE KEYS */;
INSERT INTO `Users` VALUES (2,'name1',NULL,'name1@.com','850f78d8dace5a42e0d47bd0d73a1bb03173f241',2),(3,'name2',NULL,'name2@.com','850f78d8dace5a42e0d47bd0d73a1bb03173f241',2),(4,'name3',NULL,'name3@.com','850f78d8dace5a42e0d47bd0d73a1bb03173f241',2),(5,'name4',NULL,'name4@.com','850f78d8dace5a42e0d47bd0d73a1bb03173f241',2),(6,'name5',NULL,'name5@.com','850f78d8dace5a42e0d47bd0d73a1bb03173f241',2),(7,'name6',NULL,'name6@.com','850f78d8dace5a42e0d47bd0d73a1bb03173f241',2),(8,'name7',NULL,'name7@.com','850f78d8dace5a42e0d47bd0d73a1bb03173f241',2),(9,'name8',NULL,'name8@.com','850f78d8dace5a42e0d47bd0d73a1bb03173f241',2),(10,'name9',NULL,'name9@.com','850f78d8dace5a42e0d47bd0d73a1bb03173f241',2),(11,'Тарас','Іванов','ldgoust@gmail.com','c2e1f80f2be011f2e36da4a930d9fc3aa8384096',2),(12,'Andrey','Abramov','abramow.andrey@yahoo.com','4a6813fa4b74c2e87aee291ff380990aa84c7f26',2),(13,'Andrew','Palatnyy','apalatnui@gmail.com','49615de64c6b8b27c145b1d29b082f235957b39a',2),(14,'Tony','Gopster','lowriderman@bigmir.net','9af665a6aeb2422e4005c29b1a5fbd1aa8162b94',2),(15,'Igor','Tsvetkoff','tsvetkoff@i.ua','43f43cb22da23c3fafc17272ba124621d90d9da2',1),(16,'Василь','Байцим','v.baitsym@gmail.com','3ea12c8ba688ec956fa378529abf4c08ce462f57',2),(17,'Greens','Volyn','greenskiev@ukr.net','a57323816711c9fbf988fa4bf9f84758184cf296',2),(18,'Роман','Зарічний','roman.zarichnyi@gmail.com','57a38c4c5e082783814b2a0a9dbfcb8c52d8a7cd',2),(19,'Юрій','Пивоваренко','yurij.pyvovarenko@gmail.com','da6aa4829fdc29b7c35f3aaa6f3e5e33ef4346f8',2),(20,'Артем','Круть','artemkrut252@gmail.com','a8f18c09f3ee23f72462034ed8a0ec6ff14c5453',2),(21,'Геннадій','Бондаренко','gena.bondarenko@rambler.ru','fcc24a868832ba95e0d68165b65f6b0050f8159a',2),(22,'Gozak','Natalia','tah@ukr.net','2bed0b39361a3a5f672bdb758469fc88c78de928',2),(23,'ecology','dnepropetrovsk','ecology.dnepropetrovsk@gmail.com','093bf573603a426476a36120308727881be74b40',2),(24,'Oleh','Holodnyak','oleg.gld@gmail.com','23a9659ffb493f3a01a080153e014c99ec835ac2',2),(25,'Oleksandra','Kovbasko','artimia@gmail.com','2d702ddd563ba914b5d04c852744bb1c14804cd4',1),(26,'Олександр','Малиш','a.malysh@ua.fm','e5df2af498f0fbf43a4c322bf4a9d847392d8280',2),(27,'Богдан','Горін','bodja789kg@gmail.com','1ad1481d72a10f40009e5cd8a6337aad49c7ca32',2),(28,'Valentyn','L..','tran4rm@gmail.com','12d7b167afa698da029050f4cff9716d5ad14019',2),(29,'Svyatoslav','Panyonko','panyonko@yahoo.com','249ec8d56204f971fb5aa16a13bc37f96dde6a5c',2),(30,'Ivanna','Tabachuk','pourqoi_pas@ukr.net','74009f4ac4e290074c39ece7477a1da7253f6e1d',2),(31,'Олександр','Руденко','rudik.ru@bigmir.net','9754b06a06799f0580105c1f34484b68a3a88207',2),(32,'Алексей','Бондаренко','bondarenko_aleks@bigmir.net','0c871d982ae8f4d9d6ad1a67a3583fe54da01ba9',2),(33,' Оксана ','Григорьева','maxim.grigoriev1@gmail.com','620076406c77e91703f30f63d5987d476c120033',2),(34,'АЛЕКСАНДР','Александров','aklar@ukr.net','3ade0e142eba3df1f9eaed154bbb4bc45cd4def3',2),(35,'Вікторія','Сергіївна','demjanenko_vika@ukr.net','ec2d619935ce36caed438b12dffed6bfbc3d0bff',2),(36,'Олександр','Шкурко','shkurko13@bigmir.net','62c1f330c2475b9633e4ebd13414eb353851824c',2),(37,'Олександр','Князький','knyazkiyov@gmail.com','db9c2302368119132452c7f2a26b554652eed533',2),(38,'Владимир','Белей','vokin8@gmail.com','f05e4c43b53f86005297508922f80e1bff35e18f',2),(39,'Andrey','Palatnyi','andrey.palatnyi@gmail.com','49615de64c6b8b27c145b1d29b082f235957b39a',2),(40,'Андрей','Веретин','hold1966@mail.ru','8bd6d88729860aa249b8b489079ba97e90c03658',2),(41,'Alex','Vospet','vospet@ukr.net','d2714e803d7de3e5009b19ac2600a6a51848bb43',2),(42,'Максим','Линник','linnikmaksim@gmail.com','7dbd7588b0e0e05cf9e9706143b733cd9a12244c',2),(43,'Олександр','Сікора','vipsikora@gmail.com','e2dbd5324c6dbce885abb06c3a8ab453eebcf87e',2),(44,'Sergey','Ivanov','mirror-worlds@yandex.ru','d4443c91a837192280910367c273d02a8095365e',2),(45,'марта ','пінчак','martusjaforever@mail.ru','fdfe043c3cfb41c9417284a0b7141b09015b6c56',2),(46,'Анастасія','Чала','asya_chala@i.ua','7d64bfa2a1a31af83bedd2d5d067867279d550ad',2),(47,'Сергій','Карпенко ','karpenko_serg@ukr.net','0dc70b1c3619ba58030a8e5d33dbb4b7301e8805',2),(48,'Анна','Гапонюк','anya.levenyatko1990@mail.ru','5210e6608b4e6f19bdb318e4fb0c8da140b52fe4',2),(49,'Віталій','Мокін','vbmokin@gmail.com','af256c1861f2f99ab93c02a0117428e36c090077',2),(50,'Тетяна','Лісова','tanja_kr@list.ru','5b3fe5c3344afa314f981f6cd0cf49b0a06e97eb',2),(51,'Dmytro','Kostylov','dmytro.kostylov@gmail.com','d6b884406fa780849ad991093a7d1b277fc40453',2),(52,'Тетяна','Рішко','trishko@mail.ru','688fd8160544954721e74960f4bf15efc1283c1e',2),(53,'Анета','Тягнибок','aneta1512@mail.ru','c6c237968dd3f1cc87e73d97333b7ce1f69c1f74',2),(54,'Алексей','Мятельский','a.myatelsky@outlook.com','49d9a50434bf028da94d6428eb118fa40ae1226c',2),(55,'Василь','Юращук','dobosh82@mail.ru','465d20ba900881924d2fd68605341b498e792d9b',2),(56,'Леся ','Мінько','minko94@mail.ua','1bd1dfaabf53bf24b8b48645ae7ba8ba2ae7f9e8',2),(57,'Соломія','Парасюк','solomiakoval@gmail.com','0947710023f2e764f5162ea145a4fd607d64a9bd',2),(58,'Руслан','Пиж','ruslanpyzh@gmail.com','f3c8b8e14877341c3ce527a321a0b39b4b31a39d',2),(59,'Наталія','Степована','stepovana@list.ru','d41cfd9ebb547fdc7d4d4de7fd6c3af401f46a92',2),(60,'Вікторія','Кобель','kobel_94@mail.ru','0a90f1d862b279ed94b6e87d76fa559f086d8d4c',2),(61,'Анна ','Мельник','aniameknyk95@gmail.com','528a638e6800fc210c170c4e39a2dde9f8108655',2),(62,'Вікторія','Кобель','kobel_95@mail.ru','b7c4b2eaa4334e7423bffc25c73914e417a0ed5f',2),(63,'Роман','Яворський','xxxromanokxxx@gmail.com','0cf9076adc78a171fe36b8c68f79308c37f04612',2),(64,'Аліна','Максимчук','alino4kazaja@gmail.com','2f16f7134e60f9acae590be7ba6a2f98478fcc4b',2),(65,'Андрій','Шевчун','tar.boiko@yandex.ua','249ec8d56204f971fb5aa16a13bc37f96dde6a5c',2),(66,'Андрій ','Шевчун','ashevchun@mail.ua','d85845038669a68485972502ca80d284e810e161',2),(67,'Михайло','Карпа','mukhailo94@gmail.com','4363049a087f032e564623847b961ffa391105c8',2),(68,'Ірина','Маюк','irynamayuk@gmail.com','850f78d8dace5a42e0d47bd0d73a1bb03173f241',2),(69,'Олег','Барна','abrams__m1a2@mail.ru','d85845038669a68485972502ca80d284e810e161',2),(70,'Олег','Романовський','oleh_94@mail.ru','080d265f418db4722e9f99d4da10eebce841d8bd',2),(71,'Марія','Тиха','marynam@gmail.com','850f78d8dace5a42e0d47bd0d73a1bb03173f241',2),(72,'Антон','Воробйов','antoonmm@gmail.com','cd0aef7ab0eaf402dcdfd703e54a006315218f9c',2),(73,'Вікторія','Якушин','vikavila@gmail.com','d85845038669a68485972502ca80d284e810e161',2),(74,'Тетяна ','Мисак','tanya122@gmail.com','b215f5a57a60dee6220ac64a99a8d8fbcf2567d7',2),(75,'Олександр','Кирей','a.kirey@i.ua','d5c7ae3b5fd9bb2513f74dad7b5661f7cdfb3e76',2),(76,'Олександр','Гордеєв','shtukaturki@gmail.com','0c65c3e560f770f991a0ec348df259e50d7d5d3c',2),(77,'марта','*******','martta@mail.ru','fdfe043c3cfb41c9417284a0b7141b09015b6c56',2),(78,'Сергей','Безбородько','ecochernigov@gmail.com','f10c0554d1acb07da663f36076b816d697bdc4bb',2),(79,'Andrii','Bts','andrii.testmail@gmail.com','58f520e66d66fe8a7326b5e6bbb0b377988257d4',2),(80,'Александр Степанович','Фамилия','ak50@mail.ru','3a3eb4883bc5f4ebc943d584eda09e2cdc5d0038',2),(81,'Vasyl','Kotsiuba','clic@ukr.net','fa15062d2b502e4be1a493370e82b8b20b60fc96',2),(82,'2','2','test@2222','249ec8d56204f971fb5aa16a13bc37f96dde6a5c',2),(83,'Юлія','Спінова','juliaeco87@rambler.ru','bac4aa70345a007ad21125fc33fbd84f8488dbb6',2),(84,'Марина','Дронговська','marydrongovska@gmail.com','580e8788168d1153ce8ea16807ad52ccf6496a9b',2),(85,'Володимир','Ночвай','nochvai@gmail.com','d1d20ad87d436890856b2905dce18671da1ddff7',2),(86,'111','111','mail@mail.ru','111963a2f6a587d8643c0333b241ea756018e798',2),(87,'111','111','m1ail@mail.ru','111963a2f6a587d8643c0333b241ea756018e798',2),(88,'1111111','1111111','adasd@mail.ru','f20a04a7534648aaae7494b836373d4e19b54b9b',2),(89,'34r34r43r@34r.34r','34r','erferffrf@refre.ert','2cbafef28b8f105c298a64a6ea432107ee719b1a',2),(90,'Мар\'яна','Андрусишин','m_andru@ukr.net','63e5403c50dd231539fd0df451d78b4b56de9367',2),(91,'Mikhail','Prs','qwee1@mail.ru','914136b22ffd84d700e1827579cacd20b17e753f',2),(92,'Микола','Кожухаренко','nikolaykozhuharenko@gmail.com','5eccf49aee6f4a1ef3b85de53e984ecb2bb1fbe9',2),(93,'ttt','ttt','ttt@ttt.ttt','7a3ce25e42d7365fb8f6aa9520412bbafc87a855',2),(94,'Олександр','Єфремов','frya@ukr.net','f9901bf620bc016b9203ac53baab7a0646946513',2),(95,'Партія','Зелених','zeleni@mail.ru','16f2b64f1b2f133acefb9b53a1a2c7c007424c27',2),(96,'Оленка','Оленка','vkak2013@mail.ru','ffc2b89269a7dd77961cf2c9553c0ac8c253851c',2),(97,'Ruth','Huistein','gsolber_huistein_1425169767@tfbnw.net','47e4f27c494f3f2ab7fecf1da23d731905ece7ba',2),(99,'Олексій','Гуральник','alexey.huralnyk@gmail.com','c966245ac85f09e8a97210092a7546bf4683d601',2),(100,'Mikhail','Prsj','ecomap@mail.ru','6e7664975424c861bbce83fd7f242bf64e3ff8e1',2),(101,'Даниїл','Майоров','danmaiorov@gmail.com','c6192335b2370cb195f1b5b2224fc685641ada97',2),(102,'Галіна','Ширінська','connja7@gmail.com','5c5ecf17655cbbe34f2e0974dcfa0938601476ed',2),(103,'Лілія ','Квак','janslavn@i.ua','b6b9a90c4cb603751d9396b57c816cc3922b9153',2),(104,'Marianna','Lobay','lobaymarianna@gmail.com','a18292bf5b6a6d5fdc37688a94cbb8b08ca52475',2),(105,'Djkjlbvbh','<fnjxtyrj','vydra07@bigmir.net','08d71a8a3995ba0e0011ef063347c6c47bb6417e',2),(106,'Ініціативна Група','МІСТО МРІЇ','udnk_people@meta.ua','a1fe249997d004bf386ee7af41856cfa7d722f1a',2),(107,'Ваня','Зубкович','zubkowuch11@rambler.ru','c59191f3612bf3a285f48a8a165588216ea2af78',2),(108,'Олександр','Ткаченко','sanches999@ukr.net','1cdc2b522c6d77a0a7b0f58fdf18b1457bf40dc3',2),(109,'Victoria','Shevchenko','victoriashevchenko33@gmail.com','1593bc2110b5c17cd0a50986b52f1a7044c92cf5',2),(110,'Сергей','нест','ssnest@list.ru','06d50392d0059108a2ae1a57bbaa23d7b7f78629',2),(111,'Наталія ','Юхименко','shyjan@i.ua','ed20795bac11c110d5ba753860d44d2ca365f5ef',2),(112,'Христина','Косач','hrustya_hlyan@i.ua','1fc48f81a5d3447478adaff9ea4888de5313bd05',2),(113,'Антон','Коверник','propet90@gmail.com','30eaf48569f9a407329d4be1e31a320a3001031e',2),(114,'Володимир','Янович','yanovich.volodya@yandex.ru','d4b56a27402c2abe96cfe3c7f9ae6f6060ac7e84',2),(115,'Богдан','Левко','bohdan70707@mail.ru','586100547e67a4643b51ef7f0da169f463e34591',2),(116,'Yuriy','Kurilenko','yuriy.kurilenko7@gmail.com','2640fc953df91f7a3bc875573101060892a84901',2),(117,'Володимир','Крижанівський','krizvol@gmail.com','2975844ff702fd254b7ef3c5216472a5c0b585b0',2),(118,'Bogdan','Kurinniy','assassid@ukr.net','6619729b7f7cb626fca4a64ddcf1a53232645c69',2),(119,'Мальвіна','Шинкарчук','malvina.schinkar4uk@yandex.ua','d3df68c3042553f03415e269e278054d7232c62d',2),(120,'Іванна','Бесараб','yesivanna@mail.ru','ad72853e59aca0f0f55d6d40a9a911c1508e3152',2),(121,'mykola','kharechko','crchemist@gmail.com','78420443e3b828efc1814a56a9fd73d73c43e8e7',2),(122,'Ганна','Карпенко','karpenkoganna@gmail.com','4136bb6e3c91022df541b4f3d56762628dd14b0f',2),(123,'Zoryana','Borysova','zoryanaluskavets@gmail.com','a6e0cd05927ef91d3f9d211a09bf21efba8eb9c9',2),(124,'Віка','Шутяк','a380632814325@gmail.com','b9de729a044be12f0df1ca6a85003e52795a8c59',2),(125,'Вікторія','Хлян','igor.budzin@yandex.ua','058746909f22bfcc0ea0ad564b3b3a57ba6e5a98',2),(126,'Ірина','Мельничук','melnychukiryna@i.ua','c5d3885a0de7b2de74f5faea212734945ab8c70e',2),(127,'Вікторія ','Баран','vikabaran@i.ua','f0d118e3246dc806861958092f4e51e6f444359a',2),(128,'Вероніка ','Вайда','veronikavayda@i.ua','9b2a76c3c505c545f9044c2393c9e33c85e4c909',2),(129,'Ірина ','Мельничук','melnychukiryna@mail.ua','f84ad05e900d5faf1e7162a73b8dbd28155eea43',2),(130,'Ірина','Антонюк','melnychukiryna@gmai.ru','998205dbe91cef5cad6a3940075f16cc0504ba3c',2),(131,'Ірина ','Мельничук ','melnychukiryna@bigmir.ua','cea223e352eafa811622e54bbea1776e042cf60c',2),(132,'Yulia','Mytsyk','yulia.kosinska@ukr.net','841f08706b7e7fdd05c9ee8dc22c422fd71152e3',2),(133,'Павло','Костюк','thepublicenemy1994@gmail.com','d1c10d7743a0272759b18054312eb3023ae62033',2),(134,'Марія ','Лопачак','lopachakm@mail.ru','91e30a3c498abe0076ac90ee36c51bd68059d8f1',2),(135,'Лілія','Вовчко','vovchkoliliya@ukr.net','076787708af1a9419499af32ca3a48bc683f423a',2),(136,'Мирослава','Велика','ostapuk_galia@mail.ru','80780dd9eb836fa65707b2740dc10cf9b22ac74e',2),(137,'Дмитро','Андрушкевич','adm071194@gmail.com','c5cb8f111870ee9d5b2db8dba81de94cc5c86d82',2),(138,'леся','фірич','adm071195@gmail.com','dbbff291d050438170cddbedb7ad1881976f6d09',2),(139,'Лілія','Зубак','l.komarnitska@mail.ru','9069bedf1b1f7346002c750799c45956a9de6066',2),(140,'Галина','Андрухів','andruhivhalya@ukr.net','4216840565c06f21cde5bfbc410359fb68681938',2),(141,'христина ','садовець','sadovets.christina@mail.ru','2123f5f611a6bb7d321f82527ea8dcf6881dce2c',2),(142,'Ольга ','Кунець','olya.kunets.93@mail.ru','60d8da6e682589b94cbb1357c092d19af7e8c97c',2),(143,'лілія','Зубак','l.zubak@mail.ru','63f10a4aa231f79c51cefb70203be20445a8e02b',2),(144,'Zhanna','Kuzmytska','kuzmytskazhanna@gmail.com','a0f8dee7c389a00cb369816bab4f08613807764c',2),(145,'Євген','Довбуш','edovbush@ukr.net','41fafc895b65e2fd1aaaa53842490cc4103c27e1',2),(146,'Марина','Дроздовська','mariamatviychuk230894@gmail.com','5e78bae53b12c4ef9249a61a3fc6dfdc005bf07f',2),(147,'ірина','подольччак','iralito@i.ua','849b4103259611b02654b187b3159bca165dfe0c',2),(148,'anja','okeanja','martakauffman@gmail.com','4cdaf67b68ed21d0ba1f33de1e25ed9c1e222336',2),(149,'Андрій','Подібка','andriy.podibka@mail.ru','c08489216d663ef7e115ddbd1c16c45dad962204',2),(150,'Юрий','Семенцов','vainemeinen@rambler.ru','2203a395083445640550e080ebb361ab6be2396e',2),(151,'Юрий','Грабилин','krabmail777@gmail.com','0de6bae28bd9019fed7a120101f294a90340d9b4',2),(152,'Микита','Жук','antidote.mail@gmail.com','d131db086c55ce0bee109b4ab699d7f4640b321c',2),(153,'Лесь','Баськов','oleksandrbaskov@gmail.com','cadf7eb682ee81c1d7624e03b3004df728e5a559',2),(154,'Олег','Пугаєв','oleh4pk@gmail.com','6836447a781460f3c982e4afbf6a7d99fa4ec5df',2),(155,'Леся','Войтенко','secretpartner888@gmail.com','e5172facc874047f26bea38f42faf2b8c1576f65',2),(156,'Іван','Жалдак','zhaldak.ivan@gmail.com','904bf248b2c105640a7b2b426083a4f523f5dc05',2),(157,'Andriy','Martyshko','a.martyshko@gmail.com','0c66f7cce1cc51bfddc0e26b059a6ff5bdc6b6bb',2),(158,'Ivan','Hadji','inhadj11@gmail.com','6946403374c8d9fbc7fc6ef90418afb1436aadf3',2),(159,'Anna','Vilde','anneco@yandex.ru','6e996ae7e89d429b43de545c76d690545b0208c8',2),(160,'Konstantin','Yarmolenko','yarmolenko@gmx.de','594d5eebb2f4fc91c24a49a98b69d0b8bc2d8054',2),(161,'Саша','Чёрный','duta.sana@mail.ru','3604632b70e67cb29dd036f7f7f837313c20fdda',2),(162,'Павло','Вікторович','pavelpivdenne@inbox.ru','011f44cab93ce723f6bac35305da68ef223d2100',2),(163,'Yuriy','Vladimirovich','y.ridkous@gmail.com','e0da783aa1b6a4b3891fdf873275b22ff09087b4',2),(164,'Микола','Скиданюк','manyava@i.ua','2491e24079e9b21fe593325c5c983ef899f12c4b',2),(165,'test','test','test@gmail.com','cfca756297eb6a8b327bc292380093204f404479',2),(166,'аол','аол','v@b.co','9606b4697e1c27bafc976e9a6b4a69046a71e803',2),(167,'yurkiss','yurkiss','yurkiss@yandex.ru','940ff6c2f260e5bc0f529001a19d8cf29876a0ba',2),(168,'Николай','Мамула','radakvitka@gmail.com','3dda9d9117f1f9b0ce7c11f1143581a81e2aeee4',2),(169,'Yevhen','Malov','y.malov@outlook.com','34cf58e423f2862df8120191e15cdeeabb74da70',2),(170,'мит','мол','ffh@gmail.com','acb2e9bcd41e62b2eeb974c2eda7ddb030c29c6f',2),(171,'Мила','Курпатова','stsyganova@yandex.ru','bc59daaf76524ee56c6b7845f10b45270ef937cb',2),(172,'Даніїл','Тищенко','daniil.tischenko@gmail.com','560f8f32b135f718ced4a9490dfced54b58d39ce',2),(173,'Катерина','Жовта','katuxaz@ukr.net','76eb52cffefe764f38fd48bae171fb983afb438f',2),(174,'Олександр','Кириченко','kyrychenko9622@gmail.com','4fd59a26769ae07e2da9e77cb710fcb9456c835f',2),(175,'Andrey','Lavdanskiy','andrey_lavdanskiy@mail.ru','bfab3b1fab7c70a0d1c7942d8aa4b1542972f746',2),(176,'мит','мро','ter@gmail.com','9606b4697e1c27bafc976e9a6b4a69046a71e803',2),(177,'Labunska','Inna','innalabynskaya@gmail.com','1e497f6794294587748f11eb5d8c14c585518b2e',2),(178,'Olena','Piddubska','poddubskaya@gmail.com','8f248e6dd1ca39cfc334d00ca38941630a20acbf',2),(179,'Bogdan','Kurinnyi','dev1dor@ukr.net','cfca756297eb6a8b327bc292380093204f404479',2);
/*!40000 ALTER TABLE `Users` ENABLE KEYS */;
UNLOCK TABLES;
/*!40103 SET TIME_ZONE=@OLD_TIME_ZONE */;

/*!40101 SET SQL_MODE=@OLD_SQL_MODE */;
/*!40014 SET FOREIGN_KEY_CHECKS=@OLD_FOREIGN_KEY_CHECKS */;
/*!40014 SET UNIQUE_CHECKS=@OLD_UNIQUE_CHECKS */;
/*!40101 SET CHARACTER_SET_CLIENT=@OLD_CHARACTER_SET_CLIENT */;
/*!40101 SET CHARACTER_SET_RESULTS=@OLD_CHARACTER_SET_RESULTS */;
/*!40101 SET COLLATION_CONNECTION=@OLD_COLLATION_CONNECTION */;
/*!40111 SET SQL_NOTES=@OLD_SQL_NOTES */;

-- Dump completed on 2015-07-15 11:04:03
