-- MySQL dump 10.13  Distrib 5.5.43, for debian-linux-gnu (x86_64)
--
-- Host: localhost    Database: Enviromap
-- ------------------------------------------------------
-- Server version	5.5.43-0ubuntu0.14.04.1
/*!40103 SET @OLD_TIME_ZONE=@@TIME_ZONE */;
/*!40103 SET TIME_ZONE='+00:00' */;
/*!40014 SET @OLD_UNIQUE_CHECKS=@@UNIQUE_CHECKS, UNIQUE_CHECKS=0 */;
/*!40014 SET @OLD_FOREIGN_KEY_CHECKS=@@FOREIGN_KEY_CHECKS, FOREIGN_KEY_CHECKS=0 */;
/*!40101 SET @OLD_SQL_MODE=@@SQL_MODE, SQL_MODE='NO_AUTO_VALUE_ON_ZERO,POSTGRESQL' */;
/*!40111 SET @OLD_SQL_NOTES=@@SQL_NOTES, SQL_NOTES=0 */;

--
-- Table structure for table "Activities"
--

DROP TABLE IF EXISTS "Activities";
/*!40101 SET @saved_cs_client     = @@character_set_client */;
/*!40101 SET character_set_client = utf8 */;
CREATE TABLE "Activities" (
  "Id" int(11) NOT NULL,
  "Content" varchar(500) DEFAULT NULL,
  "Date" datetime DEFAULT NULL,
  "ActivityTypes_Id" int(11) NOT NULL,
  "Users_Id" int(11) DEFAULT NULL,
  "Problems_Id" int(11) NOT NULL,
  PRIMARY KEY ("Id"),
  KEY "fk_Activities_ActivityTypes1_idx" ("ActivityTypes_Id"),
  KEY "fk_Activities_Users1_idx" ("Users_Id"),
  KEY "fk_Activities_Problems1_idx" ("Problems_Id"),
  CONSTRAINT "fk_Activities_ActivityTypes1" FOREIGN KEY ("ActivityTypes_Id") REFERENCES "ActivityTypes" ("Id") ON DELETE NO ACTION ON UPDATE NO ACTION,
  CONSTRAINT "fk_Activities_Problems1" FOREIGN KEY ("Problems_Id") REFERENCES "Problems" ("Id") ON DELETE CASCADE ON UPDATE NO ACTION,
  CONSTRAINT "fk_Activities_Users1" FOREIGN KEY ("Users_Id") REFERENCES "Users" ("Id") ON DELETE SET NULL ON UPDATE NO ACTION
);
/*!40101 SET character_set_client = @saved_cs_client */;

--
-- Dumping data for table "Activities"
--

LOCK TABLES "Activities" WRITE;
/*!40000 ALTER TABLE "Activities" DISABLE KEYS */;
INSERT INTO "Activities" VALUES (1,'{\"Content\":\"Проблему додано анонімно\",\"userName\":\"(Анонім)\"}','2014-02-18 09:15:51',1,2,1),(2,'{\"Content\":\"Проблему додано анонімно\",\"userName\":\"(Анонім)\"}','2014-02-19 14:00:50',1,2,2),(3,'{\"Content\":\"Проблему додано анонімно\",\"userName\":\"(Анонім)\"}','2014-02-26 14:09:47',1,2,3),(4,'{\"Content\":\"Проблему додано анонімно\",\"userName\":\"(Анонім)\"}','2014-02-26 18:45:04',1,2,4),(5,'{\"Content\":\"Проблему додано анонімно\",\"userName\":\"(Анонім)\"}','2014-02-27 17:24:53',1,2,5),(6,'{\"Content\":\"Проблему додано анонімно\",\"userName\":\"(Анонім)\"}','2014-02-18 17:54:51',1,2,6),(7,'{\"Content\":\"Проблему додано анонімно\",\"userName\":\"(Анонім)\"}','2014-02-27 17:19:56',1,2,7),(8,'{\"Content\":\"Проблему додано анонімно\",\"userName\":\"(Анонім)\"}','2014-02-27 20:16:08',1,2,8),(9,'{\"Content\":\"Проблему додано анонімно\",\"userName\":\"(Анонім)\"}','2014-02-27 20:29:48',1,2,9),(10,'{\"Content\":\"Проблему додано анонімно\",\"userName\":\"(Анонім)\"}','2014-02-27 20:37:27',1,2,10),(11,'{\"Content\":\"Проблему додано анонімно\",\"userName\":\"(Анонім)\"}','2014-02-27 23:15:33',1,2,11),(12,'{\"Content\":\"Проблему додано анонімно\",\"userName\":\"(Анонім)\"}','2014-03-02 22:25:39',1,2,12),(13,'{\"Content\":\"Проблему додано анонімно\",\"userName\":\"(Анонім)\"}','2014-03-02 22:35:18',1,2,13),(15,'{\"Content\":\"Проблему додано анонімно\",\"userName\":\"(Анонім)\"}','2014-03-03 13:15:13',1,2,15),(16,'{\"Content\":\"Проблему додано анонімно\",\"userName\":\"(Анонім)\"}','2014-03-03 14:32:03',1,2,16),(17,'{\"Content\":\"Проблему додано анонімно\",\"userName\":\"(Анонім)\"}','2014-03-03 14:35:22',1,2,17),(18,'{\"Content\":\"Проблему додано анонімно\",\"userName\":\"(Анонім)\"}','2014-03-03 14:39:08',1,2,18),(19,'{\"Content\":\"Проблему додано анонімно\",\"userName\":\"(Анонім)\"}','2014-03-03 16:15:34',1,2,19),(20,'{\"Content\":\"Проблему додано анонімно\",\"userName\":\"(Анонім)\"}','2014-03-06 18:59:10',1,2,20),(21,'{\"Content\":\"Проблему додано анонімно\",\"userName\":\"(Анонім)\"}','2014-03-06 21:20:47',1,2,21),(22,'{\"Content\":\"Проблему додано анонімно\",\"userName\":\"(Анонім)\"}','2014-03-11 13:28:18',1,2,22),(23,'{\"Content\":\"Проблему додано анонімно\",\"userName\":\"(Анонім)\"}','2014-03-13 02:43:36',1,2,23),(24,'{\"Content\":\"Проблему додано анонімно\",\"userName\":\"(Анонім)\"}','2014-03-13 21:20:55',1,2,24),(25,'{\"Content\":\"Проблему додано анонімно\",\"userName\":\"(Анонім)\"}','2014-03-14 17:10:33',1,2,25),(26,'{\"Content\":\"Проблему додано анонімно\",\"userName\":\"(Анонім)\"}','2014-03-17 15:24:58',1,2,26),(27,'{\"Content\":\"Проблему додано анонімно\",\"userName\":\"(Анонім)\"}','2014-03-17 16:22:13',1,2,27),(28,'{\"Content\":\"Проблему додано анонімно\",\"userName\":\"(Анонім)\"}','2014-03-17 16:23:07',1,2,28),(29,'{\"Content\":\"Проблему додано анонімно\",\"userName\":\"(Анонім)\"}','2014-03-17 16:39:06',1,2,29),(30,'{\"Content\":\"Проблему додано анонімно\",\"userName\":\"(Анонім)\"}','2014-03-17 18:21:55',1,2,30),(31,'{\"Content\":\"Проблему додано анонімно\",\"userName\":\"(Анонім)\"}','2014-03-18 08:14:00',1,2,31),(32,'{\"Content\":\"Проблему додано анонімно\",\"userName\":\"(Анонім)\"}','2014-03-18 08:14:27',1,2,32),(33,'{\"Content\":\"Проблему додано анонімно\",\"userName\":\"(Анонім)\"}','2014-03-18 11:14:05',1,2,33),(34,'{\"Content\":\"Проблему додано анонімно\",\"userName\":\"(Анонім)\"}','2014-03-18 14:21:22',1,2,34),(35,'{\"Content\":\"Проблему додано анонімно\",\"userName\":\"(Анонім)\"}','2014-03-18 14:30:13',1,2,35),(36,'{\"Content\":\"Проблему додано анонімно\",\"userName\":\"(Анонім)\"}','2014-03-18 14:36:04',1,2,36),(37,'{\"Content\":\"Проблему додано анонімно\",\"userName\":\"(Анонім)\"}','2014-03-18 15:51:48',1,2,37),(38,'{\"Content\":\"Проблему додано анонімно\",\"userName\":\"(Анонім)\"}','2014-03-18 16:50:45',1,2,38),(39,'{\"Content\":\"Проблему додано анонімно\",\"userName\":\"(Анонім)\"}','2014-03-18 16:54:31',1,2,39),(40,'{\"Content\":\"Проблему додано анонімно\",\"userName\":\"(Анонім)\"}','2014-03-18 17:35:47',1,2,40),(41,'{\"Content\":\"Проблему додано анонімно\",\"userName\":\"(Анонім)\"}','2014-03-18 18:36:33',1,2,41),(42,'{\"Content\":\"Проблему додано анонімно\",\"userName\":\"(Анонім)\"}','2014-03-18 23:41:47',1,2,42),(44,'{\"Content\":\"Проблему додано анонімно\",\"userName\":\"(Анонім)\"}','2014-03-19 20:09:36',1,2,44),(45,'{\"Content\":\"Проблему додано анонімно\",\"userName\":\"(Анонім)\"}','2014-03-19 13:06:54',1,2,45),(46,'{\"Content\":\"Проблему додано анонімно\",\"userName\":\"(Анонім)\"}','2014-03-20 08:08:28',1,2,46),(47,'{\"Content\":\"Проблему додано анонімно\",\"userName\":\"(Анонім)\"}','2014-03-22 17:29:23',1,2,47),(48,'{\"Content\":\"Проблему додано анонімно\",\"userName\":\"(Анонім)\"}','2014-03-25 06:22:50',1,2,48),(49,'{\"Content\":\"Проблему додано анонімно\",\"userName\":\"(Анонім)\"}','2014-03-25 11:04:22',1,2,49),(50,'{\"Content\":\"Проблему додано анонімно\",\"userName\":\"(Анонім)\"}','2014-03-25 19:50:14',1,2,50),(51,'{\"Content\":\"Проблему додано анонімно\",\"userName\":\"(Анонім)\"}','2014-03-25 20:16:53',1,2,51),(52,'{\"Content\":\"Проблему додано анонімно\",\"userName\":\"(Анонім)\"}','2014-03-25 20:31:53',1,2,52),(53,'{\"Content\":\"Проблему додано анонімно\",\"userName\":\"(Анонім)\"}','2014-03-25 21:48:56',1,2,53),(54,'{\"Content\":\"Проблему додано анонімно\",\"userName\":\"(Анонім)\"}','2014-03-26 14:12:01',1,2,54),(55,'{\"Content\":\"Проблему додано анонімно\",\"userName\":\"(Анонім)\"}','2014-03-26 14:15:11',1,2,55),(57,'{\"Content\":\"Проблему додано анонімно\",\"userName\":\"(Анонім)\"}','2014-03-26 16:09:09',1,2,57),(58,'{\"Content\":\"Проблему додано анонімно\",\"userName\":\"(Анонім)\"}','2014-03-26 16:10:04',1,2,58),(59,'{\"Content\":\"Проблему додано анонімно\",\"userName\":\"(Анонім)\"}','2014-03-26 16:13:06',1,2,59),(60,'{\"Content\":\"Проблему додано анонімно\",\"userName\":\"(Анонім)\"}','2014-03-26 16:13:44',1,2,60),(61,'{\"Content\":\"Проблему додано анонімно\",\"userName\":\"(Анонім)\"}','2014-03-26 16:15:14',1,2,61),(62,'{\"Content\":\"Проблему додано анонімно\",\"userName\":\"(Анонім)\"}','2014-03-26 16:16:29',1,2,62),(63,'{\"Content\":\"Проблему додано анонімно\",\"userName\":\"(Анонім)\"}','2014-03-26 16:16:57',1,2,63),(64,'{\"Content\":\"Проблему додано анонімно\",\"userName\":\"(Анонім)\"}','2014-03-26 16:20:39',1,2,64),(65,'{\"Content\":\"Проблему додано анонімно\",\"userName\":\"(Анонім)\"}','2014-03-26 16:21:24',1,2,65),(66,'{\"Content\":\"Проблему додано анонімно\",\"userName\":\"(Анонім)\"}','2014-03-26 16:25:12',1,2,66),(67,'{\"Content\":\"Проблему додано анонімно\",\"userName\":\"(Анонім)\"}','2014-03-26 16:25:31',1,2,67),(68,'{\"Content\":\"Проблему додано анонімно\",\"userName\":\"(Анонім)\"}','2014-03-26 16:26:07',1,2,68),(69,'{\"Content\":\"Проблему додано анонімно\",\"userName\":\"(Анонім)\"}','2014-03-26 16:35:05',1,2,69),(70,'{\"Content\":\"Проблему додано анонімно\",\"userName\":\"(Анонім)\"}','2014-03-26 16:35:48',1,2,70),(71,'{\"Content\":\"Проблему додано анонімно\",\"userName\":\"(Анонім)\"}','2014-03-26 16:39:53',1,2,71),(72,'{\"Content\":\"Проблему додано анонімно\",\"userName\":\"(Анонім)\"}','2014-03-26 16:43:56',1,2,72),(73,'{\"Content\":\"Проблему додано анонімно\",\"userName\":\"(Анонім)\"}','2014-03-26 17:00:23',1,2,73),(74,'{\"Content\":\"Проблему додано анонімно\",\"userName\":\"(Анонім)\"}','2014-03-26 17:11:29',1,2,74),(75,'{\"Content\":\"Проблему додано анонімно\",\"userName\":\"(Анонім)\"}','2014-03-26 17:15:06',1,2,75),(76,'{\"Content\":\"Проблему додано анонімно\",\"userName\":\"(Анонім)\"}','2014-03-26 17:47:51',1,2,76),(78,'{\"Content\":\"Проблему додано анонімно\",\"userName\":\"(Анонім)\"}','2014-03-26 18:20:22',1,2,78),(79,'{\"Content\":\"Проблему додано анонімно\",\"userName\":\"(Анонім)\"}','2014-03-26 18:28:10',1,2,79),(80,'{\"Content\":\"Проблему додано анонімно\",\"userName\":\"(Анонім)\"}','2014-03-26 18:45:01',1,2,80),(81,'{\"Content\":\"Проблему додано анонімно\",\"userName\":\"(Анонім)\"}','2014-03-26 19:04:12',1,2,81),(82,'{\"Content\":\"Проблему додано анонімно\",\"userName\":\"(Анонім)\"}','2014-03-26 19:20:33',1,2,82),(83,'{\"Content\":\"Проблему додано анонімно\",\"userName\":\"(Анонім)\"}','2014-03-26 19:22:43',1,2,83),(84,'{\"Content\":\"Проблему додано анонімно\",\"userName\":\"(Анонім)\"}','2014-03-26 19:59:57',1,2,84),(85,'{\"Content\":\"Проблему додано анонімно\",\"userName\":\"(Анонім)\"}','2014-03-26 20:06:30',1,2,85),(86,'{\"Content\":\"Проблему додано анонімно\",\"userName\":\"(Анонім)\"}','2014-03-26 20:14:12',1,2,86),(87,'{\"Content\":\"Проблему додано анонімно\",\"userName\":\"(Анонім)\"}','2014-03-26 20:16:22',1,2,87),(89,'{\"Content\":\"Проблему додано анонімно\",\"userName\":\"(Анонім)\"}','2014-03-26 21:48:47',1,2,89),(90,'{\"Content\":\"Проблему додано анонімно\",\"userName\":\"(Анонім)\"}','2014-03-26 22:34:45',1,2,90),(91,'{\"Content\":\"Проблему додано анонімно\",\"userName\":\"(Анонім)\"}','2014-03-26 22:55:33',1,2,91),(92,'{\"Content\":\"Проблему додано анонімно\",\"userName\":\"(Анонім)\"}','2014-03-27 04:08:18',1,2,92),(93,'{\"Content\":\"Проблему додано анонімно\",\"userName\":\"(Анонім)\"}','2014-03-27 07:03:44',1,2,93),(94,'{\"Content\":\"Проблему додано анонімно\",\"userName\":\"(Анонім)\"}','2014-03-27 07:11:51',1,2,94),(95,'{\"Content\":\"Проблему додано анонімно\",\"userName\":\"(Анонім)\"}','2014-03-27 07:15:51',1,2,95),(96,'{\"Content\":\"Проблему додано анонімно\",\"userName\":\"(Анонім)\"}','2014-03-27 07:31:38',1,2,96),(97,'{\"Content\":\"Проблему додано анонімно\",\"userName\":\"(Анонім)\"}','2014-03-27 07:35:11',1,2,97),(98,'{\"Content\":\"Проблему додано анонімно\",\"userName\":\"(Анонім)\"}','2014-03-27 07:40:13',1,2,98),(99,'{\"Content\":\"Проблему додано анонімно\",\"userName\":\"(Анонім)\"}','2014-03-27 07:48:03',1,2,99),(100,'{\"Content\":\"Проблему додано анонімно\",\"userName\":\"(Анонім)\"}','2014-03-27 07:48:20',1,2,100),(101,'{\"Content\":\"Проблему додано анонімно\",\"userName\":\"(Анонім)\"}','2014-03-27 07:52:00',1,2,101),(102,'{\"Content\":\"Проблему додано анонімно\",\"userName\":\"(Анонім)\"}','2014-03-27 07:53:39',1,2,102),(103,'{\"Content\":\"Проблему додано анонімно\",\"userName\":\"(Анонім)\"}','2014-03-27 08:08:13',1,2,103),(104,'{\"Content\":\"Проблему додано анонімно\",\"userName\":\"(Анонім)\"}','2014-03-27 08:10:58',1,2,104),(105,'{\"Content\":\"Проблему додано анонімно\",\"userName\":\"(Анонім)\"}','2014-03-27 08:12:20',1,2,105),(106,'{\"Content\":\"Проблему додано анонімно\",\"userName\":\"(Анонім)\"}','2014-03-27 08:18:53',1,2,106),(107,'{\"Content\":\"Проблему додано анонімно\",\"userName\":\"(Анонім)\"}','2014-03-27 09:45:43',1,2,107),(108,'{\"Content\":\"Проблему додано анонімно\",\"userName\":\"(Анонім)\"}','2014-03-27 09:49:10',1,2,108),(109,'{\"Content\":\"Проблему додано анонімно\",\"userName\":\"(Анонім)\"}','2014-03-27 09:51:14',1,2,109),(110,'{\"Content\":\"Проблему додано анонімно\",\"userName\":\"(Анонім)\"}','2014-03-27 09:51:35',1,2,110),(111,'{\"Content\":\"Проблему додано анонімно\",\"userName\":\"(Анонім)\"}','2014-03-27 10:00:30',1,2,111),(112,'{\"Content\":\"Проблему додано анонімно\",\"userName\":\"(Анонім)\"}','2014-03-27 10:03:00',1,2,112),(113,'{\"Content\":\"Проблему додано анонімно\",\"userName\":\"(Анонім)\"}','2014-03-27 10:08:35',1,2,113),(114,'{\"Content\":\"Проблему додано анонімно\",\"userName\":\"(Анонім)\"}','2014-03-27 10:13:58',1,2,114),(115,'{\"Content\":\"Проблему додано анонімно\",\"userName\":\"(Анонім)\"}','2014-03-27 10:15:56',1,2,115),(116,'{\"Content\":\"Проблему додано анонімно\",\"userName\":\"(Анонім)\"}','2014-03-27 10:23:08',1,2,116),(118,'{\"Content\":\"Проблему додано анонімно\",\"userName\":\"(Анонім)\"}','2014-03-27 10:28:58',1,2,118),(119,'{\"Content\":\"Проблему додано анонімно\",\"userName\":\"(Анонім)\"}','2014-03-27 10:32:59',1,2,119),(120,'{\"Content\":\"Проблему додано анонімно\",\"userName\":\"(Анонім)\"}','2014-03-27 10:53:02',1,2,120),(121,'{\"Content\":\"Проблему додано анонімно\",\"userName\":\"(Анонім)\"}','2014-03-27 10:57:50',1,2,121),(122,'{\"Content\":\"Проблему додано анонімно\",\"userName\":\"(Анонім)\"}','2014-03-27 10:59:38',1,2,122),(123,'{\"Content\":\"Проблему додано анонімно\",\"userName\":\"(Анонім)\"}','2014-03-27 11:00:00',1,2,123),(124,'{\"Content\":\"Проблему додано анонімно\",\"userName\":\"(Анонім)\"}','2014-03-27 11:12:45',1,2,124),(125,'{\"Content\":\"Проблему додано анонімно\",\"userName\":\"(Анонім)\"}','2014-03-27 11:17:19',1,2,125),(126,'{\"Content\":\"Проблему додано анонімно\",\"userName\":\"(Анонім)\"}','2014-03-27 11:22:22',1,2,126),(127,'{\"Content\":\"Проблему додано анонімно\",\"userName\":\"(Анонім)\"}','2014-03-27 12:10:18',1,2,127),(128,'{\"Content\":\"Проблему додано анонімно\",\"userName\":\"(Анонім)\"}','2014-03-27 12:18:31',1,2,128),(129,'{\"Content\":\"Проблему додано анонімно\",\"userName\":\"(Анонім)\"}','2014-03-27 12:38:44',1,2,129),(130,'{\"Content\":\"Проблему додано анонімно\",\"userName\":\"(Анонім)\"}','2014-03-27 12:44:55',1,2,130),(131,'{\"Content\":\"Проблему додано анонімно\",\"userName\":\"(Анонім)\"}','2014-03-27 14:22:54',1,2,131),(132,'{\"Content\":\"Проблему додано анонімно\",\"userName\":\"(Анонім)\"}','2014-03-27 14:48:52',1,2,132),(133,'{\"Content\":\"Проблему додано анонімно\",\"userName\":\"(Анонім)\"}','2014-03-27 15:24:37',1,2,133),(134,'{\"Content\":\"Проблему додано анонімно\",\"userName\":\"(Анонім)\"}','2014-03-27 15:42:40',1,2,134),(135,'{\"Content\":\"Проблему додано анонімно\",\"userName\":\"(Анонім)\"}','2014-03-27 15:44:46',1,2,135),(136,'{\"Content\":\"Проблему додано анонімно\",\"userName\":\"(Анонім)\"}','2014-03-27 16:58:50',1,2,136),(137,'{\"Content\":\"Проблему додано анонімно\",\"userName\":\"(Анонім)\"}','2014-03-27 18:40:59',1,2,137),(138,'{\"Content\":\"Проблему додано анонімно\",\"userName\":\"(Анонім)\"}','2014-03-27 18:56:15',1,2,138),(139,'{\"Content\":\"Проблему додано анонімно\",\"userName\":\"(Анонім)\"}','2014-03-27 19:41:30',1,2,139),(140,'{\"Content\":\"Проблему додано анонімно\",\"userName\":\"(Анонім)\"}','2014-03-27 20:34:53',1,2,140),(141,'{\"Content\":\"Проблему додано анонімно\",\"userName\":\"(Анонім)\"}','2014-03-27 21:06:19',1,2,141),(142,'{\"Content\":\"Проблему додано анонімно\",\"userName\":\"(Анонім)\"}','2014-03-28 00:05:32',1,2,142),(143,'{\"Content\":\"Проблему додано анонімно\",\"userName\":\"(Анонім)\"}','2014-03-28 08:14:04',1,2,143),(144,'{\"Content\":\"Проблему додано анонімно\",\"userName\":\"(Анонім)\"}','2014-03-28 08:17:10',1,2,144),(145,'{\"Content\":\"Проблему додано анонімно\",\"userName\":\"(Анонім)\"}','2014-03-28 08:28:52',1,2,145),(146,'{\"Content\":\"Проблему додано анонімно\",\"userName\":\"(Анонім)\"}','2014-03-28 12:43:00',1,2,146),(147,'{\"Content\":\"Проблему додано анонімно\",\"userName\":\"(Анонім)\"}','2014-03-28 12:55:49',1,2,147),(148,'{\"Content\":\"Проблему додано анонімно\",\"userName\":\"(Анонім)\"}','2014-03-28 12:59:43',1,2,148),(149,'{\"Content\":\"Проблему додано анонімно\",\"userName\":\"(Анонім)\"}','2014-03-28 13:19:41',1,2,149),(150,'{\"Content\":\"Проблему додано анонімно\",\"userName\":\"(Анонім)\"}','2014-03-28 20:04:24',1,2,150),(151,'{\"Content\":\"Проблему додано анонімно\",\"userName\":\"(Анонім)\"}','2014-03-28 20:26:11',1,2,151),(152,'{\"Content\":\"Проблему додано анонімно\",\"userName\":\"(Анонім)\"}','2014-03-29 02:13:47',1,2,152),(153,'{\"Content\":\"Проблему додано анонімно\",\"userName\":\"(Анонім)\"}','2014-03-29 07:11:59',1,2,153),(154,'{\"Content\":\"Проблему додано анонімно\",\"userName\":\"(Анонім)\"}','2014-03-29 07:18:21',1,2,154),(155,'{\"Content\":\"Проблему додано анонімно\",\"userName\":\"(Анонім)\"}','2014-03-29 10:24:00',1,2,155),(156,'{\"Content\":\"Проблему додано анонімно\",\"userName\":\"(Анонім)\"}','2014-03-29 13:05:36',1,2,156),(157,'{\"Content\":\"Проблему додано анонімно\",\"userName\":\"(Анонім)\"}','2014-03-29 15:29:33',1,2,157),(158,'{\"Content\":\"Проблему додано анонімно\",\"userName\":\"(Анонім)\"}','2014-03-29 18:14:27',1,2,158),(159,'{\"Content\":\"Проблему додано анонімно\",\"userName\":\"(Анонім)\"}','2014-03-29 20:01:18',1,2,159),(160,'{\"Content\":\"Проблему додано анонімно\",\"userName\":\"(Анонім)\"}','2014-03-29 23:00:19',1,2,160),(161,'{\"Content\":\"Проблему додано анонімно\",\"userName\":\"(Анонім)\"}','2014-03-30 03:24:07',1,2,161),(162,'{\"Content\":\"Проблему додано анонімно\",\"userName\":\"(Анонім)\"}','2014-03-30 03:31:11',1,2,162),(163,'{\"Content\":\"Проблему додано анонімно\",\"userName\":\"(Анонім)\"}','2014-03-30 07:58:28',1,2,163),(164,'{\"Content\":\"Проблему додано анонімно\",\"userName\":\"(Анонім)\"}','2014-04-02 13:22:12',1,2,164),(165,'{\"Content\":\"Проблему додано анонімно\",\"userName\":\"(Анонім)\"}','2014-04-02 20:48:29',1,2,165),(166,'{\"Content\":\"Проблему додано анонімно\",\"userName\":\"(Анонім)\"}','2014-04-06 13:00:38',1,2,166),(167,'{\"Content\":\"Проблему додано анонімно\",\"userName\":\"(Анонім)\"}','2014-04-06 18:14:31',1,2,167),(168,'{\"Content\":\"Проблему додано анонімно\",\"userName\":\"(Анонім)\"}','2014-04-08 17:52:40',1,2,168),(169,'{\"Content\":\"Проблему додано анонімно\",\"userName\":\"(Анонім)\"}','2014-04-09 17:31:42',1,2,169),(170,'{\"Content\":\"Проблему додано анонімно\",\"userName\":\"(Анонім)\"}','2014-04-09 17:38:37',1,2,170),(171,'{\"Content\":\"Проблему додано анонімно\",\"userName\":\"(Анонім)\"}','2014-04-09 20:19:48',1,2,171),(172,'{\"Content\":\"Проблему додано анонімно\",\"userName\":\"(Анонім)\"}','2014-04-11 09:26:53',1,2,172),(173,'{\"Content\":\"Проблему додано анонімно\",\"userName\":\"(Анонім)\"}','2014-04-12 13:55:59',1,2,173),(174,'{\"Content\":\"Проблему додано анонімно\",\"userName\":\"(Анонім)\"}','2014-04-14 15:04:18',1,2,174),(176,'{\"Content\":\"Проблему додано анонімно\",\"userName\":\"(Анонім)\"}','2014-04-24 13:55:04',1,2,176),(177,'{\"Content\":\"Проблему додано анонімно\",\"userName\":\"(Анонім)\"}','2014-04-24 14:06:52',1,2,177),(178,'{\"Content\":\"Проблему додано анонімно\",\"userName\":\"(Анонім)\"}','2014-04-25 16:21:46',1,2,178),(179,'{\"Content\":\"Проблему додано анонімно\",\"userName\":\"(Анонім)\"}','2014-05-06 09:46:48',1,2,179),(180,'{\"Content\":\"Проблему додано анонімно\",\"userName\":\"(Анонім)\"}','2014-05-14 14:46:01',1,2,180),(181,'{\"Content\":\"Проблему додано анонімно\",\"userName\":\"(Анонім)\"}','2014-05-16 20:46:37',1,2,181),(183,'{\"Content\":\"Проблему додано анонімно\",\"userName\":\"(Анонім)\"}','2014-05-17 07:40:22',1,2,183),(184,'{\"Content\":\"Проблему додано анонімно\",\"userName\":\"(Анонім)\"}','2014-05-18 08:25:47',1,2,184),(185,'{\"Content\":\"Проблему додано анонімно\",\"userName\":\"(Анонім)\"}','2014-05-21 13:07:08',1,2,185),(186,'{\"Content\":\"Проблему додано анонімно\",\"userName\":\"(Анонім)\"}','2014-05-24 22:03:54',1,2,186),(187,'{\"Content\":\"Проблему додано анонімно\",\"userName\":\"(Анонім)\"}','2014-05-25 06:43:42',1,2,187),(188,'{\"Content\":\"Проблему додано анонімно\",\"userName\":\"(Анонім)\"}','2014-05-26 21:10:55',1,2,188),(190,'{\"Content\":\"додав фото\",\"userName\":\"admin\"}','2015-01-30 13:03:06',4,1,2),(191,'{\"Content\":\"додав фото\",\"userName\":\"admin\"}','2015-01-30 13:24:43',4,1,3),(192,'{\"Content\":\"додав фото\",\"userName\":\"admin\"}','2015-01-30 13:24:48',4,1,3),(193,'{\"Content\":\"додав фото\",\"userName\":\"admin\"}','2015-01-30 13:25:21',4,1,4),(221,'{\"Content\":\"додав проблему\",\"userName\":\"test22\",\"userSurname\":\"test\"}','2015-02-03 17:53:19',1,13,214),(224,'{\"Content\":\"Проблему створено анонімно\",\"userName\":\"(Анонім)\"}','2015-02-06 13:42:51',1,2,217),(225,'{\"Content\":\"Проблему створено анонімно\",\"userName\":\"(Анонім)\"}','2015-02-06 14:11:07',1,2,218),(226,'{\"Content\":\"Проблему створено анонімно\",\"userName\":\"(Анонім)\"}','2015-02-06 14:13:46',1,2,219),(227,'{\"Content\":\"додав проблему\",\"userName\":\"admin\"}','2015-02-06 14:16:45',1,1,220),(228,'{\"Content\":\"додав проблему\",\"userName\":\"admin\"}','2015-02-06 14:20:12',1,1,221),(229,'{\"Content\":\"додав проблему\",\"userName\":\"admin\"}','2015-02-06 14:31:06',1,1,222),(230,'{\"Content\":\"додав проблему\",\"userName\":\"admin\"}','2015-02-06 14:34:17',1,1,223),(231,'{\"Content\":\"додав проблему\",\"userName\":\"admin\"}','2015-02-06 14:37:35',1,1,224),(232,'{\"Content\":\"додав проблему\",\"userName\":\"admin\"}','2015-02-06 14:40:13',1,1,225),(233,'{\"Content\":\"додав проблему\",\"userName\":\"admin\"}','2015-02-06 14:49:46',1,1,226),(234,'{\"Content\":\"додав проблему\",\"userName\":\"admin\"}','2015-02-06 14:50:21',1,1,227),(235,'{\"Content\":\"додав проблему\",\"userName\":\"Vova\",\"userSurname\":\"Vlin\"}','2015-02-06 15:00:23',1,NULL,228),(237,'{\"Content\":\"Голос додано анонімно\",\"userName\":\"(Анонім)\"}','2015-02-16 12:52:54',3,2,74),(240,'{\"Content\":\"Голос додано анонімно\",\"userName\":\"(Анонім)\"}','2015-02-16 12:55:45',3,2,165),(249,'{\"Content\":\"Голос додано анонімно\",\"userName\":\"(Анонім)\"}','2015-02-16 13:00:55',3,2,140),(250,'{\"Content\":\"додав голос\",\"userName\":\"admin\",\"userSurname\":null}','2015-02-16 13:02:03',3,1,156),(252,'{\"Content\":\"додав голос\",\"userName\":\"admin\",\"userSurname\":null}','2015-02-16 13:04:26',3,1,165),(253,'{\"Content\":\"додав голос\",\"userName\":\"admin\",\"userSurname\":null}','2015-02-16 13:05:01',3,1,165),(254,'{\"Content\":\"додав голос\",\"userName\":\"admin\",\"userSurname\":null}','2015-02-16 13:05:16',3,1,165),(255,'{\"Content\":\"додав голос\",\"userName\":\"admin\",\"userSurname\":null}','2015-02-16 13:05:26',3,1,165),(256,'{\"Content\":\"Голос додано анонімно\",\"userName\":\"(Анонім)\"}','2015-02-16 13:07:29',3,2,165),(257,'{\"Content\":\"Голос додано анонімно\",\"userName\":\"(Анонім)\",\"userSurname\":null}','2015-02-16 13:08:10',3,2,165),(266,'{\"Content\":\"Lisnuchiy z numu v teme\",\"userName\":\"admin\",\"userSurname\":null}','2015-02-16 16:36:55',5,1,89),(268,'{\"Content\":\"sdfsdf\",\"userName\":\"admin\",\"userSurname\":null}','2015-02-16 17:05:00',5,1,185),(279,'{\"Content\":\"Голос додано анонімно\",\"userName\":\"(Анонім)\"}','2015-02-17 00:32:52',3,2,32),(280,'{\"Content\":\"Голос додано анонімно\",\"userName\":\"(Анонім)\"}','2015-02-17 00:34:40',3,2,183),(281,'{\"Content\":\"Голос додано анонімно\",\"userName\":\"(Анонім)\"}','2015-02-17 00:35:54',3,2,183),(282,'{\"Content\":\"Голос додано анонімно\",\"userName\":\"(Анонім)\"}','2015-02-17 00:36:11',3,2,183),(283,'{\"Content\":\"додав голос\",\"userName\":\"Інна\",\"userSurname\":\"Лабунська\"}','2015-02-17 00:37:34',3,30,47),(284,'{\"Content\":\"додав голос\"}','2015-02-17 00:38:32',3,30,183),(285,'{\"Content\":\"додав голос\"}','2015-02-17 00:38:37',3,30,183),(286,'{\"Content\":\"додав голос\"}','2015-02-17 00:38:44',3,30,183),(287,'{\"Content\":\"додав голос\"}','2015-02-17 00:38:47',3,30,183),(288,'{\"Content\":\"додав голос\"}','2015-02-17 00:38:56',3,30,183),(291,'{\"Content\":\"додав голос\"}','2015-02-17 00:47:31',3,30,183),(294,'{\"Content\":\"qwertyuiop\",\"userName\":\"admin\",\"userSurname\":null}','2015-02-17 13:18:26',5,1,99),(295,'{\"Content\":\"qwe\",\"userName\":\"admin\",\"userSurname\":null}','2015-02-17 13:19:13',5,1,99),(302,'{\"Content\":\"додав фото\",\"userName\":\"admin\"}','2015-02-17 14:15:49',4,1,140),(303,'{\"Content\":\"додав фото\",\"userName\":\"admin\"}','2015-02-17 14:15:49',4,1,140),(304,'{\"Content\":\"додав фото\",\"userName\":\"admin\"}','2015-02-17 14:17:27',4,1,72),(305,'{\"Content\":\"додав фото\",\"userName\":\"admin\"}','2015-02-17 14:17:27',4,1,72),(306,'{\"Content\":\"додав фото\",\"userName\":\"admin\"}','2015-02-17 14:17:27',4,1,72),(307,'{\"Content\":\"додав фото\",\"userName\":\"admin\"}','2015-02-17 14:19:29',4,1,71),(308,'{\"Content\":\"додав фото\",\"userName\":\"admin\"}','2015-02-17 14:19:29',4,1,71),(309,'{\"Content\":\"додав фото\",\"userName\":\"admin\"}','2015-02-17 14:19:29',4,1,71),(310,'{\"Content\":\"додав фото\",\"userName\":\"admin\"}','2015-02-17 14:22:17',4,1,74),(311,'{\"Content\":\"додав фото\",\"userName\":\"admin\"}','2015-02-17 14:22:17',4,1,74),(312,'{\"Content\":\"додав фото\",\"userName\":\"admin\"}','2015-02-17 14:22:17',4,1,74),(313,'{\"Content\":\"додав фото\",\"userName\":\"admin\"}','2015-02-17 14:24:03',4,1,78),(314,'{\"Content\":\"додав фото\",\"userName\":\"admin\"}','2015-02-17 14:24:03',4,1,78),(315,'{\"Content\":\"додав фото\",\"userName\":\"admin\"}','2015-02-17 14:24:03',4,1,78),(323,'{\"Content\":\"Голос додано анонімно\",\"userName\":\"(Анонім)\"}','2015-02-17 23:34:16',3,2,183),(324,'{\"Content\":\"Голос додано анонімно\",\"userName\":\"(Анонім)\"}','2015-02-17 23:49:17',3,2,47),(325,'{\"Content\":\"Голос додано анонімно\",\"userName\":\"(Анонім)\"}','2015-02-17 23:49:40',3,2,1),(329,'{\"Content\":\"додав фото\",\"userName\":\"admin\"}','2015-02-18 14:16:03',4,1,165),(330,'{\"Content\":\"додав фото\",\"userName\":\"admin\"}','2015-02-18 14:24:20',4,1,166),(331,'{\"Content\":\"додав фото\",\"userName\":\"admin\"}','2015-02-18 14:26:20',4,1,167),(332,'{\"Content\":\"додав фото\",\"userName\":\"admin\"}','2015-02-18 14:42:03',4,1,22),(333,'{\"Content\":\"додав фото\",\"userName\":\"admin\"}','2015-02-18 15:23:49',4,1,177),(349,'{\"Content\":\"Голос додано анонімно\",\"userName\":\"(Анонім)\"}','2015-02-19 16:40:34',3,2,98),(353,'{\"Content\":\"Голос додано анонімно\",\"userName\":\"(Анонім)\"}','2015-02-19 16:55:02',3,2,183),(356,'{\"Content\":\"Голос додано анонімно\",\"userName\":\"(Анонім)\"}','2015-02-19 16:57:09',3,2,2),(357,'{\"Content\":\"Голос додано анонімно\",\"userName\":\"(Анонім)\"}','2015-02-19 17:04:42',3,2,140),(363,'{\"Content\":\"додав голос\",\"userName\":\"Vasyl\",\"userSurname\":\"Kotsiuba\"}','2015-02-20 12:03:53',3,NULL,76),(373,'{\"Content\":\"додав голос\",\"userName\":\"Vasyl\",\"userSurname\":\"Kotsiuba\"}','2015-02-20 12:49:51',3,NULL,74),(374,'{\"Content\":\"додав голос\",\"userName\":\"Vasyl\",\"userSurname\":\"Kotsiuba\"}','2015-02-20 12:52:07',3,NULL,13),(380,'{\"Content\":\"КРЫМНАШ\",\"userName\":\"admin\",\"userSurname\":null}','2015-02-20 15:43:49',5,1,156),(453,'{\"Content\":\"Голос додано анонімно\",\"userName\":\"(Анонім)\"}','2015-02-23 15:24:43',3,2,10),(454,'{\"Content\":\"123\",\"userName\":\"(Анонім)\",\"userSurname\":\"Kotsiuba\"}','2015-02-23 15:24:51',5,NULL,10),(455,'{\"Content\":\"qwe\",\"userName\":\"(Анонім)\",\"userSurname\":\"Kotsiuba\"}','2015-02-23 15:25:01',5,NULL,10),(473,'{\"Content\":\"1\",\"userName\":\"(Анонім)\",\"userSurname\":\"Kotsiuba\"}','2015-02-23 16:23:08',5,NULL,73),(474,'{\"Content\":\"2\",\"userName\":\"(Анонім)\",\"userSurname\":\"Kotsiuba\"}','2015-02-23 16:23:14',5,NULL,73),(475,'{\"Content\":\"додав голос\",\"userName\":\"Vasyl\",\"userSurname\":\"Kotsiuba\"}','2015-02-23 16:23:31',3,NULL,73),(476,'{\"Content\":\"2\",\"userName\":\"(Анонім)\",\"userSurname\":\"Kotsiuba\"}','2015-02-23 16:23:42',5,NULL,73),(481,'{\"Content\":\"123\",\"userName\":\"(Анонім)\",\"userSurname\":\"Kotsiuba\"}','2015-02-23 16:30:05',5,NULL,76),(482,'{\"Content\":\"123111111111111111111111111111111\",\"userName\":\"(Анонім)\",\"userSurname\":\"Kotsiuba\"}','2015-02-23 16:30:14',5,NULL,76),(483,'{\"Content\":\"123111111111111111111111111111111fhdjksfhjkdshfdhsfkjsdhfkjdhskfhdskjfhsdkjfhsdjkfhsdf\",\"userName\":\"(Анонім)\",\"userSurname\":\"Kotsiuba\"}','2015-02-23 16:30:19',5,NULL,76),(484,'{\"Content\":\"123111111111111111111111111111111fhdjksfhjkdshfdhsfkjsdhfkjdhskfhdskjfhsdkjfhsdjkfhsdfadasdasdasdasasdasdasdasdadasdasdasdasdasd\",\"userName\":\"(Анонім)\",\"userSurname\":\"Kotsiuba\"}','2015-02-23 16:30:26',5,NULL,76),(485,'{\"Content\":\"qwe\",\"userName\":\"(Анонім)\",\"userSurname\":\"Kotsiuba\"}','2015-02-23 16:33:26',5,NULL,142),(486,'{\"Content\":\"qweqweqweqweqweqweqweqweqweqweqweqweqweqweqweqweqweqwe\",\"userName\":\"(Анонім)\",\"userSurname\":\"Kotsiuba\"}','2015-02-23 16:33:33',5,NULL,142),(492,'{\"Content\":\"zxc\",\"userName\":\"(Анонім)\",\"userSurname\":\"Kotsiuba\"}','2015-02-23 16:55:10',5,NULL,76),(493,'{\"Content\":\"1\",\"userName\":\"(Анонім)\",\"userSurname\":\"Kotsiuba\"}','2015-02-23 16:55:40',5,NULL,1),(497,'{\"Content\":\"Проблему створено анонімно\",\"userName\":\"(Анонім)\"}','2015-02-23 20:57:23',1,2,236),(522,'{\"Content\":\"додав фото\",\"userName\":\"Vasyl\",\"userSurname\":\"Kotsiuba\"}','2015-02-24 12:57:23',4,NULL,98),(527,'{\"Content\":\"додав фото\",\"userName\":\"Vasyl\",\"userSurname\":\"Kotsiuba\"}','2015-02-24 13:04:13',4,NULL,1),(528,'{\"Content\":\"додав фото\",\"userName\":\"Vasyl\",\"userSurname\":\"Kotsiuba\"}','2015-02-24 13:04:13',4,NULL,1),(529,'{\"Content\":\"додав фото\",\"userName\":\"Vasyl\",\"userSurname\":\"Kotsiuba\"}','2015-02-24 13:05:02',4,NULL,1),(530,'{\"Content\":\"додав фото\",\"userName\":\"Vasyl\",\"userSurname\":\"Kotsiuba\"}','2015-02-24 13:05:02',4,NULL,1),(532,'{\"Content\":\"додав фото\",\"userName\":\"Vasyl\",\"userSurname\":\"Kotsiuba\"}','2015-02-24 13:11:50',4,NULL,156),(533,'{\"Content\":\"додав фото\",\"userName\":\"Vasyl\",\"userSurname\":\"Kotsiuba\"}','2015-02-24 13:12:18',4,NULL,179),(546,'{\"Content\":\"додав проблему\",\"userName\":\"admin\"}','2015-02-24 14:28:03',1,1,239),(577,'{\"Content\":\"23\",\"userName\":\"Vasyl\",\"userSurname\":\"Kotsiuba\"}','2015-02-25 00:30:19',5,NULL,73),(595,'{\"Content\":\"qweqweqweqweqweqweqweqweqweqwe\",\"userName\":\"Vasyl\",\"userSurname\":\"Kotsiuba\"}','2015-02-25 14:35:51',5,NULL,73),(614,'{\"Content\":\"додав голос\",\"userName\":\"Vasyl\",\"userSurname\":\"Kotsiuba\"}','2015-02-25 16:54:44',3,NULL,157),(619,'{\"Content\":\"))\",\"userName\":\"Vasyl\",\"userSurname\":\"Kotsiuba\"}','2015-02-26 12:45:42',5,NULL,35),(621,'{\"Content\":\"11111\",\"userName\":\"Vasyl\",\"userSurname\":\"Kotsiuba\"}','2015-02-26 13:03:44',5,NULL,52),(625,'{\"Content\":\"1111111111111111111111111111111111\",\"userName\":\"Vasyl\",\"userSurname\":\"Kotsiuba\"}','2015-02-26 13:44:47',5,NULL,52),(628,'{\"Content\":\"Голос додано анонімно\",\"userName\":\"(Анонім)\"}','2015-02-26 14:36:49',3,2,52),(633,'{\"Content\":\"123\",\"userName\":\"Vasyl\",\"userSurname\":\"Kotsiuba\"}','2015-02-26 14:57:10',5,NULL,27),(634,'{\"Content\":\"1111111111111111111111111111111111111\",\"userName\":\"Vasyl\",\"userSurname\":\"Kotsiuba\"}','2015-02-26 14:57:16',5,NULL,27),(635,'{\"Content\":\"111111111111111111111111111111111111111111111111111111111111111111111111111111111\",\"userName\":\"Vasyl\",\"userSurname\":\"Kotsiuba\"}','2015-02-26 14:57:26',5,NULL,27),(638,'{\"Content\":\"додав голос\",\"userName\":\"admin\",\"userSurname\":null}','2015-03-02 14:10:48',3,1,144),(639,'{\"Content\":\"додав фото\",\"userName\":\"admin\"}','2015-03-02 14:42:33',4,1,140),(641,'{\"Content\":\"додав фото\",\"userName\":\"Inna\",\"userSurname\":\"Lab\"}','2015-03-02 15:14:19',4,32,52),(642,'{\"Content\":\"додав фото\",\"userName\":\"Inna\",\"userSurname\":\"Lab\"}','2015-03-02 15:16:18',4,32,87),(645,'{\"Content\":\"додав фото\",\"userName\":\"Inna\",\"userSurname\":\"Lab\"}','2015-03-02 15:17:20',4,32,87),(647,'{\"Content\":\"додав фото\",\"userName\":\"Inna\",\"userSurname\":\"Lab\"}','2015-03-02 15:17:57',4,32,87),(648,'{\"Content\":\"додав фото\",\"userName\":\"Inna\",\"userSurname\":\"Lab\"}','2015-03-02 15:18:31',4,32,87),(649,'{\"Content\":\"додав фото\",\"userName\":\"Inna\",\"userSurname\":\"Lab\"}','2015-03-02 15:21:34',4,32,87),(650,'{\"Content\":\"додав фото\",\"userName\":\"Inna\",\"userSurname\":\"Lab\"}','2015-03-02 15:23:05',4,32,87),(651,'{\"Content\":\"додав фото\",\"userName\":\"Inna\",\"userSurname\":\"Lab\"}','2015-03-02 15:24:22',4,32,87),(652,'{\"Content\":\"додав фото\",\"userName\":\"Inna\",\"userSurname\":\"Lab\"}','2015-03-02 15:27:16',4,32,87),(653,'{\"Content\":\"додав фото\",\"userName\":\"Inna\",\"userSurname\":\"Lab\"}','2015-03-02 15:35:09',4,32,132),(654,'{\"Content\":\"додав фото\",\"userName\":\"Inna\",\"userSurname\":\"Lab\"}','2015-03-02 15:38:54',4,32,132),(655,'{\"Content\":\"Голос додано анонімно\",\"userName\":\"(Анонім)\"}','2015-03-02 18:22:13',3,2,141),(663,'{\"Content\":\"Голос додано анонімно\",\"userName\":\"(Анонім)\"}','2015-03-03 12:02:46',3,2,98),(696,'{\"Content\":\"додав фото\",\"userName\":\"Inna\",\"userSurname\":\"Lab\"}','2015-03-04 12:41:15',4,32,52),(699,'{\"Content\":\"додав фото\",\"userName\":\"Inna\",\"userSurname\":\"Lab\"}','2015-03-04 12:59:17',4,32,52),(702,'{\"Content\":\"додав фото\",\"userName\":\"Inna\",\"userSurname\":\"Lab\"}','2015-03-04 13:01:34',4,32,52),(703,'{\"Content\":\"додав фото\",\"userName\":\"Inna\",\"userSurname\":\"Lab\"}','2015-03-04 13:04:28',4,32,52),(704,'{\"Content\":\"додав фото\",\"userName\":\"Inna\",\"userSurname\":\"Lab\"}','2015-03-04 13:12:33',4,32,132),(705,'{\"Content\":\"Duhn\",\"userName\":\"Inna\",\"userSurname\":\"Lab\"}','2015-03-04 13:12:47',5,32,132),(706,'{\"Content\":\"додав голос\",\"userName\":\"Inna\",\"userSurname\":\"Lab\"}','2015-03-04 13:14:42',3,32,132),(707,'{\"Content\":\"додав голос\",\"userName\":\"Inna\",\"userSurname\":\"Lab\"}','2015-03-04 13:15:28',3,32,98),(712,'{\"Content\":\"Голос додано анонімно\",\"userName\":\"(Анонім)\"}','2015-03-04 13:37:50',3,2,52),(716,'{\"Content\":\"Голос додано анонімно\",\"userName\":\"(Анонім)\"}','2015-03-04 14:27:35',3,2,98),(718,'{\"Content\":\"Голос додано анонімно\",\"userName\":\"(Анонім)\"}','2015-03-04 16:06:48',3,2,183),(722,'{\"Content\":\"Голос додано анонімно\",\"userName\":\"(Анонім)\"}','2015-03-04 22:33:10',3,2,157),(723,'{\"Content\":\"Голос додано анонімно\",\"userName\":\"(Анонім)\"}','2015-03-04 22:33:20',3,2,151),(724,'{\"Content\":\"додав фото\",\"userName\":\"Inna\",\"userSurname\":\"Lab\"}','2015-03-04 23:20:23',4,32,183),(725,'{\"Content\":\"додав фото\",\"userName\":\"Inna\",\"userSurname\":\"Lab\"}','2015-03-04 23:23:33',4,32,183),(726,'{\"Content\":\"додав фото\",\"userName\":\"Inna\",\"userSurname\":\"Lab\"}','2015-03-04 23:25:13',4,32,142),(727,'{\"Content\":\"додав фото\",\"userName\":\"Inna\",\"userSurname\":\"Lab\"}','2015-03-04 23:26:02',4,32,142),(730,'{\"Content\":\"додав фото\",\"userName\":\"Inna\",\"userSurname\":\"Lab\"}','2015-03-05 01:29:13',4,32,98),(731,'{\"Content\":\"додав фото\",\"userName\":\"Inna\",\"userSurname\":\"Lab\"}','2015-03-05 01:29:13',4,32,98),(732,'{\"Content\":\"додав фото\",\"userName\":\"Inna\",\"userSurname\":\"Lab\"}','2015-03-05 01:29:13',4,32,98),(733,'{\"Content\":\"додав фото\",\"userName\":\"Inna\",\"userSurname\":\"Lab\"}','2015-03-05 14:16:43',4,32,87),(734,'{\"Content\":\"додав фото\",\"userName\":\"Inna\",\"userSurname\":\"Lab\"}','2015-03-05 14:17:16',4,32,87),(735,'{\"Content\":\"додав фото\",\"userName\":\"Inna\",\"userSurname\":\"Lab\"}','2015-03-05 14:17:42',4,32,87),(736,'{\"Content\":\"додав фото\",\"userName\":\"Inna\",\"userSurname\":\"Lab\"}','2015-03-05 14:20:01',4,32,98),(743,'{\"Content\":\"додав проблему\",\"userName\":\"admin\"}','2015-03-05 14:42:50',1,1,242),(744,'{\"Content\":\"додав фото\",\"userName\":\"admin\"}','2015-03-05 14:43:12',4,1,242),(745,'{\"Content\":\"додав проблему\",\"userName\":\"admin\"}','2015-03-05 14:45:43',1,1,243),(749,'{\"Content\":\"додав фото\",\"userName\":\"Inna\",\"userSurname\":\"Lab\"}','2015-03-05 14:49:39',4,32,87),(750,'{\"Content\":\"1231231231231231\",\"userName\":\"admin\",\"userSurname\":\"\"}','2015-03-05 14:50:37',5,1,52),(751,'{\"Content\":\"додав фото\",\"userName\":\"Inna\",\"userSurname\":\"Lab\"}','2015-03-05 14:50:52',4,32,87),(754,'{\"Content\":\"додав фото\",\"userName\":\"Inna\",\"userSurname\":\"Lab\"}','2015-03-05 14:54:37',4,32,157),(755,'{\"Content\":\"додав фото\",\"userName\":\"Inna\",\"userSurname\":\"Lab\"}','2015-03-05 14:55:52',4,32,78),(757,'{\"Content\":\"додав фото\",\"userName\":\"Inna\",\"userSurname\":\"Lab\"}','2015-03-05 15:02:18',4,32,183),(758,'{\"Content\":\"додав фото\",\"userName\":\"Inna\",\"userSurname\":\"Lab\"}','2015-03-05 15:03:56',4,32,98),(759,'{\"Content\":\"додав фото\",\"userName\":\"Inna\",\"userSurname\":\"Lab\"}','2015-03-05 15:04:23',4,32,183),(764,'{\"Content\":\"додав фото\",\"userName\":\"Inna\",\"userSurname\":\"Lab\"}','2015-03-05 15:05:59',4,32,87),(765,'{\"Content\":\"Голос додано анонімно\",\"userName\":\"(Анонім)\"}','2015-03-05 15:23:45',3,2,151),(767,'{\"Content\":\"13123\",\"userName\":\"admin\",\"userSurname\":\"\"}','2015-03-05 15:36:53',5,1,52),(769,'{\"Content\":\"Голос додано анонімно\",\"userName\":\"(Анонім)\"}','2015-03-05 15:38:23',3,2,73),(770,'{\"Content\":\"123123\",\"userName\":\"admin\",\"userSurname\":\"\"}','2015-03-05 15:45:42',5,1,52),(771,'{\"Content\":\"   213123\\n\\n\\n\\n\\n\\n\\n\\n\\n\\n\\n\\n\\n\\n\\n\\n\\n\\n\\n\\n\\n\\n\\n\\n123123123\",\"userName\":\"admin\",\"userSurname\":\"\"}','2015-03-05 15:46:22',5,1,52),(780,'{\"Content\":\"sdfsdfsd\",\"userName\":\"Vasyl\",\"userSurname\":\"Kotsiuba\"}','2015-03-05 16:31:20',5,33,103),(781,'{\"Content\":\"додав голос\",\"userName\":\"Vasyl\",\"userSurname\":\"Kotsiuba\"}','2015-03-05 16:31:27',3,33,103),(796,'{\"Content\":\"Голос додано анонімно\",\"userName\":\"(Анонім)\"}','2015-03-05 20:50:10',3,2,1),(829,'{\"Content\":\"Голос додано анонімно\",\"userName\":\"(Анонім)\"}','2015-03-10 01:57:09',3,2,74),(830,'{\"Content\":\"Голос додано анонімно\",\"userName\":\"(Анонім)\"}','2015-03-10 01:57:36',3,2,85),(831,'{\"Content\":\"Голос додано анонімно\",\"userName\":\"(Анонім)\"}','2015-03-10 01:57:43',3,2,82),(835,'{\"Content\":\"додав фото\",\"userName\":\"Inna\",\"userSurname\":\"Lab\"}','2015-03-10 02:03:39',4,32,74),(845,'{\"Content\":\"додав фото\",\"userName\":\"Vasyl\",\"userSurname\":\"Kotsiuba\"}','2015-03-10 02:55:00',4,33,21),(846,'{\"Content\":\"Add comment\",\"userName\":\"Vasyl\",\"userSurname\":\"Kotsiuba\"}','2015-03-10 02:55:44',5,33,21),(847,'{\"Content\":\"Add comment\",\"userName\":\"Vasyl\",\"userSurname\":\"Kotsiuba\"}','2015-03-10 02:56:04',5,33,21),(848,'{\"Content\":\"Add comment\",\"userName\":\"Vasyl\",\"userSurname\":\"Kotsiuba\"}','2015-03-10 02:56:07',5,33,21),(849,'{\"Content\":\"додав голос\",\"userName\":\"Vasyl\",\"userSurname\":\"Kotsiuba\"}','2015-03-10 02:56:11',3,33,21),(850,'{\"Content\":\"додав фото\",\"userName\":\"Vasyl\",\"userSurname\":\"Kotsiuba\"}','2015-03-10 02:56:18',4,33,21),(851,'{\"Content\":\"додав фото\",\"userName\":\"Vasyl\",\"userSurname\":\"Kotsiuba\"}','2015-03-10 02:56:38',4,33,10),(852,'{\"Content\":\"додав фото\",\"userName\":\"Vasyl\",\"userSurname\":\"Kotsiuba\"}','2015-03-10 02:57:11',4,33,10),(853,'{\"Content\":\"додав фото\",\"userName\":\"Vasyl\",\"userSurname\":\"Kotsiuba\"}','2015-03-10 02:57:18',4,33,10),(854,'{\"Content\":\"додав фото\",\"userName\":\"Vasyl\",\"userSurname\":\"Kotsiuba\"}','2015-03-10 02:59:24',4,33,10),(855,'{\"Content\":\"додав фото\",\"userName\":\"Vasyl\",\"userSurname\":\"Kotsiuba\"}','2015-03-10 02:59:46',4,33,10),(857,'{\"Content\":\"додав фото\",\"userName\":\"Vasyl\",\"userSurname\":\"Kotsiuba\"}','2015-03-10 03:02:20',4,33,21),(858,'{\"Content\":\"додав фото\",\"userName\":\"Vasyl\",\"userSurname\":\"Kotsiuba\"}','2015-03-10 03:04:48',4,33,21),(859,'{\"Content\":\"додав фото\",\"userName\":\"Vasyl\",\"userSurname\":\"Kotsiuba\"}','2015-03-10 03:05:26',4,33,21),(860,'{\"Content\":\"додав фото\",\"userName\":\"Vasyl\",\"userSurname\":\"Kotsiuba\"}','2015-03-10 03:05:50',4,33,21),(861,'{\"Content\":\"додав фото\",\"userName\":\"Vasyl\",\"userSurname\":\"Kotsiuba\"}','2015-03-10 03:06:05',4,33,21),(862,'{\"Content\":\"додав фото\",\"userName\":\"Vasyl\",\"userSurname\":\"Kotsiuba\"}','2015-03-10 03:06:25',4,33,21),(863,'{\"Content\":\"додав фото\",\"userName\":\"Vasyl\",\"userSurname\":\"Kotsiuba\"}','2015-03-10 03:07:54',4,33,21),(864,'{\"Content\":\"додав фото\",\"userName\":\"Vasyl\",\"userSurname\":\"Kotsiuba\"}','2015-03-10 03:08:08',4,33,21),(865,'{\"Content\":\"додав фото\",\"userName\":\"Vasyl\",\"userSurname\":\"Kotsiuba\"}','2015-03-10 03:08:44',4,33,156),(872,'{\"Content\":\"додав фото\",\"userName\":\"Vasyl\",\"userSurname\":\"Kotsiuba\"}','2015-03-10 03:26:05',4,33,183),(873,'{\"Content\":\"додав фото\",\"userName\":\"Vasyl\",\"userSurname\":\"Kotsiuba\"}','2015-03-10 03:26:44',4,33,183),(874,'{\"Content\":\"додав фото\",\"userName\":\"Vasyl\",\"userSurname\":\"Kotsiuba\"}','2015-03-10 03:26:52',4,33,183),(875,'{\"Content\":\"додав фото\",\"userName\":\"Vasyl\",\"userSurname\":\"Kotsiuba\"}','2015-03-10 03:27:00',4,33,183),(907,'{\"Content\":\"додав фото\",\"userName\":\"Inna\",\"userSurname\":\"Lab\"}','2015-03-10 12:47:27',4,32,183),(908,'{\"Content\":\"додав фото\",\"userName\":\"Inna\",\"userSurname\":\"Lab\"}','2015-03-10 12:47:49',4,32,183),(914,'{\"Content\":\"Голос додано анонімно\",\"userName\":\"(Анонім)\"}','2015-03-10 12:55:41',3,2,157),(917,'{\"Content\":\"додав голос\",\"userName\":\"test@t.tt\",\"userSurname\":\"Test\"}','2015-03-10 12:56:27',3,35,157),(940,'{\"Content\":\"додав фото\",\"userName\":\"Inna\",\"userSurname\":\"Lab\"}','2015-03-10 13:09:59',4,32,242),(941,'{\"Content\":\"додав фото\",\"userName\":\"Inna\",\"userSurname\":\"Lab\"}','2015-03-10 13:09:59',4,32,242),(955,'{\"Content\":\"додав проблему\",\"userName\":\"admin\"}','2015-03-10 13:48:49',1,1,249),(957,'{\"Content\":\"додав голос\",\"userName\":\"Vasyl\",\"userSurname\":\"Kotsiuba\"}','2015-03-10 14:00:16',3,33,1),(960,'{\"Content\":\"123\",\"userName\":\"admin\",\"userSurname\":\"\"}','2015-03-10 14:16:51',5,1,176),(961,'{\"Content\":\"12312312\",\"userName\":\"admin\",\"userSurname\":\"\"}','2015-03-10 14:17:19',5,1,8),(962,'{\"Content\":\"123\",\"userName\":\"admin\",\"userSurname\":\"\"}','2015-03-10 14:17:55',5,1,8),(973,'{\"Content\":\"додав фото\",\"userName\":\"Inna\",\"userSurname\":\"Lab\"}','2015-03-10 14:52:03',4,32,183),(977,'{\"Content\":\"123\",\"userName\":\"admin\",\"userSurname\":\"\"}','2015-03-10 15:01:20',5,1,152),(988,'{\"Content\":\"додав проблему\",\"userName\":\"admin\"}','2015-03-10 16:24:05',1,1,250),(990,'{\"Content\":\"додав проблему\",\"userName\":\"admin\"}','2015-03-10 17:01:25',1,1,251),(996,'{\"Content\":\"123\",\"userName\":\"admin\",\"userSurname\":\"\"}','2015-03-10 18:17:04',5,1,242),(997,'{\"Content\":\"123123123\",\"userName\":\"admin\",\"userSurname\":\"\"}','2015-03-10 18:17:08',5,1,242),(1012,'{\"Content\":\"додав проблему\",\"userName\":\"admin\"}','2015-03-10 19:58:50',1,1,253),(1019,'{\"Content\":\"Голос додано анонімно\",\"userName\":\"(Анонім)\"}','2015-03-11 12:07:37',3,2,54),(1021,'{\"Content\":\"додав проблему\",\"userName\":\"Alexey\",\"userSurname\":\"Huralnyk\"}','2015-03-11 12:10:53',1,42,254),(1022,'{\"Content\":\"додав голос\",\"userName\":\"Alexey\",\"userSurname\":\"Huralnyk\"}','2015-03-11 12:11:06',3,42,254),(1056,'{\"Content\":\"Голос додано анонімно\",\"userName\":\"(Анонім)\"}','2015-03-11 15:04:35',3,2,183),(1072,'{\"Content\":\"додав проблему\",\"userName\":\"Vasyl\",\"userSurname\":\"Kotsiuba\"}','2015-03-11 16:23:59',1,33,255),(1073,'{\"Content\":\"Коммент\",\"userName\":\"admin\",\"userSurname\":\"\"}','2015-03-11 16:24:49',5,1,255),(1074,'{\"Content\":\"Додаю коммент\",\"userName\":\"admin\",\"userSurname\":\"\"}','2015-03-11 16:25:03',5,1,255),(1075,'{\"Content\":\"Дадаю\",\"userName\":\"admin\",\"userSurname\":\"\"}','2015-03-11 16:25:15',5,1,255),(1076,'{\"Content\":\"Комент додаю\",\"userName\":\"admin\",\"userSurname\":\"\"}','2015-03-11 16:25:29',5,1,255),(1077,'{\"Content\":\"додав голос\",\"userName\":\"admin\",\"userSurname\":\"\"}','2015-03-11 16:25:45',3,1,255),(1083,'{\"Content\":\"додав голос\",\"userName\":\"test@t.tt\",\"userSurname\":\"Test\"}','2015-03-11 16:47:37',3,35,54),(1084,'{\"Content\":\"додав голос\",\"userName\":\"admin\",\"userSurname\":\"\"}','2015-03-11 16:47:52',3,1,54),(1085,'{\"Content\":\"Проо\",\"userName\":\"admin\",\"userSurname\":\"\"}','2015-03-11 16:50:05',5,1,54),(1087,'{\"Content\":\"додав проблему\",\"userName\":\"admin\"}','2015-03-11 16:55:21',1,1,257),(1088,'{\"Content\":\"додав фото\",\"userName\":\"Vasyl\",\"userSurname\":\"Kotsiuba\"}','2015-03-11 17:14:24',4,33,96),(1090,'{\"Content\":\"додав голос\",\"userName\":\"admin\",\"userSurname\":\"\"}','2015-03-11 17:50:24',3,1,82),(1091,'{\"Content\":\"додав голос\",\"userName\":\"Inna\",\"userSurname\":\"Lab\"}','2015-03-11 17:52:13',3,32,93),(1092,'{\"Content\":\"додав проблему\",\"userName\":\"admin\"}','2015-03-11 19:05:20',1,1,258),(1093,'{\"Content\":\"Голос додано анонімно\",\"userName\":\"(Анонім)\"}','2015-03-11 20:55:16',3,2,250),(1094,'{\"Content\":\"Голос додано анонімно\",\"userName\":\"(Анонім)\"}','2015-03-12 00:35:05',3,2,59),(1098,'{\"Content\":\"додав проблему\",\"userName\":\"Inna\",\"userSurname\":\"Lab\"}','2015-03-12 00:52:18',1,32,259),(1099,'{\"Content\":\"додав фото\",\"userName\":\"Inna\",\"userSurname\":\"Lab\"}','2015-03-12 00:56:07',4,32,259),(1100,'{\"Content\":\"додав проблему\",\"userName\":\"Inna\",\"userSurname\":\"Lab\"}','2015-03-12 00:57:12',1,32,260),(1101,'{\"Content\":\"Test\",\"userName\":\"admin\",\"userSurname\":\"\"}','2015-03-12 00:57:27',5,1,260),(1102,'{\"Content\":\"додав голос\",\"userName\":\"admin\",\"userSurname\":\"\"}','2015-03-12 00:57:32',3,1,260),(1106,'{\"Content\":\"додав голос\",\"userName\":\"admin\",\"userSurname\":\"\"}','2015-03-12 02:53:35',3,1,250),(1108,'{\"Content\":\"Голос додано анонімно\",\"userName\":\"(Анонім)\"}','2015-03-12 12:33:19',3,2,253),(1127,'{\"Content\":\"Голос додано анонімно\",\"userName\":\"(Анонім)\"}','2015-03-12 13:59:30',3,2,54),(1134,'{\"Content\":\"додав голос\",\"userName\":\"admin\",\"userSurname\":\"\"}','2015-03-12 14:41:05',3,1,242),(1137,'{\"Content\":\"Голос додано анонімно\",\"userName\":\"(Анонім)\"}','2015-03-12 15:54:51',3,2,6),(1140,'{\"Content\":\"Rrr\",\"userName\":\"admin\",\"userSurname\":\"\"}','2015-03-12 18:57:09',5,1,254),(1141,'{\"Content\":\"додав голос\",\"userName\":\"admin\",\"userSurname\":\"\"}','2015-03-12 18:57:15',3,1,254),(1142,'{\"Content\":\"додав голос\",\"userName\":\"admin\",\"userSurname\":\"\"}','2015-03-12 19:07:39',3,1,52),(1143,'{\"Content\":\"Но\",\"userName\":\"admin\",\"userSurname\":\"\"}','2015-03-12 19:08:05',5,1,249),(1144,'{\"Content\":\"Голос додано анонімно\",\"userName\":\"(Анонім)\"}','2015-03-12 23:40:09',3,2,6),(1147,'{\"Content\":\"Gdh\",\"userName\":\"admin\",\"userSurname\":\"\"}','2015-03-13 03:20:32',5,1,255),(1148,'{\"Content\":\"Ghg\",\"userName\":\"admin\",\"userSurname\":\"\"}','2015-03-13 03:20:39',5,1,255),(1149,'{\"Content\":\"Ghh\",\"userName\":\"admin\",\"userSurname\":\"\"}','2015-03-13 03:20:41',5,1,255),(1150,'{\"Content\":\"Gfg\",\"userName\":\"admin\",\"userSurname\":\"\"}','2015-03-13 03:20:43',5,1,255),(1158,'{\"Content\":\"123\",\"userName\":\"test@t.tt\",\"userSurname\":\"Test\"}','2015-03-13 12:12:18',5,35,98),(1159,'{\"Content\":\"123123123123123\",\"userName\":\"test@t.tt\",\"userSurname\":\"Test\"}','2015-03-13 12:12:27',5,35,98),(1160,'{\"Content\":\"12345\",\"userName\":\"test@t.tt\",\"userSurname\":\"Test\"}','2015-03-13 12:12:38',5,35,98),(1161,'{\"Content\":\"додав проблему\",\"userName\":\"admin\"}','2015-03-13 12:21:46',1,1,261),(1162,'{\"Content\":\"додав проблему\",\"userName\":\"test@t.tt\",\"userSurname\":\"Test\"}','2015-03-13 12:22:36',1,35,262),(1163,'{\"Content\":\"додав проблему\",\"userName\":\"Inna\",\"userSurname\":\"Lab\"}','2015-03-13 12:23:41',1,32,263),(1164,'{\"Content\":\"додав фото\",\"userName\":\"Inna\",\"userSurname\":\"Lab\"}','2015-03-13 12:24:17',4,32,263),(1165,'{\"Content\":\"додав проблему\",\"userName\":\"admin\"}','2015-03-13 12:24:42',1,1,264),(1166,'{\"Content\":\"додав проблему\",\"userName\":\"admin\"}','2015-03-13 12:27:36',1,1,265),(1167,'{\"Content\":\"додав проблему\",\"userName\":\"admin\"}','2015-03-13 12:28:32',1,1,266),(1168,'{\"Content\":\"додав проблему\",\"userName\":\"test@t.tt\",\"userSurname\":\"Test\"}','2015-03-13 12:30:05',1,35,267),(1169,'{\"Content\":\"додав проблему\",\"userName\":\"Vasyl\",\"userSurname\":\"Kotsiuba\"}','2015-03-13 12:35:04',1,33,268),(1170,'{\"Content\":\"додав фото\",\"userName\":\"Vasyl\",\"userSurname\":\"Kotsiuba\"}','2015-03-13 12:35:33',4,33,129),(1171,'{\"Content\":\"додав фото\",\"userName\":\"Vasyl\",\"userSurname\":\"Kotsiuba\"}','2015-03-13 12:36:06',4,33,129),(1172,'{\"Content\":\"додав фото\",\"userName\":\"Vasyl\",\"userSurname\":\"Kotsiuba\"}','2015-03-13 12:36:31',4,33,129),(1173,'{\"Content\":\"додав фото\",\"userName\":\"Vasyl\",\"userSurname\":\"Kotsiuba\"}','2015-03-13 12:36:47',4,33,129),(1174,'{\"Content\":\"додав фото\",\"userName\":\"Vasyl\",\"userSurname\":\"Kotsiuba\"}','2015-03-13 12:37:08',4,33,129),(1175,'{\"Content\":\"додав фото\",\"userName\":\"test@t.tt\",\"userSurname\":\"Test\"}','2015-03-13 12:38:10',4,35,98),(1176,'{\"Content\":\"додав голос\",\"userName\":\"test@t.tt\",\"userSurname\":\"Test\"}','2015-03-13 12:38:41',3,35,98),(1179,'{\"Content\":\"Голос додано анонімно\",\"userName\":\"(Анонім)\"}','2015-03-13 12:53:38',3,2,129),(1180,'{\"Content\":\"Коментар\",\"userName\":\"Vasyl\",\"userSurname\":\"Kotsiuba\"}','2015-03-13 12:54:14',5,33,129),(1181,'{\"Content\":\"додав голос\",\"userName\":\"Vasyl\",\"userSurname\":\"Kotsiuba\"}','2015-03-13 12:54:28',3,33,129),(1182,'{\"Content\":\"Eye he\",\"userName\":\"test@t.tt\",\"userSurname\":\"Test\"}','2015-03-13 13:19:01',5,35,41),(1183,'{\"Content\":\"Eye he\",\"userName\":\"test@t.tt\",\"userSurname\":\"Test\"}','2015-03-13 13:19:06',5,35,41),(1184,'{\"Content\":\"Eye he\",\"userName\":\"test@t.tt\",\"userSurname\":\"Test\"}','2015-03-13 13:19:10',5,35,41),(1185,'{\"Content\":\"Eye he\",\"userName\":\"test@t.tt\",\"userSurname\":\"Test\"}','2015-03-13 13:19:10',5,35,41),(1186,'{\"Content\":\"Eye he\",\"userName\":\"test@t.tt\",\"userSurname\":\"Test\"}','2015-03-13 13:19:10',5,35,41),(1187,'{\"Content\":\"Eye he\",\"userName\":\"test@t.tt\",\"userSurname\":\"Test\"}','2015-03-13 13:19:10',5,35,41),(1188,'{\"Content\":\"Eye he\",\"userName\":\"test@t.tt\",\"userSurname\":\"Test\"}','2015-03-13 13:19:10',5,35,41),(1189,'{\"Content\":\"Eye he\",\"userName\":\"test@t.tt\",\"userSurname\":\"Test\"}','2015-03-13 13:19:11',5,35,41),(1198,'{\"Content\":\"додав проблему\",\"userName\":\"test@t.tt\",\"userSurname\":\"Test\"}','2015-03-13 18:42:21',1,35,271),(1199,'{\"Content\":\"додав голос\",\"userName\":\"test@t.tt\",\"userSurname\":\"Test\"}','2015-03-13 18:42:35',3,35,271),(1202,'{\"Content\":\"додав фото\",\"userName\":\"admin\"}','2015-03-16 15:22:53',4,1,73),(1203,'{\"Content\":\"додав фото\",\"userName\":\"admin\"}','2015-03-16 15:23:41',4,1,242),(1204,'{\"Content\":\"додав фото\",\"userName\":\"admin\"}','2015-03-16 15:24:54',4,1,242),(1225,'{\"Content\":\"додав голос\",\"userName\":\"test@t.tt\",\"userSurname\":\"Test\"}','2015-03-17 12:18:47',3,35,264),(1230,'{\"Content\":\"додав голос\",\"userName\":\"admin\",\"userSurname\":null}','2015-03-17 13:57:13',3,1,264),(1231,'{\"Content\":\"додав фото\",\"userName\":\"admin\"}','2015-03-17 13:58:36',4,1,264),(1233,'{\"Content\":\"Голос додано анонімно\",\"userName\":\"(Анонім)\"}','2015-03-18 10:51:39',3,2,264),(1234,'{\"Content\":\"додав фото\",\"userName\":\"test@t.tt\",\"userSurname\":\"Test\"}','2015-03-27 12:44:36',4,35,257),(1235,'{\"Content\":\"alsjdhaljksdhaskldh\",\"userName\":\"test@t.tt\",\"userSurname\":\"Test\"}','2015-03-27 12:44:53',5,35,257),(1236,'{\"Content\":\"додав голос\",\"userName\":\"test@t.tt\",\"userSurname\":\"Test\"}','2015-03-27 12:44:57',3,35,257),(1237,'{\"Content\":\"Голос додано анонімно\",\"userName\":\"(Анонім)\"}','2015-03-27 12:46:32',3,2,63),(1238,'{\"Content\":\"gf\",\"userName\":\"Антон\",\"userSurname\":\"Коверник\"}','2015-03-27 12:56:59',5,44,261),(1239,'{\"Content\":\"додав голос\",\"userName\":\"Антон\",\"userSurname\":\"Коверник\"}','2015-03-27 12:57:06',3,44,261),(1242,'{\"Content\":\"Голос додано анонімно\",\"userName\":\"(Анонім)\"}','2015-04-02 14:52:52',3,2,73),(1243,'{\"Content\":\"додав голос\",\"userName\":\"test@t.tt\",\"userSurname\":\"Test\"}','2015-04-03 22:02:20',3,35,255),(1244,'{\"Content\":\"Голос додано анонімно\",\"userName\":\"(Анонім)\"}','2015-04-03 22:22:34',3,2,271);
/*!40000 ALTER TABLE "Activities" ENABLE KEYS */;
UNLOCK TABLES;

--
-- Table structure for table "ActivityTypes"
--

DROP TABLE IF EXISTS "ActivityTypes";
/*!40101 SET @saved_cs_client     = @@character_set_client */;
/*!40101 SET character_set_client = utf8 */;
CREATE TABLE "ActivityTypes" (
  "Id" int(11) NOT NULL,
  "Name" varchar(45) DEFAULT NULL,
  PRIMARY KEY ("Id")
);
/*!40101 SET character_set_client = @saved_cs_client */;

--
-- Dumping data for table "ActivityTypes"
--

LOCK TABLES "ActivityTypes" WRITE;
/*!40000 ALTER TABLE "ActivityTypes" DISABLE KEYS */;
INSERT INTO "ActivityTypes" VALUES (1,'addProblem'),(2,'editProblem'),(3,'voteForProblem'),(4,'postPhoto'),(5,'postComment');
/*!40000 ALTER TABLE "ActivityTypes" ENABLE KEYS */;
UNLOCK TABLES;

--
-- Table structure for table "DeviceTokens"
--

DROP TABLE IF EXISTS "DeviceTokens";
/*!40101 SET @saved_cs_client     = @@character_set_client */;
/*!40101 SET character_set_client = utf8 */;
CREATE TABLE "DeviceTokens" (
  "token" varchar(200) NOT NULL,
  PRIMARY KEY ("token")
);
/*!40101 SET character_set_client = @saved_cs_client */;

--
-- Dumping data for table "DeviceTokens"
--

LOCK TABLES "DeviceTokens" WRITE;
/*!40000 ALTER TABLE "DeviceTokens" DISABLE KEYS */;
/*!40000 ALTER TABLE "DeviceTokens" ENABLE KEYS */;
UNLOCK TABLES;

--
-- Table structure for table "News"
--

DROP TABLE IF EXISTS "News";
/*!40101 SET @saved_cs_client     = @@character_set_client */;
/*!40101 SET character_set_client = utf8 */;
CREATE TABLE "News" (
  "Id" int(11) NOT NULL,
  "Content" varchar(10000) NOT NULL,
  PRIMARY KEY ("Id")
);
/*!40101 SET character_set_client = @saved_cs_client */;

--
-- Dumping data for table "News"
--

LOCK TABLES "News" WRITE;
/*!40000 ALTER TABLE "News" DISABLE KEYS */;
/*!40000 ALTER TABLE "News" ENABLE KEYS */;
UNLOCK TABLES;

--
-- Table structure for table "Photos"
--

DROP TABLE IF EXISTS "Photos";
/*!40101 SET @saved_cs_client     = @@character_set_client */;
/*!40101 SET character_set_client = utf8 */;
CREATE TABLE "Photos" (
  "Id" int(11) NOT NULL,
  "Link" varchar(100) DEFAULT NULL,
  "Status" tinyint(1) DEFAULT NULL,
  "Description" varchar(200) DEFAULT NULL,
  "Problems_Id" int(11) NOT NULL,
  "Users_Id" int(11) DEFAULT NULL,
  PRIMARY KEY ("Id","Problems_Id"),
  KEY "fk_Photos_Problems1_idx" ("Problems_Id"),
  KEY "fk_Photos_Users1_idx" ("Users_Id"),
  CONSTRAINT "fk_Photos_Problems1" FOREIGN KEY ("Problems_Id") REFERENCES "Problems" ("Id") ON DELETE CASCADE ON UPDATE NO ACTION,
  CONSTRAINT "fk_Photos_Users1" FOREIGN KEY ("Users_Id") REFERENCES "Users" ("Id") ON DELETE SET NULL ON UPDATE NO ACTION
);
/*!40101 SET character_set_client = @saved_cs_client */;

--
-- Dumping data for table "Photos"
--

LOCK TABLES "Photos" WRITE;
/*!40000 ALTER TABLE "Photos" DISABLE KEYS */;
INSERT INTO "Photos" VALUES (1,'d45309f5b17f56098d498a8bbe740663.jpg',0,NULL,2,NULL),(2,'50725e1ee7bc5f1ab98d71c950ef70e6.jpg',0,NULL,3,NULL),(3,'bd4e7cf056ef105ebda706e7ff408ecc.jpg',0,NULL,3,NULL),(4,'bc2dce2319676a9b872dc8edfdd0ede7.jpg',0,NULL,4,NULL),(24,'d0ef3e5369eea5e5b06271c4bf49ea62.jpg',0,' ',140,NULL),(25,'a1e7df60dbbdcf302c1c0698fd7dc3de.jpg',0,' ',140,NULL),(26,'949504f14f6ea9d95c7f5144b6deb833.jpg',0,' ',72,NULL),(27,'3523dd45b5a8409095d8da5b4c478ca8.jpg',0,' ',72,NULL),(28,'1c7887f0c220bb5d83cd78d0cd874017.jpg',0,' ',72,NULL),(29,'3f8bcedb1aee5eb7d888e6a948768f8e.jpg',0,' ',71,NULL),(30,'670678362031b89dc2479d420aa5685c.jpg',0,' ',71,NULL),(31,'912e8f6d84a9dd607f036850b2689f5b.jpg',0,' ',71,NULL),(32,'cbd0c86325663a8be53574ba2f5de85f.jpg',0,' ',74,NULL),(33,'e3ff7cdae611cf827e1ceddc95fa7dd0.jpg',0,' ',74,NULL),(34,'765643508f3adc7841ce96fa470a9e59.jpg',0,' ',74,NULL),(35,'7dfd4715da1df0e63c39d60c86a08dcb.jpg',0,' ',78,NULL),(36,'12b824ca38a23d72342d74df8b517b51.jpg',0,' ',78,NULL),(37,'9f6d6bd04cfeba27433d4458aff60a5b.jpg',0,' ',78,NULL),(38,'32a40a49080364bc76e04ee9c2fb2f4a.JPG',0,NULL,165,NULL),(39,'3eeb1bb7732ddbb5023fd000e6441224.JPG',0,NULL,166,NULL),(40,'02fa83c81e4520169d9fd587f2e8935a.JPG',0,NULL,167,NULL),(41,'1fbc873c09c4475909cdb504ddf7bde6.JPG',0,NULL,22,NULL),(42,'12d8a8b2287041ad53df02c04344d1cc.JPG',0,NULL,177,NULL),(65,'4911e29c1e68ad68a23ca8a985a2f43f.jpg',1,'1www',1,NULL),(66,'6a5fcbcb0108fc5633527f15cf06f320.JPG',1,'2www',1,NULL),(67,'124dff4916742cc8b0d0e0a9bf53bd30.jpg',0,'1www',1,NULL),(68,'f7cfe3161c446a0356633eb43238c815.JPG',0,'2ww',1,NULL),(69,'e922b2c162427a82576cd6986d494ba6.JPG',1,NULL,156,NULL),(70,'1ed701c296fed49e9ec996ca553980ce.JPG',1,NULL,179,NULL),(74,'b9d5b076f706d3cb84d1d8c71f0132ff.jpg',0,NULL,140,NULL),(75,'df0c5b672650f12b3b4cfbbdfe5236cd.jpg',0,'texs',52,NULL),(76,'a7fd9e08f002b9750f41c01274201c13.jpg',0,'Test',87,NULL),(77,'6d636094180bc5f36b7d03d6770de8be.jpg',0,'Test2',87,NULL),(78,'a4bc42a93a39d0dae39df6dadee2d63d.jpg',0,'(null)',87,NULL),(79,'6db39aba61d994ad36afbf1b2be70d3b.jpg',0,'Panda',87,NULL),(80,'fc699217f54b1f068f7e2d2166083cdf.jpg',0,'Test6',87,NULL),(81,'c834b87902971ea6cbf988aec372873e.jpg',0,'Trst6',87,NULL),(82,'efa12a98fcc1b815b8e3ce4d114344d1.jpg',0,'Trdg',87,NULL),(83,'397e9234cfebbe2d72f650fa27c8f22d.jpg',0,'Gda',87,NULL),(84,'c72e45d158ea40616aa76ec46539b3c1.jpg',0,'Test',132,NULL),(85,'56503bc77eb22c50e7752795f5c3eb20.jpg',0,NULL,132,NULL),(89,'31cff717fb934b7969d723c6307cceb7.jpg',0,'gggg',52,NULL),(90,'2adc21e53ea308bef1c169580a25a8ba.jpg',0,'123',52,NULL),(91,'386095d93cc3d760d167661448e1c95a.jpg',0,'12',52,NULL),(92,'760e0b1e5a44ed1f31d12a607529f70a.jpg',0,'455',52,NULL),(93,'22d442a3160f64dd08ece8b9980b773d.jpg',0,'Grd',132,NULL),(94,'758256457fd4ce710b7a4d6c25ac031c.jpg',0,'trt',183,NULL),(95,'11800a5095eb35588e855b46d3703363.jpg',0,'1',183,NULL),(96,'ae6189c0e6da5d72e116786be8fd756e.jpg',0,'tt',142,NULL),(97,'8601354de7a31d7d98da43d74d7d16be.jpg',0,'(null)',142,NULL),(100,'7aa69c13a3f9281f4dc74ccf88b01173.jpg',0,'1',98,NULL),(101,'94e3fc575ce29b4956987dc6b31ee311.jpg',0,'2',98,NULL),(102,'981787aecbdf11e0538e7118937936bc.jpg',0,'3',98,NULL),(103,'dcf7d54d37ad4674ea35998c500ac8e8.jpg',0,'Err',87,NULL),(104,'d05891cbec201637f92e1acbc8a8a665.jpg',0,'Tre',87,NULL),(105,'50b711e5e2933eccb046fbb60b7190e4.jpg',0,'1',87,NULL),(106,'6902e79f2ab51ef199a0c56b83a8baf4.jpg',0,'1',98,NULL),(113,'b42abcdb85839e6693f30d0a247da0a5.jpg',0,NULL,242,NULL),(114,'d6587e642ac745c90f8ae58cb70c968e.jpg',0,NULL,242,NULL),(115,'ab56f18292b59921ac576ce87b016669.jpg',0,NULL,243,NULL),(118,'1e8a09f16b649354fbf701ca30de7db3.jpg',0,'Test',87,NULL),(119,'4a59c778c72c1eefc9ad014405445aba.jpg',0,'Test2',87,NULL),(120,'83b5b78784ec15912a077d4ce428666d.jpg',0,'Test',157,NULL),(121,'cd00eae1e125ed7cd2a83ce50fb5f326.jpg',0,'Re',78,NULL),(122,'c3ae833c1ea8d2f63207e638b13b3aac.jpg',0,'1',183,NULL),(123,'08d67799f85ccb25df81eed4d6c49566.jpg',0,NULL,98,NULL),(124,'5dc62ff75c4731a1117e4fd2d5e2953b.jpg',0,'(null)',183,NULL),(126,'0eb1920425529ac6d9eca547dd58940f.jpg',0,'Test',87,NULL),(134,'dbec23a137e28f9b139d7037bf3db85b.jpg',0,NULL,74,NULL),(136,'1508332f35b8abca48e75b51cf4d3052.jpg',0,'WaterFall',21,NULL),(137,'68228bd3e665126056665952db5a6184.jpg',0,NULL,21,NULL),(138,'943ed37a1ff7ce529a3a6bf93ab501d6.jpg',0,'Water',10,NULL),(139,'a6321724952ac8a1fc06320f00932759.jpg',0,'wa',10,NULL),(140,'1e47866369109bfa8f6c0a30f1f3da12.jpg',0,NULL,10,NULL),(141,'418cc4a9d7e9c13b5cc6a55a4e105ce6.jpg',0,'asda',10,NULL),(142,'95daff3a5b4a552ee1fcbbf84212b93b.jpg',0,'asd',10,NULL),(144,'304b3c1bfc7ba0af25341ad68ea0d607.jpg',0,'cvb',21,NULL),(145,'cf2ec8f77296ce704a76bcf04773489b.jpg',0,'bnv',21,NULL),(146,'0dc2e07e1f629aeb35d936c49d0e451b.jpg',0,NULL,21,NULL),(147,'550b75bf79e5dfec575ffae9962733ea.jpg',0,NULL,21,NULL),(148,'afcdcdded8d1ddfcfc344df9d131a4e2.jpg',0,'dff',21,NULL),(149,'ce83a145703ff080144df12dc0088493.jpg',0,NULL,21,NULL),(150,'b3da53ef6da5bdc7d2c997112c91e8d1.jpg',0,NULL,21,NULL),(151,'5f82fde08b87ae90ae156b2741fe21f4.jpg',0,NULL,21,NULL),(152,'4882911aad534350c11d0fa30198373f.jpg',0,NULL,156,NULL),(159,'88125e6642e3c68336fbb55567f83018.jpg',0,NULL,183,NULL),(160,'eaf1ad7aafa5b5fb6f517b40101efe12.jpg',0,NULL,183,NULL),(161,'b890e598a38d555dc5867240e7f94a19.jpg',0,NULL,183,NULL),(162,'82b8d4a333bf06d24d38e72d46458e1a.jpg',0,'fgdgdf',183,NULL),(164,'e562a2c253508f53d04f68bac1c95d89.jpg',0,NULL,183,NULL),(165,'81358cee464a63fe5dfbd8c53bcc41f9.jpg',0,NULL,183,NULL),(166,'379cd44740dee43d0550be3b0d0844ab.jpg',0,NULL,242,NULL),(167,'1698ee5877c7055c79860a139479a6d5.jpg',0,NULL,242,NULL),(171,'c4bb9b29e4fa96768f9043a902508c62.jpg',0,NULL,183,NULL),(172,'3a3ee1e3dc22996588716a6089470c48.jpg',0,'asdasdasdasd',250,NULL),(173,'ae4d1989cad8721a531075d329ad582f.jpg',0,'Hehehehehe',251,NULL),(177,'e4f3470f26d0f8b418174a98fd876c79.jpg',0,NULL,254,NULL),(178,'4eda8f51df9666f838f92727142a2764.jpg',0,NULL,254,NULL),(179,'41498c2403bda035653246ac1e839f47.jpg',0,NULL,254,NULL),(180,'c186ce71a8005637f1ee71b2306e0638.jpg',0,'Такси',255,NULL),(181,'8985a92857ccbc30731608bec8e04560.jpg',0,'Мас',255,NULL),(184,'311ce0eeaf09ae606754b179c1732811.jpg',0,'Такси',96,NULL),(186,'1f029d4c5eaaac314633917ab3e64ed6.jpg',0,'Test',259,NULL),(187,'d5b2a118c3085dbc6a2f814b675aebe3.jpg',0,'Te',260,NULL),(188,'c3ce9f6710f6702393e50d87e1d71b9b.jpg',0,NULL,260,NULL),(189,'3d5dabe70a2200dc6a01bc2188978e62.jpg',0,'Ліс зранку',261,NULL),(190,'24fdce71277d9a48deb2be132a97fbcf.jpg',0,'Ліс вдень',261,NULL),(191,'71220c60a6cb4bccb97c89206f141b94.jpg',0,'Ліс влітку',261,NULL),(192,'ba0e3de8a4815768645a23114011f745.jpg',0,'Ліс восени',261,NULL),(193,'26e525c6bb302c10a0a0226992462619.jpg',0,'Зелений ліс',261,NULL),(194,'dc9212c53b72a0e9efc32920029089d5.jpg',0,NULL,262,NULL),(195,'675ee3b1fdbf777d2ed51a1a2eadc24c.jpg',0,NULL,263,NULL),(196,'69539bb961bf2f87eac7c4c640d05c8f.jpg',0,NULL,263,NULL),(197,'393e5661c61591acdaca827d1424c3ab.jpg',0,'Сонячний ліс',264,NULL),(198,'4807f921f804d5e9ee0e74d567faf785.jpg',0,'Листя у лісі',264,NULL),(199,'60ef836330a3a3d9303a1982b40d6fdc.jpg',0,'Осінь',264,NULL),(200,'38b032c22ea49b343a2b9c60ed3ffa5c.jpg',0,'Ліс влітку',264,NULL),(201,'013e73118eaa4c88ddf943bac6633151.jpg',0,NULL,265,NULL),(202,'3f44f489afc78dc105d1818b8e63c3d4.jpg',0,NULL,265,NULL),(203,'d538a4e5f66904ca14dd428b8fb47ee0.jpg',0,NULL,265,NULL),(204,'2b201f856821ac9ebc174818591a4b14.jpg',0,NULL,265,NULL),(205,'2161b3142ab411979c76689144474e26.jpg',0,NULL,266,NULL),(206,'c710cd5792e7f5598070a70390b433b4.jpg',0,NULL,266,NULL),(207,'14aba4e3200fc0778dddc4bcda77122b.jpg',0,NULL,266,NULL),(208,'be931bdfc89ffff69da3e4bbae9880b5.jpg',0,NULL,266,NULL),(209,'c1c413ca3c147e11b736ea4fa3aa12bb.jpg',0,NULL,267,NULL),(210,'d7642f7c52d100e66c6bf5059ff28e24.jpg',0,NULL,267,NULL),(211,'88b9fad79b5d10ad8d888e4998f028d1.jpg',0,NULL,267,NULL),(212,'da90204e7e2c9d08b7477d37d48a82c8.jpg',0,NULL,267,NULL),(213,'1fddba0baacd2f3e9a3e47ddf6e41fd9.jpg',0,NULL,267,NULL),(214,'a47afddb2dbf001aac35f06c8dabc3e3.jpg',0,'Осінь в Лісі',268,NULL),(215,'58fa85b8cc2db9d54013dc0eaaa859a5.jpg',0,'Ліс Зелений',268,NULL),(216,'f66657ad775a069165d8b729b495a35d.jpg',0,'Ліс Весеою',268,NULL),(217,'11c063f5c0652d4b7d998a3fec6094e1.jpg',0,NULL,268,NULL),(218,'093026733adbbb1023e1b4a402036a35.jpg',0,NULL,268,NULL),(219,'b77cee1913b2b7e665d816a43c011d17.jpg',0,'Осінь В  Лісі',129,NULL),(220,'c87744a38eea2323755d8cad4bee3690.jpg',0,'Ліс Зелений',129,NULL),(221,'af9cfc6b6a766c41f959f80ac5fc75d1.jpg',0,'Ліс Весною',129,NULL),(222,'d311ba1ce641c8d8b9081af612f0961b.jpg',0,'Люди В Лісі',129,NULL),(223,'3c114731543ab13b3ebbe5ba59dd4b05.jpg',0,'Люди',129,NULL),(224,'3e8ebb41f7cc9a62d6211007f1f2dde0.jpg',0,'Test',98,NULL),(230,'c1237cd5eaf5f1de1dd913a7eafcac9f.jpg',0,'Тот Самый Распиздяй',271,NULL),(231,'4fbabd3e14bc7b675cfe3f7156c2c168.jpg',0,'khkjhaskjdhaksjdhkjas',257,NULL);
/*!40000 ALTER TABLE "Photos" ENABLE KEYS */;
UNLOCK TABLES;

--
-- Table structure for table "ProblemTypes"
--

DROP TABLE IF EXISTS "ProblemTypes";
/*!40101 SET @saved_cs_client     = @@character_set_client */;
/*!40101 SET character_set_client = utf8 */;
CREATE TABLE "ProblemTypes" (
  "Id" int(11) NOT NULL,
  "Type" varchar(45) DEFAULT NULL,
  PRIMARY KEY ("Id")
);
/*!40101 SET character_set_client = @saved_cs_client */;

--
-- Dumping data for table "ProblemTypes"
--

LOCK TABLES "ProblemTypes" WRITE;
/*!40000 ALTER TABLE "ProblemTypes" DISABLE KEYS */;
INSERT INTO "ProblemTypes" VALUES (1,'проблеми лісів'),(2,'сміттєзвалища'),(3,'незаконна забудова'),(4,'проблеми водойм'),(5,'загрози біорізноманіттю'),(6,'браконьєрство'),(7,'інші проблеми');
/*!40000 ALTER TABLE "ProblemTypes" ENABLE KEYS */;
UNLOCK TABLES;

--
-- Table structure for table "Problems"
--

DROP TABLE IF EXISTS "Problems";
/*!40101 SET @saved_cs_client     = @@character_set_client */;
/*!40101 SET character_set_client = utf8 */;
CREATE TABLE "Problems" (
  "Id" int(11) NOT NULL,
  "Title" varchar(130) DEFAULT NULL,
  "Content" varchar(5000) DEFAULT NULL,
  "Proposal" varchar(5000) DEFAULT NULL,
  "Severity" tinyint(3) unsigned DEFAULT NULL,
  "Moderation" tinyint(1) DEFAULT NULL,
  "Votes" smallint(5) unsigned DEFAULT NULL,
  "Latitude" float(9,6) DEFAULT NULL,
  "Longtitude" float(9,6) DEFAULT NULL,
  "Status" tinyint(1) DEFAULT NULL,
  "ProblemTypes_Id" int(11) NOT NULL,
  PRIMARY KEY ("Id"),
  UNIQUE KEY "Id_UNIQUE" ("Id"),
  KEY "fk_Problems_ProblemTypes1_idx" ("ProblemTypes_Id"),
  CONSTRAINT "fk_Problems_ProblemTypes1" FOREIGN KEY ("ProblemTypes_Id") REFERENCES "ProblemTypes" ("Id") ON DELETE NO ACTION ON UPDATE NO ACTION
);
/*!40101 SET character_set_client = @saved_cs_client */;

--
-- Dumping data for table "Problems"
--

LOCK TABLES "Problems" WRITE;
/*!40000 ALTER TABLE "Problems" DISABLE KEYS */;
INSERT INTO "Problems" VALUES (1,'Відновлення острова Малий Татару','Біля 50 років тому острів був віддамбований. Після осушення о. Татару став придатним для розвитку сільського та лісового господарства. Проте віддамбування острова принесло велику шкоду місцевій екосистемі: дамби, перегородивши шлях воді Дунаю, обмежили нерест риби, якість води у внутрішніх озерах знизилася без припливу свіжої дунайської води зі щорічними паводками, рослинність без природного затоплення та надходження біогенів та поживних речовин почала деградувати та перероджуватися. ','Для вирішення цих проблем представниками Ізмаїльського лісового господарства, місцевих влад та Всесвітнього фонду природи 30 жовтня 2003 року була снесена частина дамб, що оточували острів. Шлях для дунайської води був відкритий та навесні 2004 року острів пережив перший паводок за довгі 50 років. За минулі 10 років острів майже повернувся до природного стану, екосистема острова процвітає. Проект на острові М. Татару є моделлю відновлення плавнів у дельті Дунаю.',3,1,16,45.350166,29.001091,1,4),(2,'Китайський мега-порт','Он может стать петлей для Крыма, он - смертный приговор для нашего любимого полуострова.','Пожалуйста, поддержите петицию о недопустимости строительства китайского мега-порта в Крыму:\nhttps://secure.avaaz.org/ru/petition/Prezidentu_Ukrai..nu_otmenit_dogovorennosti_o_stroitelstve_kitayskogo_megaporta/ ',3,1,26,45.125866,33.607864,0,4),(3,'Сабарівський ліс','В місті Вінниця в мікрорайоні Сабарів ліс та берег Південного Бугу просто завалений сміттям!!! І з кожним роком все більше і більше!!!','Організувати акцію по прибиранню цієї території.',3,1,21,49.190342,28.449955,0,1),(4,'Спасите Древний могучий Днепр!','Река Днепр, некогда судоходная, в связи со строительством плотин, интенсивным технологическим использованием и изменениями климата, убийственно цветет в летние месяцы и убивает в себе все живое, перестает быть источником питьевой воды и колыбелью Приднепровья.','Государственная программа, выделение денег из госбюджета, чистка и углубление дна реки.',3,1,23,48.487488,35.068359,0,4),(5,'Загрязнение Днепра','В городе Берислав нет очистных сооружений.','',3,1,13,46.832600,33.416462,0,4),(6,'Знищення гніздівель ластівок, Чубинське, Бориспільський район','Бориспільський район, Чубинське (колишній хутір Чубинських. Автора слів гімну України), Яблунева 6а. Зруйновані гнізда ластівки міської. За підрахунками більше  50 гнізд. Зроблено за наказом власника розважального комплексу \"Чубинське\". За його словами, ластівки гадять і якщо комусь не подобається, то можуть забрати всі ці гнізда додому. Залишки гнізд, між іншим, в той час вже валялись під дахом комплексу. А крановщики, які виконували наказ і, як зрозуміло, своєї думки не мали, тикали пальцями у власника: \"Нічого не знаємо... наша хата з краю\"','Інформацію було розповсюджено серед ЗМІ, яке активно відреагувало. Приклади новин можна знайти http://www.socportal.info/news/direktor-magazinu-vbiv-200-ptashenyat-last, http://chask.net/?p=16110, http://weather.tsn.ua/ukrayina/na-kiyivschini-budivelniki-znischili-bilshe-50-lastivchinih-gnizd-zaradi-maybutnogo-trc-298037.html, http://podrobnosti.ua/podrobnosti/2013/06/14/911232.html. На власника було подано звернення до Міністерства внутрішніх справ України з проханням порушити відповідну кримінальну справу відносно власника комплексу.  Справу \"зам\\\'яли\", але власник ТРЦ знову гніздівлі вже не руйнував.',3,1,27,50.387123,30.853321,1,5),(7,'Лиман','Нужно залить морскую воду в Куяльницкий лиман!Давайте как то соберёмся!Пока решат как провести трубу,то он уже пересохнет.А этот лиман по хим.составу как мёртвое море!У нас в стране всё так бездарно делается это ужас!!!','Предложите что то...',3,1,46,46.571136,30.750046,0,4),(8,'забор','забор стоит за красной линией прямо на тротуаре, человек незаконно присвоил себе общую территорию в свою собственность.','знести',3,1,21,50.451805,30.670565,0,3),(9,'Необхідність збереження пам’ятки природи місцевого значення «Тунель кохання», с. Клевань, Рівненський район Рівненської області.','Пам\\\'ятка природи являє собою ботанічний феномен – зелений тунель у лісовому масиві, утворений заростями дерев та кущів, що сплелися між собою та утворили тунель точної арочної форми. Розташований на 4-кілометровому відрізку залізничної колії. Є місцевою туристичною принадою. Існують проблеми із прибиранням навколишньої території. На початку листопада 2013 року надійшла інформація про вирубку дерев навколо «Тунелю кохання» у шаховому порядку. ','Місцеві жителі періодично проводять толоки, прибирають тунель, проте існує проблема із зникненням обладнаних урн для сміття. Мешканці звернулися до мас-медіа, таких як Zik, Українська правда, 1+1. На запит журналістів заступник Рівненської ОДА О. Губанов пояснив ситуацію профілактичними роботами на залізничній гілці та впорядкуванням лісу. Кілька дерев дійсно були зрубані, однак так і залишилися лежати біля колій.   Проте після того, як подія набула розголосу в ЗМІ, вирубка дерев припинилася. Місцеві жителі досить ініціативні щодо захисту ботанічної пам’ятки, позаяк її відвідує багато туристів, в тому числі іноземних, що є джерелом прибутку. \n1.Туризм може стати джерелом фінансування робіт щодо догляду за лісом (добровільні пожертви, невеличкий збір).\n2. Можна запропонувати також надання тунелю статусу об’єкту культурної спадщини (ландшафтного, природно-антропогенного) із застосуванням відповідного режиму охорони. \n',3,1,22,50.753944,26.013908,0,1),(10,'Необхідність створення заказника для дельфінів біля мису Айя, Сарич та узбережжя Балаклави. ','Щороку сюди припливає на зимовку велика кількість азовок, білобочок та афалін, оскільки там досить спокійно та є хороша кормова база, що дозволяє дельфінам збільшувати поголів’я та комфортно зимувати. Наразі дельфіни потерпають від риболовецьких сітей, заковтують пластикові пляшки та інше побутове сміття. ','Потрібне надання цим водам статусу охоронної території, де буде заборонена господарська діяльність. \nПротягом кількох років на мисі Айя функціонував екологічний пост, який не пускав туди туристів. Збільшилася кількість водоплавних птахів і комах, природа почала оживати. Рада громадських екологічних організацій Севастополя звертається до Мінекології із клопотанням щодо створення окремого морського заказника. Можливе також розширення території існуючого морського заказника - прибережного аквального комплексу біля мису Айя. \n',3,1,25,44.479362,33.600655,0,5),(11,'Місцевість дуже забруднена, місто потерпає від сміття','','',3,1,9,47.654289,34.598694,0,2),(12,'с.Пожарки','Стехійні сміттєзвалища біля і в лісі.','Поставити в с.Пожарки контейнери для роздільного збору сміття.',3,1,5,49.951221,30.355225,0,2),(13,'Сміттєзвалища ','Сміттєзвалища в лісі.','Поставити в с.Пожарки контейнери для роздільного збору сміття.',3,1,12,50.973751,25.228537,0,2),(15,'Гніванський ліс','Гніванське ліснитство в районі ЖБК просто потопає у смітті!!!','Організувати акцію по прибиранню цієї території',3,1,6,49.090870,28.348459,0,1),(16,'Загрози біорізноманіттю','У Чернігівській обл., ТОВ «Земля і воля», а також багато інших с/господарств по всій Україні використовують гмо-культури (з паралельним використанням агресивної с/г хімії), давно вже не в цілях \"проби\". ','Заборонити в Україні діяльність Монсанто, Сингента та інших компаній, що використовують ГМО-технології. \nЗаборонити використання ГМ-насіння і технологій у великому с \\ г та приватному фермерстві. \nЗробити Україну \"зоною, вільною від ГМО\". \nРозробку на впровадження програми провести у 2014р.\n',3,1,3,50.721676,31.464844,0,5),(17,'Загрози біорізноманіттю','У Чернігівській обл., ТОВ «Земля і воля», а також багато інших с/господарств по всій Україні використовують гмо-культури (з паралельним використанням агресивної с/г хімії), давно вже не в цілях \"проби\". ','Заборонити в Україні діяльність Монсанто, Сингента та інших компаній, що використовують ГМО-технології. \nЗаборонити використання ГМ-насіння і технологій у великому с \\ г та приватному фермерстві. \nЗробити Україну \"зоною, вільною від ГМО\". \nРозробку на впровадження програми провести у 2014р.',3,1,3,50.722546,31.481323,0,5),(18,'ГМО','У Чернігівській обл., ТОВ «Земля і воля», а також багато інших с/господарств по всій Україні використовують гмо-культури (з паралельним використанням агресивної с/г хімії), давно вже не в цілях \"проби\". ','Заборонити в Україні діяльність Монсанто, Сингента та інших компаній, що використовують ГМО-технології. \nЗаборонити використання ГМ-насіння і технологій у великому с \\ г та приватному фермерстві. \nЗробити Україну \"зоною, вільною від ГМО\". \nРозробку на впровадження програми провести у 2014р.',3,1,3,50.729504,31.478577,0,5),(19,'Сміттєзвалище на Гмирі 6','Велика територія бруду, пластику та іншого сміття. Також по всьому мікрорайону собачі віпорожнення.','Прибрати. Щось вирішити з незайманою територією: чи паркінг зробити (автомобілів тьма тьмуща), чи сквер, чи спортивний майданчик повноцінний (в мікрорайоні тільки дитячі майданчики), чи баскетбольне поле.',3,1,34,50.392899,30.626213,0,2),(20,'Сміттєзвалище','Несанкціоноване та хаотичне викидання сміття в лісосмугах та полях, що псує загальний вигляд та шкодить довкіллю. Велика кількість будматеріалів та різного пластикового сміття.','Організувати прибирання, повідомлення особам відповідальним за екологічний стан в місцевості задля подальшого недопускання викидання там сміття!',3,1,2,50.290546,30.796480,0,2),(21,'Загроза втрати біорізноманіття акваторії навколо Тарханкутського півострова','Незаконні методи вилову риби, вилучення з природного середовища малих китоподібних, надмірне рекреаційне навантаження','Акваторії потрібно включити до складу національного природного парку \"Чарівна гавань\"\n',3,1,18,45.414238,32.491722,0,5),(22,'НЕЗАКОНЕ СМІТТЄЗВАЛИЩЕ ОРГАНІЗОВАНЕ СІЛЬСЬКОЮ РАДОЮ','В селі Богданнівка, сільський голова організував майже в центрі села незаконне сміттєзвалище','Привернути увагу до данної проблеми жителів села і знайти рішення даної проблеми.',3,1,13,50.619884,30.910093,0,2),(23,'мусор в Одессе','отсутствие сортировки и переработки мусора. отсутствие контроля в зоне туризма за засорением побережья и зеленых зон','1. Организация разделения бытового мусора\n2. строительство перерабатывающего завода на территории области\n3. создание экологической полиции и жесткий контроль за соблюдением чистоты в городе и зонах туризма\n4. усиление функциональной системы системы штрафов\n5. пропаганда через СМИ и школы правильного отношения к среде обитания\nwww.snd.org.ua',3,1,14,46.483265,30.816650,0,2),(24,'загрязнение воздуха','высокий уровень со2 в воздухе. являясь курортной зоной, Одесса имеет высокий уровень загрязнения воздуха. Ходить пешком по городу трудно из-за количества выбросов автотранспорта','повысить налоги на старые автомобили, автомобили с большим расходом топлива. Проводить жесткую диагностику газоанализатором согласно госту. Контролировать качество топлива. Внедрять экологичные технологии.',3,1,15,46.452995,30.926514,0,7),(25,'Викид сажі та зниження ставків пром. викидами','Узинський цукровий комбінат забруднює місто сажею з труби заводу, а також знищив життя в кількох ставказ через стоки. Крім цього присутній постійний неприємний запах через викиди в ставки барди.','Зобов\\\'язати підприємство негайно припинити роботу до встановлення очистного обладнання та очистки ставків.',3,1,8,49.820930,30.433931,0,1),(26,'Проблема повiтря','Загрязнен воздух, несмотря на всевозможные фильтры на производстве','Контроль фильтров',3,1,43,47.798397,33.365479,0,7),(27,'Пал травы','Пал травы','Запретить пал травы',3,1,2,58.101105,30.596924,0,7),(28,'Забруднення ґрунтових вод','Через активну меліорацію і використання хімдобрив в радянські часи і зараз, є загроза забруднення ґрунтових вод і підтоплення (Херснська область)','Належний контроль',3,1,7,46.830135,32.947998,0,7),(29,'стихійні сміттєзвалища','вздовж р.Уж стихійні сміттєзвалища, оскільки в даній місцевості немає спеціально відведеного місця. ','побудова сміттєпереробного заводу',3,1,7,48.742039,22.509613,0,2),(30,'засорение реки','Житомир-Новогуйвинское.Река Гуйва. При расчистке леса(пилили деревья),ветки и стволы сбрасывали в реку.  Результат подобной деятельности:-заторы,порча воды гниющим деревом, появление большого количества сине-зелёных водорослей,нехватка кислорода рыбам. Фото могу предоставить. Кроме того,по словам проживающей в том районе сестры,идёт браконьерский вылов раков.','Найти и наказать службы,которые виновны в болезни реки. Обязать их расчистить речку. Не знаю,есть-ли там лесничество,но если да,то поднять вопрос о халатном отношении лесника к своим обязанностям ',3,1,7,50.134663,28.685303,0,4),(31,'Загальна системна проблема із сміттям','За сміття переплачується не менш ніж три рази. Перший сплачує величезні внески за використання неекологічного та всякого іншого упакування. Другі гроші, не менш значимі величиною, це сплати тих хто виробляє різні упакування. Третя сплата це покупець, ПРИМУШЕНИЙ сплатити за товар в упакуванні і без прав вибору. Четверта сплата це просто абсурдне примушення сплачувати за вивіз сміття, за яке вже три тази сплачено. Після візиту до магазину третина пакету становить пакування -- ОДРАЗУ як дотранспортував додому. Ціна мішечка сміття перевищує ціну деяких продуктів харчування!. Де ж ті гроші? Де переробка?  Система аж ніяк не заохочує навіть до встановлених смітників сміття переміщувати. Не всі живуть у багатоквартирних будівлях. Організація і побори для решти не просто неприйнятні, а абсурдні.\nДякую за увагу.','Встановлення організованих смітників. На розподілене сортоване збирання. Системні регулярні і сезонні заходи по збору органічних (гнилі та биті яблука, наприклад) та таких що потребують спалювання (листя та гілля) відходів та переміщення їх до організованих місць переробки, з подальшою вбудовою в екологічно корисні та прийнятні ланки. Хто живе у межах будинків з ділянкою (села, дачі, міські ітд) знає добре НАСКІЛЬКИ страждає саме та ділянка землі від тієї кількості сміття що просто не встигає саме по собі переробитися лишаючись локально. \nМаксимальне сприяння побудові переробних сміттє-заводів!!! з нормальними технологіями та вихідними продуктами.Відкрите рекламування усієї системи оббігу та оплати сміття замість пива, горілки та цигарок.\nСпасибі.',3,1,18,50.429520,30.541992,0,2),(32,'Сміттєзвалище біля лісу','Між селами Грушів та Ходорів декілька років тому утворилося незаконне сміттєзвалище у зоні Ржищівського лісгоспу','Прибрати територію і не допускати її засмічення',3,1,11,49.903675,31.231663,0,2),(33,'Сміттєзвалища на \"Коса на Победе\"','Це місце є єдиним можливим \"виходом на природу\" для багатьох мешканців жилмасиву Перемога, чудове місце для тренування спортсменів тощо. Але, на жаль, немає служб, що доглядають цю територію, або вони є, але абсолютно не виконують свої функції. Централізованних смитників також недостатньо. Через це  всім відома Коса перетворилась на сміттєзвалище і кожного для ця проблема лише збільшується. ','Встановлення смитників, проведення суботників, контроль роботи відповідних служб міськими головами.',3,1,14,48.417751,35.074734,0,2),(34,'сплошная вырубка леса ','сплошная вырубка леса  и вывоз на протяжении 3 последних лет','остановка сплошной вырубки остатков леса и недопущение в будущем',3,1,17,50.160378,29.982183,0,1),(35,'чечены','самая основная проблема планеты это чечены!','всех в печь',3,1,5,43.309193,45.670166,0,7),(36,'Сміттєзвалище. Забруднення...','Недобудований об\\\'їзд завалюють сміттям. Згодом це стане сміттєзвалище неймовірних розмірів.','Очиститит територію, перекрити всі в\\\'їзди до території.',3,1,15,50.398918,30.413074,0,2),(37,'Постійна зміна клімату, вирубка лісів, смітник','На моїх очах вирубають ліс. По дорозі на роботу я бачу навколо себе смітник','Поставити знаки штрафу, за смітник у данному місці. шробити \"суботник\"!!!!хай люди прибирають там, де самі і живуть!!!!',3,1,8,50.164585,30.358658,0,2),(38,'Хуже Чернобыля','У нас проблемы во всём.Особенно экология','Закрыть все заводы ,в которых нет очистных сооружений.Убрать могильник',3,1,12,48.516605,34.617920,0,7),(39,'Стройка','Стоят дома, вырубают леса, гадят) ','Беречь природу!',3,1,12,50.543110,30.239182,0,3),(40,'Смітник біля будинку','Смітник біля будинку і на всій вилиці!!!','Влаштувати день прибирання',3,1,11,48.603317,22.302074,0,2),(41,'Незаконный вывоз песка','Незаконно выкачивает песок земснаряд, а это грозит тем, что весь мост может рухнуть. ','Запретить и наказать.',3,1,18,50.399807,30.598898,0,4),(42,'Загрязнение родникового водоёма','В селе Синяк, Вышгородского района, Киевской области в родниковое озеро сбрасывают отходы производства предприятия \"Альянс\" и канализацию жилых домов. Вода в колодцах уже дурно пахнет.','Запретиь предприятию сбрасывать отходы в озеро. Для сельской канализации построить очистные сооружения.',3,1,6,50.672203,30.269222,0,4),(44,'Брудно','На вулицях валяються пакети , пусті пляшки , сміття...','Встановити якомога більше мусорних бачків',3,1,11,49.589550,34.551254,0,2),(45,'Забруднені водойоми та береги річок','Береги Дніпра, Кагамлика та інших водоймищ, забрудені різним сміттям. З берегів зливають різноманітні хімічні сполуки у водоймища, через що гине риба та влітку водоймища вкриваються зеленими воростями. Якщо б це були винні підприємства, то було б легше попередити цію проблему, але винуватцями фізичні особи.','Ввести екологічний патруль, який буде контролювати забруднення та виявляти порушників. Ввести жорсткі санкції за забруденння та заохочення за очищення території. \n',3,1,10,49.073868,33.417664,0,4),(46,'Сміттєзвалище','У приватному секторі утворилося сміттєзвалище, яке, хоча і вичищається періодично установами ЖКГ, проте не упорядковане і розпорошене на 140-150 кв.м. Ще на 100-150 м у всі боки розлітається таке сміття, забруднена вся територія вулиці Фруктової та провулків.','1. Зареєструвати місце для розміщення побутових відходів.\n2. Облаштувати спеціально таке місце, оскльки продукти розкладання таких відходів потрапляють у грунти.\n3. Забезпечити можливість роздільного збирання побутових відходів та сміття.\n4. Провести розяснення серед населення щодо користування місцями розміщення відходів та роздільного збирання сміття.',3,1,6,50.273788,28.696827,0,2),(47,'Долина нарцисів','Вчені відзначають значні зміни рослинного покрову впродовж останніх 25 років, зокрема, зменшення площ справжніх лук[8]. Колись гостролистий нарцис вкривав сотні гектарів землі, тепер щороку площа його зростання меншає. Наукові дослідження, спрямовані на покращення охорони цінних екосистем, стали можливими завдяки проекту Світового банку «Збереження біорізноманіття Карпат» (1993–1997 рр.; $ 500 000). 2006 року науковці, що досліджують цей куток природи, вдарили на сполох — нарциси почали висихати від недостатньої вологості ґрунту. Виявляється, останніми роками змінився гідрологічний режим ґрунтів, і квітам не вистачає вологи. Задля збереження долини екологи пропонують заборонити проїжджати тут автомобілями, зняти довкола асфальт, насадити дерева і зволожити землю (збудувати шлюзи і воду штучно підняти)[10]. Нарцисам буде добре, але виникає інша проблема — від підвищення вологості розростаються верби. Аби зберегти квіти, дерева вирубують[3].','Іншою серйозною проблемою для екологічного стану заповідної ділянки є масовий наплив туристів у сезон цвітіння нарцисів та варварське ставлення до квітів. У період масового цвітіння квітів «Долина нарцисів» приймає в середньому по 4—5 тис. відвідувачів на добу. На території масиву прокладені дороги, збудовані спеціальні майданчики для спостереження за квітами; у період цвітінння нарцисів охорона заповідної ділянки підсилюється лісниками з інших масивів області, але все одно цінні квіти масово зриваються та витоптуються туристами',3,1,14,48.136768,22.840576,0,5),(48,'незаконне будівництво','років 20 тому вирили котлован під новий елітний будинок біля буд 83 на вул.Калинова, зараз цей покинутий котлован заріс деревами та кущами, там справжнє сміттєзвалище. Котлован обнесено парканом і його стереже охоронна фірма цілодобово. Прямо біля ЖЄКу №23. Цей ЖЄК покриває власника кієї \"забудови\".','засипати котлован та знову зробити там вільний під\"їзд (доріжку, тротуар) до будинку №83 для машин та людей. ',3,1,8,48.514507,35.054295,0,2),(49,'Переповнення відходами людського відпочинку','Півострів захаращений горами пластику, скла та іншого сміття, яке незаконно звозиться сюди або залишається після \"відпочинку\" мешканців Києва.','Зібрати актив Оболонського району для прибирання. Залучити виробника сміттєвих мішків, резинових перчаток тощо, в якості партнера/спонсора, та компанію, яка займається переробкою сміття - прибрати півострів, встановити шлагбауми, облаштувати зони відпочинку, розставити баки для сміття, та збирати по 5грн. з авто за підтримку чистоти.',3,1,22,50.528706,30.532335,0,2),(50,'Як зробити місто чистим','Проблема сортування сміття, немає контейнерів для пластика, паперу,скла і т.п.Сміттєзвалища, які роблять мешканці міста, бо немають екологічної культури. Багато реклами по телебаченню, але майже не побачиш реклами, пов`язаної з екологічними проблемами міста, країни, планети...','1. Широко і частіше освітлювати екологічні проблеми по телебаченню, в газетах, на бігбордах.\n2. Проводити масові екологічні акції с залученням шкільної та студентської молоді.\n3. Звернути увагу керівництва міста на проблему сміттєзвалищ с залученням спонсорів, партійних та громадських діячів.',3,1,7,48.297813,38.023682,0,2),(51,'Зробити водойми екологічночистим місцем відпочинку','Забруднення водойм, не чистять , сміттєзвалища на берегах','залучити громадських діячів, студентську молодь та керівництво міста до вирішення проблеми - щорічно чистити, прибирати берег, поставити урни для сміття, обладнати берег для місця сімейного відпочинку мешканців міста',3,1,6,48.327038,38.023682,0,4),(52,'незаконная стройка','строят выкидывают муссор','наказать и закрыть учириждение',3,1,5,56.903156,60.721321,0,2),(53,'Вирубка дерев','Вирубка дерев на території міста','вплив на владу, посадка садженців',3,1,11,50.007740,36.241150,0,7),(54,'Завод з токсичними викидами в житловій зоні','В житловій зоні, в центральній частині м. Снятин, вже багато років працює завод по виготовленню оздоблювальний матеріалів з пластику (ПП «Лідер VTM»). Відповідно, завдається велика шкода здоров’ю людей, які живуть неподалік. Адже, завод постійно неофіційно спалює відходи, і цими газами мусять дихати люди (аж \"горло дере\"). Люди неодноразово зверталися у відповідні органи влади, але ніхто дану проблему не хоче вирішувати.','1. Закрити даний завод.\n2. Виплатити людям компенсації за завдану шкоду їхньому здоров’ю.\n3. Покарати винних підприємців та чиновників.',3,1,52,48.442959,25.571934,0,3),(55,'Засмічення Вовчинецьких гір побутовим сміттям','Мешканці міста Івано-Франківськ, с.Вовчинець та с.Підлужжя скидають побітове сміття на схилах Вовчинецького пагорбу (комплексна пам\\\'ятка природи місцевого значення ) та берегах річки Бистриця Надвірнянська..','Встановлення сміттєвих баків біля будинків в с.Вовчинець та с.Підлужжя, організація централізованого вивозу сміття не рідше 1 разу/тиждень, встановлення сміттєвих контейнерів при в\\\'їзді в заказник \"Козакова долина\" та регулярний вивіз сміття (не рідше 2 разів/тиждень в період березень-листопад, не рідше 1 рази/тиждень в період грудень-січень)',3,1,18,48.958569,24.750105,0,2),(57,'Трасса здоровья и пляжи','Муниципальная территория отчуждается, передается в аренду и блокируется от свободного посещения по корупционным схемам органов областного и местного самоуправления. ','Привлечение общественных организаций, прокуратуры и т.д.',3,1,8,46.458202,30.760689,0,3),(58,'Свалка в карьере ракушечника','Мусоровозы возят мусор в карьер, вокруг свалки на полях и дачный участках  мусор','Закосервировать , утилизировать , засыпать',3,1,2,46.625599,30.906193,0,2),(59,'Порушення підприємством санітарно-екологічних норм','Макарівська птахофабрика забруднює токсичними викидами повітря та воду. При проведенні моніторингу стану атмосферного повітря в селищі Макарів санепідемстанцією було встановлено, що концентрація двоокису азоту перевищує гранично допустиму в 1,27 разів, сірководню - в 15,38 разів, коефіцієнт комбінованої дії сірководню та аміаку перевищує норму в 16,62 рази. Це становить загрозу природі та здоров`ю людей.\nhttp://www.youtube.com/watch?v=562siiNlsfc','Необхідно примусити власників використовувати очисні технології та постійно контролювати рівень забруднення, або перенести виробництво подалі від населеного пункту.',3,1,11,50.444881,29.816818,0,7),(60,'Высыхает лиман','Высыхает лиман , частные домовладения по периметру водоема сливают канализацию и выкидывают мусор','Контроль , штрафы, связь с морем через существующий канал',3,1,5,46.576092,30.896473,0,4),(61,'незаконні сміттезвалища','незаконні сміттезвалища в посадках в межах города та поблизу.',' вплив на владу, громадський контроль. зміна законодавства',3,1,8,49.993614,36.199951,0,2),(62,'Загрязнение Черного моря','Загрязнение моря сточными водами и ливневыми загрязнениями.','Ремонт ливневок, канализаций.',3,1,9,46.470497,30.770130,0,4),(63,'Смітник у зоні відпочинку','Гарний сосновий ліс перетворили на сміттєзвалище','Заставити відповідальних осіб прибрати територію. Побажання відпочиваючим - будьте людьми!!!',3,1,8,48.713165,29.159775,0,2),(64,'Незаконный вылов рыбы','Разпологаются сети браконьеров вдоль берега напротив городка , утром и вечером на надувных лодках собирают незаконный улов','Рыбнадзору и погранцам перестать брать взятки и заняться делом',3,1,5,46.577152,30.929817,0,6),(65,'Питьевая вода','Не соответствие стандартам качества питьевой воды города Одесса','Контроль за качеством воды в Днестре, применением химикатов на полях Одесской области, реконструкция водоочистительной системы города',3,1,9,46.479481,30.716400,0,4),(66,'экологически опасная свалка','Свалка с нарушениями всех нормативных документов в непосредственной близости к жилой зоне','Закрыть\n',3,1,3,48.657860,35.221310,0,2),(67,'Заьруднення повітря','Забруднення повітря заводом \"Ізоват\"','Закрити, вдосконалити очисну систему',3,1,2,50.243355,28.738842,0,7),(68,'Сохранение и развитие зеленых насаждений','В Одессе незаконно вырубаются зеленые насаждения для очистки мест под строительство. Не обновляется ресурс зелених насаждений города.','Целевая програма по развитию озеленения города, обращение в прокуратуру.',3,1,6,46.459621,30.734940,0,1),(69,'\"Сирітська хатка\" на березі Південного Бугу','Побудований маєток на березі річки взагалі без врахування прибережної зони.','Бажана зацікавленність природоохоронних і юридичних органів.',3,1,7,49.518551,28.023504,0,3),(70,'Сміттєзвалище.','Велика купа сміття. ','Треба велика вантажівка і екскаватор. шоб вивезти сміття',3,1,3,50.736015,30.365652,0,2),(71,'сміттезвалища і сміття взовж річкі Ірпінь','Багато сміття викинуто вздовж річки','Сміття було вивезено на офіційний смітник за Димером за допомогою власних автівок членами клуба http://kievjeep.net/forum/index.php\nПроблему вирішено.',3,1,2,50.738132,30.362991,0,2),(72,'Автозаправка напроти дев\\\'ятиповерхового будинку','Замість зеленої зони збудували автозаправку напроти дев\\\'ятиповерхового будинку. В будинку мешкає близько 500 мешканців, поряд ще будинки, школа дитячої творчості...\nНіяких дозволів, документів... у мешканців ніхто не питав чи хочуть вони мешкати напроти заправки і нюхати всі ці канцерогенні вихлопи.','Знести або підірвати заправку, повернути зелені насадження які були на її місці.',3,1,2,48.081783,38.076344,0,7),(73,'Загрязнение местности и атмосферы','Большая свалка рядом с домами, также рядом очисная как подует от туда хоть не выходи на улицу.','Свалку перенести, построить завод переработки мусора, очистную перестроить по новым стандартам чтобы люди не задыхались от запаха что от туда идет',3,1,7,48.483620,32.305771,0,2),(74,'Забруднення території','Засмічення території міста самими жителями та засмічення лісів службами які відвозять сміття в ліс і там його залишають в великих кількостях','Розмістити таблички - реклами щодо чистоті в місті, це примусить задуматись принаймні більшу половину жителів. Щодо лівіс пивинна держава сама вирішувати такі питання та штрафувати тих хто відвозив ліс сміття і мало того, треба ще змусити їх його знищити аби його не перевезли в інше місце. Країна хабарництва! Ви ж для себе та своїх дітей гірше робите!',3,1,9,51.312832,26.593416,0,2),(75,'Мусорка','незаконная свалка мусора в лесопосадке. масштабы огромные','информирование населения',3,1,4,48.369331,35.114708,0,2),(76,'Незаконный вылов рыбы, раков','Разпологаются сети браконьеров вдоль берега, в ереках. Перекрыты каналы сетями в несколько этапов.','Контроль, извлечение сетей и порча их на берегу всеми не равнодушными.',3,1,6,46.505424,30.049454,0,6),(78,'Майдуны','Нацизм и опасность для жизни','Прекратить беспорядки!',3,1,3,50.431705,30.551605,0,1),(79,'не чистят','Озеро грязное','Убрать почистить',3,1,4,50.457287,30.334539,0,4),(80,'выбросы в атмосферу загрязнённого воздуха с металлургических комбинатов и нехватка кислорода в воэдухе','выбросы в атмосферу загрязнённого воздуха с металлургических комбинатов и нехватка кислорода в воздухе','усилить фильтрацию выбросов и ...',3,1,28,47.077602,37.545776,0,7),(81,'Не екологiчно чистi придприэмства якi забруднюють навколишнню середу','забрудненя повiтря','Побудувати екологiчнi придприэмства що не забруднюють навколишнiй середи',3,1,4,48.290504,38.038788,0,7),(82,'Незаконне полювання в околицях с. Липовиця','Місцеві жителі не приховують, що в їхньому селі значна частина місцевих жителів відкрито промишляє браконьєрством. Кримінальні \"мисливці\" настільки нахабні, що розстрілюють охоронні знаки заповідних об\\\'єктів. Особливо їх багато в малолюдних гірських районах Ґорґан.','- Операція по добровільній здачі незареєстрованої зброї\n- Інформування туристами про виявлення озброєних осіб в гірських чи лісових районах\n- Створення добровільних дружин, які патрулюватимуть в період риковиськ тощо',3,1,21,48.767052,24.042892,0,6),(83,'Греблі','Греблі призводять до обміління річок, замулення, вимирання іхтіофауни.','Необхідно поступово відмовитись від регулювання річкого стоку ха допомогою гребель.',3,1,3,49.610710,34.562988,0,4),(84,'Велика кількість сміття','Купи сміття під метромостом','Запезбечити належний рівень якості вивозу сміття з району «Тюрінка», бо назараз це є один із найбільш забруднених районів Харкова.',3,1,10,50.001476,36.280258,0,2),(85,'Міське сміттєзвалище','Велике сміттєзвалище, яке постійно забруднює навколишнє середовище!!!','запустити існуючий неподалік завод з переробки твердих побутових відходів.',3,1,8,50.393143,24.208099,0,2),(86,'Браконьерство','Вылавливают бродом и сетками всю живность в водоемах','Организовывать патруль',3,1,12,51.413448,30.819054,0,6),(87,'Опасный мост','Опасный мост (после пожара) с постоянными пробками через него, в подземном переходе идет торговля, вообщем не пройти не проехать.','Полная реконструкция!!!\nhttp://kiev.vgorode.ua/news/95052/ ',3,1,11,50.454403,30.445808,0,7),(89,'Вирубка лісу.','Вирубка лісу на території де знаходиться багато рідкісних рослин, в тому числі і з Червоної Книги України.','Пропоную перевірити вирубку на офіційність, якщо офіційно то звертатись з офіційними заявами до органів міського управління і т.д.\nЗазвичай вирубку проводять під ліценцією \"чистки\" але чистка включає в себе вирубку 1 дерева з 5, а в нас зрубуються всі.',3,1,5,48.471329,27.837683,0,1),(90,'Радіаційне забруднення - База \"С\"','Бывший склад урановой руды. Находилось в эксплуатации с 1960 по 1991 годы. Содержит 150-300 тыс. тонн твердых радиоактивных отходов в виде полуразрушенных конструкций бункеров для урановой руды, загрязненных железнодорожных путей, грунта на поверхности и под бункерами. Объем – 0,15 млн. м3, площадь 300 тыс. м2. Максимальная мощность дозы гамма излучения на поверхности 4700 мкР/час, общая активность – 12000 Ku','Это проблема государственного масштаба, должна решаться как можно скорее на государственном уровне.',3,1,7,48.429314,34.765205,0,7),(91,'Переповнення відходами людського відпочинку','Берег захаращений горами пластику, скла та іншого сміття, яке  залишається після \"відпочинку\" мешканців Києва.','Прибрати, встановити шлагбауми, розставити баки для сміття, вивозити сміття.',3,1,5,50.555897,30.538923,0,2),(92,'Украина?','Почему вы рисуете Крым в составе Украины?','Крым - Россия, Бандеру - геть!',3,1,8,45.073521,33.925781,0,7),(93,'Сміттєзвалище переповнене.','Сміттєзвалище використовується понад нормативні строки що несе небезпеку.','Припинити використовувати сміттєзвалище.',3,1,8,50.236591,30.524874,0,1),(94,'Забруднення води','Червона вода стікає до Дніпра','Потрібні очисні споруди',3,1,8,47.822563,35.144802,0,4),(95,'Забруднення повітря','Забруднення повітря небезпечними викидами заводів','Очисні споруди на заводах',3,1,3,47.853718,35.137711,0,7),(96,'Незаконний вилов риби','Незаконне зайняття рибним, звіриним або іншим водним добувним промислом','У 200 разів збільшиться штраф за незаконний вилов риби.\nЗаборонити вилов риби.',3,1,12,49.552834,32.767410,0,6),(97,'Енергетика','Після вводу в експлуатацію нової станції метро та нової дороги, ліхтарі (6 ліхтарів) впродовж старої дороги залишилися, працюють та світять без мети.','Пропоную демонтувати непотрібні ліхтарі та спрямувати цю енергію на освітлення темної вулиці в цьому ж районі',3,1,4,50.051533,36.207001,0,7),(98,'Зливання стычних вод у р. Хорол','Міська не очищена калінізація частково зливаеться в річку Хорол.','Потрібно вияснити чтому зливають і найти шляхи вирішення ціеї проблеми',3,1,7,49.970848,33.608086,1,4),(99,'смiття','Люди кидають смiття у море, на вулицях. Навiть маленький фантик багато вирiшуе.','Не кидати смiття де заманеться. Якщо ти з\\\'iв батончик i випив колу, поклади собi у сумку, якщо поряд нема смтника. З сумкою нiчого не станеться. Коли зустрiнеш смiтник- дiстань смiття та викинь його!\n',3,1,5,46.422714,30.761719,0,2),(100,'Сміттезвалище у лісі','На очах розростається сміттєзвалище у лісі.','Обмежити рух транспорту через ліс. Вивезти сміття у спеціально відведене длля нього місце, Встановити попереджуючі знаки про штраф.',3,1,3,50.451397,30.341471,0,2),(101,'Уникальные водоемы.','Уникальные водоемы (часть из которых родниковые), с обильным наличием различного вида животных и птиц, зарастают и заиливаются. Животные и птицы уходят. С этими водоемами на прямую связано водообеспечение населения с использованием колодцев.','Чистка, вырубка старых (сухих, гнилых) деревьев.',3,1,6,49.786804,30.938915,0,4),(102,'Сміттезвалище у лісі','На очах розростається сміттезвалище у лісі. Невідомі безперешкодно вивозять у ліс будівельне сміття та ін.','Обмежити рух транспорту через ліс, Вивезти сміття у відведене для нього місце, Встановити попереджувальні снаки про міру відповідальності за вивіз сміття та соціально направленцу агітацію за чисте довкілля.',3,1,2,50.451260,30.341578,0,2),(103,'Правительство Украины','Нелегитимная Власть - Правительство Украины','Вывоз на место свалки мусора.',3,1,7,50.429520,30.487061,0,2),(104,'Забруднене озеро','Невелике озеро біля школи дитячого садка забруднена сміттям. Там кожен день гуляє багато молодих сімей та маленьких дітей','Собраться инициативной группе и убедить живущих там людей организовать очистку озера',3,1,2,50.410393,30.409212,0,4),(105,'Сміттєзвалище','Розвалена стара ферма та велика кількість сміття','Прибрати сміття та віддати територію під забудову',3,1,4,50.418579,25.715431,0,2),(106,'Забруднене озеро','Невелике озеро біля школи дитячого садка забруднена сміттям. Там кожен день гуляє багато молодих сімей та маленьких дітей','Собраться инициативной группе и убедить живущих там людей организовать очистку озера',3,1,2,50.410404,30.409168,0,4),(107,'Незаконне вивезення сміття ','Сміттєзвалище існує вже досить довгий час, ним користуються незаконно, вивозять сміття з будівництв та інший непотріб','Необхідно обмежити проїзд автомобілів, дорога в цьому місті вузька',3,1,2,50.515556,30.739853,0,2),(108,'Незаконна вирубка лісів','Масово вирубуються ліси','Змінити лісника',3,1,3,50.516960,30.745207,0,1),(109,'Вирубка дерев біля траси Київ - Чернігів','Проводиться повна вирубка захисних зелених насаджень біля траси Київ - Чернігів','Зупининити це! Відновити насадження!',3,1,6,50.521263,30.788424,0,1),(110,'Вирубка лісів','Незаконне вирубування лісів','Змінити лісника',3,1,4,50.518311,30.752041,0,1),(111,'Вивезення сміття','засмічення лісів непотребом(пакети, колеса и т.д.)','обмежити проїзд в глуб лісу, суттєво збільшити штрафи, заборонити використання цилофанових пакетів',3,1,3,50.514275,30.745174,0,2),(112,'Забруднене озеро','В озеро зливаються стічні води, як результат воно заростаяє та не є придатним для людей','Організувати очистку водойми, вирішити проблему стічних вод',3,1,5,50.502140,30.752846,0,4),(113,'Вирубка дерев','Вирубка дерев у великих масштабах, яким більше 100 років','Збільшення штрафів в 10-ки разів, кримінальна відповідальність',3,1,2,50.523415,30.735209,0,1),(114,'Very dirty river','В оттоку от речки сливают непонятно что, сам водоем закидан мусором и трупами умерших животных, вокруг полно мусора, битые стекла и т.д.','Если наш город слишком занят чтобы решать подобные проблемы, необходимо самоорганизоваться и хотя бы убрать территорию от мусора.',2,1,3,49.165092,33.663483,0,3),(115,'Будівництво Біланівського ГЗК','Якщо Біланівський ГЗК почне діяти, весь ставок-випаровувач «Укртатнафти» інфільтрується у тіло кар’єра. Стоки, що надходитимуть до ставка, не очищуватимуться. Зате вони потраплятимуть в кар’єр – адже між ставком та кар’єром небезпечно мала відстань. А там вестимуться вибухові роботи. Виникне проблема відкачування кар’єрних вод. Кар’єрні води – це дуже солоний розчин, ропа. З ними змішаються насичені фенолами води ставка-випаровувача. Куди їх скидати? Тут варіантів кілька. Можна будувати новий ставок-відстійник – це дуже дорого. Можна скидати води в Дніпро чи Псьол. Та у такому випадку солона ропа та феноли винищать все. Як це вплине на Дніпро, можна ще думати, а Псьол – зважаючи на його малу потужність – стане мертвою рікою.','Потрібно закрити будівництво Біланівського ГЗК, щоб не було екологічної катастрофи.',3,1,2,49.165092,33.656960,0,3),(116,'Попадання неочищених стічних вод в річку','Вже багато років в Івано-Франківську не працюють як належно очисні споруди стічних вод. Фінансування на вирішення проблеми відсутнє, стан очисних споруд жахливий, результати аналізів стічних вод які попадають в річку приховують, перевіряючі органи за замовчування питання беруть хабарі.','Показати громаді міста реальну картину, залучити довгострокові інвестиції на відновлення або переоснащення очисних споруд, виконати проект та реконтсрукцію або капітальний ремонт згідно цього проекту.',3,1,7,49.012878,24.734430,0,4),(118,'Сміттєзвалище','Сміттєзвалище','Сміттєзвалище',3,1,6,50.531666,30.222670,0,2),(119,'Забруденний ставок в Козельщині','Береги ставка засмічені та вода має неприємний запах. Також навколо прилеглих територій помітні залишки сміття, що псують вигляд Козельщини.','Необхідно виділити гроші для очищення ставка і прибрати сміття навколо ставка. Зробимо Козельщину чистішою!',3,1,2,49.220345,33.847752,0,4),(120,'Екологічний хаос','Це сміттєзвалище працює ще з того часу. За весь час на нього не було виділено ні копійки. За результати праці я думаю балакати не доведеться, тут і так все ясно. Сміття вивозять кожен день. Загортають бульдозерами в землю. Залишки намагаються спалити, але це не завжди вдається. Звідци й збираються великі кочугури сміття, яке просто не вспівають обробляти. Вивід один - постійний сморід, забруднення грунтових вод, все йде людям в криниці. Також екологічна проблема в тому, що не всі продукти підлягають процесам розпаду і переробки природнім шляхом (пластикові бутилки, пакети, одноразовий посуд та ін.)','На місцевій обласній раді не раз ставилося питання, щодо вирішення цієї проблеми. Депутати прийняли рішення знайти інвестора для будівництва переробного заводу, на території звалища. Але чомусь - руху ніякого до сих пір. Було б не погано, як би зайнялись зацікавлені люди цим питанням. Завод вироблятиме вторинну сировину, яку також можна використовувати в виробництві одноразового посуду тощо. З часом вилучені кошти від продажу продукції також можливо використати за призначенням. На мою думку рентабельність цього заводу складатиме 70-85 %, що в наш час не погано. З урахуванням кошториса та затрат на будівництво потібно 5 -7 років на повернення коштів. Це також не погаганий показник, навіть без підтримкм влади. Для підтримки необхідні зміни до діючого законодавства, щодо охорони навколишнього середовища, та притягнення до відповідальності посадових осіб за розкрадання державних коштів.',3,1,0,50.304977,28.641491,0,2),(121,'Остров из мусора','Искусственно созданный остров из отходов пищевой и бумажной промышленности.','Установка фильтров на предприятиях.',3,1,2,48.476208,35.139729,0,4),(122,'Окупація військами Путлєра','9 березня 2014 року російська армія, замаскована під зелених чоловічків, розпочала  військову агресію та окупувала Крим.','Вигнати окупантів з української землі.',3,1,27,45.243954,34.178467,0,7),(123,'Екологічний хаос','Це сміттєзвалище працює ще з того часу. За весь час на нього не було виділено ні копійки. За результати праці я думаю балакати не доведеться, тут і так все ясно. Сміття вивозять кожен день. Загортають бульдозерами в землю. Залишки намагаються спалити, але це не завжди вдається. Звідци й збираються великі кочугури сміття, яке просто не вспівають обробляти. Вивід один - постійний сморід, забруднення грунтових вод, все йде людям в криниці. Також екологічна проблема в тому, що не всі продукти підлягають процесам розпаду і переробки природнім шляхом (пластикові бутилки, пакети, одноразовий посуд та ін.)','На місцевій обласній раді не раз ставилося питання, щодо вирішення цієї проблеми. Депутати прийняли рішення знайти інвестора для будівництва переробного заводу, на території звалища. Але чомусь - руху ніякого до сих пір. Було б не погано, як би зайнялись зацікавлені люди цим питанням. Завод вироблятиме вторинну сировину, яку також можна використовувати в виробництві одноразового посуду тощо. З часом вилучені кошти від продажу продукції також можливо використати за призначенням. На мою думку рентабельність цього заводу складатиме 70-85 %, що в наш час не погано. З урахуванням кошториса та затрат на будівництво потібно 5 -7 років на повернення коштів. Це також не погаганий показник, навіть без підтримкм влади. Для підтримки необхідні зміни до діючого законодавства, щодо охорони навколишнього середовища, та притягнення до відповідальності посадових осіб за розкрадання державних коштів.',3,1,0,50.304550,28.640612,0,2),(124,'ставок Крива Руда','В ставок раніше викидались стічні води з цукрового заводу, а зараз в нього викидають сміття і каналізацію. Якщо глянути, то видно що вода зелена а підводою багато муляки.','\nСлужба що проводила очистку ставка перестала існувати після розпаду СССР. Потрібно створити щось подібне, щоб привести ставок до нормального виду.',3,1,4,49.595524,33.206306,0,4),(125,'Жомова яма','Цукровий завод уже давно закрився, а жомова яма до сих пір гниє. В сонячну погоду по вулиці Транспортній нереально йти з незакритим носом!','Необхідно вивести всю цю вонь.',3,1,3,49.600002,33.195141,0,5),(126,'Незаконне сміттєзвалище','Сюди люди вивозять сміття.','Думаю, необхідно ще кілька сміттєвозів, щоб люди самі не вивозили своє сміття куди попало.',3,1,3,49.588081,33.215591,0,2),(127,'Загрязнение воздуха предприятием  \"АрселорМиталл Кривой Рог\"','Загрязнение атмосферного воздуха. Отключение всех фильтров по ночам. Загрязнение водоемов. ','Штрафы и административные взыскания. Независимый экологический аудит ',3,1,17,47.871914,33.392773,0,7),(128,'Проблема вивезення сміття та культури людей','Не відомо - це мешканці села туди звозять сміття чи просто люди які зупиняються на своїх машинах , але ж блін  до заправки 100 метрів -- невже важко донести своє сміття !!!! ','Зібрати місцевих мешканців та прибрати сміття , встановити відеофіксатори - щоб виявити порушників .  Мій контактний номер : 066-846-8-555 (Ілля) ',3,1,4,50.357262,30.438326,0,2),(129,'Вирубка лісу','Дуже сильно незаконно вирубують ліс біля \"історичного дуба\".','Прийняти міри!',3,1,10,48.168606,26.007471,0,1),(130,'Звалище будівельного сміття ','Стихійне звалище будівельного сміття біля грунтової дороги','Прибрати звалище. Встановити нагляд та попереджувальні знаки. Закрити або обмежити проїзд,',3,1,0,47.824783,35.050716,0,2),(131,'Очисні споруди','В м. Борщів вже багато років не працюють очисні споруди. Вся вода з міської каналізації потрапляє в місцеву річку Нічлава.','Відновити роботу очисних споруд.',3,1,3,48.794651,26.034164,0,4),(132,'Бездомные собаки','Многочисленные стаи бездомных собак!','Отловить и поместить в питомник.',3,1,6,50.494171,30.447889,0,7),(133,'Забруднення ставків.','Ці ставки - дуже популярне місце для відпочинку та зайняттям спорту, безліч сімей відпочиває на берегах цих ставків, навіть рибалки ходять сюди.\nАле, ставок з кожним роком стає все більш забрудненим. Колір води в ставку становиться все темнішим... \nАле здебільшого забруднюють самі відпочиваючи, залишають за собою велику купу сміття, деякі слухняні збирають після себе та несуть до смітнику, який стоїть на виході з лісу, але це далеко, деяким - важко стільки нести.\nВ тому році, була зроблена яма, щоб хоча б якось локалізувати сміття, але вона швидко заповнилась і ніхто її не прибирав...\nПроблема відома вже декілька років, вже й було виділено дуже багато грошей (600000грн.), для того, щоб вирішити цю проблему, але ці гроші мабуть пішли, на інші справи... \nОсь лінк: http://vpoltave.info/read/novost/id/199972117/Stavki-mezhdu-Sadami-i-Polovkami-dozhdalis-svoejj-ocheredi\nПро ситуацію: http://vpoltave.info/read/novost/id/199814170/Otdykh-na-pomojjke','Хоч і учні шкіл ходять сюди на суботники, щоб прибрати, але це не на довго, за одні вихідні - знову купа сміття.\nРоків з 10 тому, в цих ставках купались люди, а зараз і порух важко знаходитись.',3,1,4,49.579945,34.500214,0,4),(134,'Забруднена водойма','Сильно забруднена водойма. Постійно падає рівень води.','Очистка води',3,1,6,50.419102,30.639389,0,4),(135,'Проблема питної води','Людям, які живуть поблизу Єрестівсього ГЗК немає де набрати питної води, так як у зв\\\'язку з будівництвом кар\\\'єру, у воду попали небезпечні хімічні елементи, які шкодять здоров\\\'ю людей. Також в цих місцях із-за вибухів - вже стіни на хатах потріскались.','Необхідно терміново вирішити це питання, бо людям з навколишніх сіл загрожує небезпека для їх життя та здоров\\\'я. Місцева влада повинно вирішити цю проблему.',3,1,2,49.087864,33.700520,0,4),(136,'міське сміттєзвалище','1 жахливий еко стан довколишніх поселень\n2  забруднення повітря (самозаймання), \n3 забруднення грунтових вод. \nосновне накопичення сміття не контрольоване адміністрацією міста (стихійне). вибіркове вивезення сміття компанією монополістом. велика кількість сміття спалюється в межах міста - спричиняє забуднення повітря.','1 запросити декілька інших сміттєвих компаній (зруйнувати монополію на вивіз)\n2 запровадити систему сортування сміття для подальшої переробки\n3 збудувати сміттєпереробний завод ',3,1,2,49.916622,28.558315,0,2),(137,'Забруднення повытря','Постійний запах тухлих яєць. Купа сміття по боках дороги.','Поставити нові очисні системи.\nПрибрати сміття.',3,1,0,47.873856,35.167503,0,7),(138,'Экологическая культура жителей города','Равнодушие жителей города к экологическим проблемам, оставляют мусор после семейного отдыха в лесу, парке, у водоема. Дети бросают обертки от конфет на дорогу, хотя урна находится не далеко. Выбрасывают много бумаги, хотя можно сдать макулатуру. Много отходов выброшено, а рядом бродят голодные бездомные животные.','Работаю в творческой группе учителей города по экологическому воспитанию, проводим с коллегами конференции, семинары для учителей, организовываем природоохранные акции и т.д. Хотелось бы, чтобы нам в этом помогала и городская общественность, молодежные организации, студенты.',3,1,3,48.312428,38.023682,0,7),(139,'Сміттєзвалища на \"Балка\"','немає служб, що доглядають цю територію','Люди',3,1,3,48.410915,35.070831,0,2),(140,' горит свалка ТБО','Уже месяц горит свалка. Дым на весь город. Все пропахло вонючий дымом. Самое печальное, что местная власть на это не реагирует.','Срочно принять меры по тушению пожара. Рекультивация земель на полигоне. Огородить территорию. Огриничить доступ посторонним лицам. Пропускной режим. Придерживаться закона об отходах.',3,1,7,46.801060,36.711781,0,2),(141,'Добыча сланцевого газа','Загрязнение подземных вод химическими смесями','Запретить добычу',3,1,6,48.553795,37.288971,0,7),(142,'Хранилище радиоактивных отходов «Щербаковское»','Хранилище радиоактивных отходов гидрометаллургического завода (ГМЗ)\n На заводе была реализована следующая технологическая цепочка:разработка месторождений урановых руд открытым и шахтным способами (сопровождалась выбросами радиоактивной пыли, отвалами, выделением газа радона), производство уранового конденсата непосредственно на заводе(сопровождалось образованием огромного количества радиоактивных жидких отходов). Отходы производства в виде пульпы сбрасывались в хвостохранилище. По состоянию на конец 2010 года в хвостохранилище находится 37,4 млн.т отходов уранового производства общей активностью \n 3,89*1014 Бк.\n Площадь хвостохранилища - 25 га\n Расстояние до города - 1,5 км','Загрязнение обнаруживается не только на поверхности грунтов, но и проникает на глубину до одного метра. Причем, содержание изотопов урана, тория, полония, свинца увеличивается с глубиной.',3,1,2,48.310146,33.488388,0,7),(143,'Грязное старое русло реки Лугань','Мусор, ил','Необходима чистка реки, вывоз мусора',3,1,5,48.587788,39.337200,0,4),(144,'Title','Content','Proposal',1,1,5,48.587906,39.331978,1,4),(145,'Экологическая культура жителей города','Экологическая культура жителей города','Перестать выбрасывать мусор на улицу',3,1,6,48.567265,39.405106,0,1),(146,'Викид шкідливих речовин у повітря - застарілий сміттепереробний завод у межах міста Києва','Регулярно сміттепереробний завод викидає у повітря відходи, які майже унеможливлюють отримання повітря через вікно. Жителі масивів Позняки, Осокорки, Харківський, змушен користуватися кондиціонерам і тримати вікна зачиненими. Вважаю, що дана проблема є загрозою для здоров\\\'я всього населення перелічених районів.','реконструкція заводу, переведення на сучасні європейські технології. Або перетворення  на завод з розподілу сміття, а переробка - поза межами міста!',3,1,11,50.398178,30.673183,0,2),(147,'Свалка в Тоннельной  балке ','Отдыхая на природе, люди не утруждаются   вывозом мусора и кидаю его на под ближайший куст.','Установка мусорных  урн, наложение штрафов, на нарушителей,  субботники ',3,1,2,48.413708,35.032310,0,2),(148,'Свалка в Тоннельной  балке ','Проблема в массовых стихийных свалках после отдыха людей на природе. Мусор с балки не вывозится, и убирается только благодаря активистам на субботниках.','Установка мусорных  урн, наложение штрафов, на нарушителей,  субботники ',3,1,2,48.414276,35.035831,0,2),(149,'Вирубка невеликого лісу ','Раніше був невеличкий ліс, в котрому проживали зайці, у нього ходили люди на відпочинок, але його знищили та почали забудову ділянок біля траси. ','Можливо вже запізно щось робити, але можна попередити вирубки зелених насаджень у подібних ділянках.',3,1,1,48.394905,35.046021,0,1),(150,'Жахливі руїни дому ветеранів','Руїни дому ветеранів, яки розбирають.','Прибрати руїни',3,1,5,47.110561,37.679287,0,2),(151,'Яценюк','Проблема выбора. Ошибся, когда связался с Европой.','Украина, возвращайся домой.',3,1,2,50.447529,30.533978,0,7),(152,'проблема днепровских склонов','После того как был построен вертодром и остальные высотные сооружения,  склоны Днепра находятся в критическом состоянии. Под смотровой площадкой образуются овраги, что может критично отразиться на целостности фундамента Мариинского дворца','Собрать консилиум специалистов и выбрать наиболее реалистичный проэкт по укреплению днепровских склонов',3,1,6,50.448650,30.541391,0,7),(153,'Сміттєзвалище ','Пустая поляна , на которой постоянно собирается мусор и люди жгут костры ','Обустроить ее , построить что либо ( дет. площадку , магазины ) или хотя бы просто сделать асфальт ',3,1,2,47.127163,37.673534,0,2),(154,'загрязнение прибрежных морских вод','Загрязнение акватории городскими сточными водами и сточными водами крупнейших промышленных предприятий. Часть загрязнения происходит в результате работы морского порта.','Контроль выполнения норм экологических требований законодательства судами, заходящими в акваторию порта. Детальное рассмотрение эффективности и аккуратности выполнения перегрузки сыпучих грузов, таких как сера, угольный пек, собственно уголь и многие другие виды  минералов. Очистка акватории.',3,1,1,47.088825,37.545776,0,4),(155,'Огромная мусорка','Огромные горы мусора, которые лежат годами и не перерабатываются. Мусор на эту свалку сводят не только со всего города и близлежащих поселков но и с других городов. Наш город как мусорный склад.','Решение проблемы переработки мусора и отходов в стране -первоочередная задача! Никто не хочет заниматься этой грязной работой, бизнесменам не выгодно содержать перерабатываются заводы т.к нет выгоды и перспектив использования переработанных материалов.. Нужно найти применение для переработанных отходов, заинтересовать нужных людей в полезности таких предприятий.',3,1,1,47.135498,37.631607,0,2),(156,'Проблема разрушенных дамб пресноводных ставков','В степи разрушены дамбы пресноводных ставков, Вода в степи - определяющий фактор. ','Необходимо восстанавливать дамбв по примеру Акций Украинского обществыа охраны птиц летом- осенью  2013 года.',3,1,5,45.321255,36.430664,0,4),(157,'Евромайдан','Нельзя так жить','Свалите от туда',3,1,5,50.451164,30.519718,0,2),(158,'Слив с заводского отстойника непосредственно в море','Металлургический комбинат Азовсталь имеет на своей территории отстойник промышленной воды, но вот уже долгое время отстойник прорвал и грязная, технологическая воды вылевается непосредственно в море. Это черное пятно грязной воды видно с воздуха','Потребовать у руководства комбината провести ремонтные работы отстойника и очистных сооружений для предотвращения попадания в воду промышленных, токсичных отходов',3,1,0,47.086956,37.622597,0,5),(159,'Сміття,забруднення повітря','По вулицях розкидане сміття,повітря забруднене заводами з важкої металургії','Хочу,щоб долучали до цього людей,яким не все одно!мі зможемо ще все вирішити!!!',3,1,0,48.719959,37.573242,0,2),(160,'Стихійне сміттєзвалище','Стихійне сміттєзвалище на березі озера де зазвичай відпочивають кияни на Оболоні.','Прибрати територію та влаштувати смітники.',3,1,3,50.532307,30.497831,0,2),(161,'Екологічне забруднення місцевості на заповідній території Апостолівського району, Дніпропетровської області','Забруднення місцевості на заповідній території Апостолівського району викидами з заводів міста Орджонікідзе, Нікопольского району, зокрема Procter & Gamble (химический комбинат). Спроби зекономити на використанні фільтрів призводить до збільшення захворювань на онкологію та респіраторні \"інфекції\". Нижче стаття з сайту «Город Никополь» : С конца июля жители города неоднократно жаловались на то, что в их домах и квартирах появляется пыль темного цвета с отвратительным запахом, которая к тому же почти не смывается.\nПричем подобные случаи фиксировались в разных районах города, в том районах городской больницы, и даже центральной площади им. Ивана Сирко! При этом никаких комментариев от властей по этому поводу до сих пор не последовало. Хотя с почти что 100%-й уверенностью можно говорить, что причиной загрязнения являются промышленные выбросы.','Версий об источнике загрязнения ходит несколько. Некоторые причиной выбросов называют работу местной Богдановской обогатительнйо фабрики, которая расположена относительно недалеко. Но многие кивают в сторону завода бытовой химии «Проктер энд Гембл», который также расположен на территории города. В этом плане стоит вспомнить тот факт, что феврале 2012 года в районе прилегающих к заводу автогаражей территория площадью примерно в 1 гектар была загрязнена неизвестным веществом, до безобразия похожей на стиральный порошок.',3,1,0,47.666080,34.066200,0,1),(162,'екологічне забруднення заповідних територій Апостлівського та Нікопольського районів','Забруднення місцевості на заповідній території Апостолівського району викидами з заводів міста Орджонікідзе, Нікопольского району, зокрема Procter & Gamble (химический комбинат). Спроби зекономити на використанні фільтрів призводить до збільшення захворювань на онкологію та респіраторні \"інфекції\". Нижче стаття з сайту «Город Никополь» : С конца июля жители города неоднократно жаловались на то, что в их домах и квартирах появляется пыль темного цвета с отвратительным запахом, которая к тому же почти не смывается.\nПричем подобные случаи фиксировались в разных районах города, в том районах городской больницы, и даже центральной площади им. Ивана Сирко! При этом никаких комментариев от властей по этому поводу до сих пор не последовало. Хотя с почти что 100%-й уверенностью можно говорить, что причиной загрязнения являются промышленные выбросы.','Версий об источнике загрязнения ходит несколько. Некоторые причиной выбросов называют работу местной Богдановской обогатительнйо фабрики, которая расположена относительно недалеко. Но многие кивают в сторону завода бытовой химии «Проктер энд Гембл», который также расположен на территории города. В этом плане стоит вспомнить тот факт, что феврале 2012 года в районе прилегающих к заводу автогаражей территория площадью примерно в 1 гектар была загрязнена неизвестным веществом, до безобразия похожей на стиральный порошок.',3,1,0,47.664742,34.066544,0,5),(163,'Дышим хлором , берилием , бензолом , натрийдихлофокперит , и вообще проблема уже 115 лет','Заводы - 2 крупнейших металлургических комбината , которые выбрасывают   850 млн. тонн отравляющих веществ , мы тут все от рака лёгких дохнем !!!','поставить долбанные фильтры на трубы , хоть белирий с хлором вдыхать не будем , и бензола паубавится ',3,1,1,47.101448,37.601311,0,7),(164,'Озеро Снітинка біля Фастова','Нечистоти з міста Фастів, викидаються у озеро. ','Ремонт(побудова) очисних споруд.',3,1,4,50.106819,29.967270,0,4),(165,'Сміття','Прикро бачити коли люди проходячи кожного дня лісосмугою викидають там сміття із дому йдучи дорогою до дому.  Підлітки підтримують таку тенденцію і теж смітять обгортками і пляшками. І як з цим боротися?!.','Напевно варто поставити бак для сміття. Але хто має оплачувати послуги ЖЕКу?',3,1,12,51.197445,24.703552,0,2),(166,'Вирубка лісу','Йде активна вирубка лісу на горі, над селом, розбивається дорога, висохли джерела, зникли тварини, галявини всі зруйновані самоскидами...','З\"ясувати до якого лісгоспу відноситься ця ділянка, вияснити хто займається вирубкою',3,1,4,48.695042,22.401810,0,1),(167,'Загрязнена річка','Із-за Корсунь-Шевченківської ГЕС рівень річки Рось значно знизився, і ріка почала заростати. Також не добросовісні житалі викидають в річку сміття, що призвело до загрязнення річки. В Росі зменшилась кількість риби майже до мінімуму.','Провести відкриття шлюзів щоб змити зарослі ділянки річки. Провести акцію по чистці річки. Посилити контроль від браконєрства. ',3,1,6,49.413094,31.260611,0,4),(168,'Сміттєзвалище біля джерела води','Неохайно організоване офіційне сміттєзвалище знаходиться за 40 метрів від старовинного польового джерела питної води.','\nПеренести сміттєзвалище на будь-яку відстань від даного місця (територія це дозволяє).',3,1,1,50.456192,28.620382,0,2),(169,'Срублено здоровое дерево','Абсолютно здоровое дерево, которое только начало цвести, срубил какой-то замечательный человек 29.04.2014.','Найти и выписать солиднейший штраф: дерево не на частной территории, чтобы кто-то имел право принимать самовольное решение о его уничтожении.',3,1,0,46.488506,30.677847,0,1),(170,'Слив канализации в озеро','Один из частников сливает продукты своей жизнедеятельности в озеро. Если пройти от спуска с улицы Озерной вдоль ставка по узенькой тропке, рано или поздно натолкнешься на метровую \"речку\" отходов, идущую с частной территории.','Собрать деньги на лопату частнику, чтобы он мог вырыть себе выгребную яму, и сдать его в руки властям за преступление против общества и своих соседей.',3,1,0,46.505081,30.691099,0,7),(171,'Сміттєзвалище','Сміттєзвалище','Впорядкувати силами місцевої громади, місцевих органів самоврядування',3,1,3,49.391499,24.990110,0,2),(172,'Сміттєзвалище','Мешканці однієї з вулиць, створили власне сміттєзвалище, звісно ж несанкціоноване!\nЇдеш через це село, аж самому не приємно що на в\\\'їзді таке твориться.','\"Дати по дупі мешканцям цього села що сворюють це сміттєзвалище\".......\nПритягнути до адміністративної відповідальності винуватців і заставити поприбирати!!! Покласти відповідальність за вирішення цього на органи місцевого самоврядування і дільничного інспектора. ',3,1,3,49.325676,24.992434,0,2),(173,'Грибовицьке сміттєзвалище','Переповнене Грибовицьке сміттєзвалище.','Почати рекультивацію спільно з Львівською міською радою',3,1,5,49.902538,24.036156,0,2),(174,'Стихійні сміттєзвалища','Стихійні сміттєзвалища на території міста','Організація прибирання',3,1,3,50.064194,25.153198,0,2),(176,'Парк завалений сміттям, яке періодично залишають відпочиваючі','Парк \"Перемога\" завалений сміттям, яке періодично залишають відпочиваючі. В частині парку сміття ніхто не прибирає.','Ретельніше прибирати парк. Посилити відповідальність за засмічування території. ',3,1,4,50.466274,30.607437,0,2),(177,'Стихійні звалища на Вінниччині, проблема утилізації відходів','Глобальна проблема Вінниччини - більше 3000 стихійних звалищ, які шкодять природі і не відповідають санітарним нормам. В багатьх населених пунктах відсутні сміттєві баки, сміття кидають прямо на вулиці. Відсутній централізований вивіз сміття. Люди влаштовують звалища де їм заманеться.   ','Посилити відповідальність за засмічування.\nПоставити сміттєві баки.\nПобудувати сміттєпереробний завод.\nВиховувати екологічну культуру.\nЗбільшити кількість прибиральників, особливо в селах',3,1,2,48.381794,28.857994,0,1),(178,'Вирубка лісу.','В с. Карпівка, Могилів-Подільського р-ну, Вінницької обл. здійснюється вирубка лісу. Законна чи ні не відомо, але її необхідно зупинити. На території лісу росте велика кількість різних рослин. Багато з яких знаходяться під охороною(Червона книга України) оскільки є рідкісними.','Я готовий почати вирішення цієї проблеми але мені необхідна юридична допомога.',3,1,1,48.482479,27.864418,0,1),(179,'Сміттєзвалища','Мусорная свалка в городе. Мусор разлетается на всю округу загрязняя близлежащий жилой массив и лес.','Отдать мусороперерабатывающим компаниям. Организовать новую свалку дальше от города и жилых массивов.',3,1,1,44.973785,34.173744,0,1),(180,'утилізація побутових відходів','У місті система вивозу та утилізації сміття працює на дуже низькому рівні. Міська влада не забезпечує стабільну роботу комунальних служб та вивіз побутових відходів, не створює в достатній кількості точки їх збору (банально - смітники).','Створити громадську ініціативу, що тісно співпрацюватиме з міською владою та службами вивозу сміття, а також досліжуватиме цю проблему в регіоні. Провести акції, доброчинні збори коштів на благоустрій міських зон відпочинку та інших місць громадського користування. Крім того, запровадити штрафи за побутові викиди у несанкціонованих місцях.',3,1,0,-67.609222,69.609375,0,7),(181,'Повсеместная рубка леса вокруг Харькова','Лес рубится делянками 500*500 метров подальше от населенных пунктов,что бы меньше видели.Ближе к городу рубят выборочно лучшие деревья.То что ближе к городу в основном ночью дабы не привлекать внимания.И это не санитарная а промышленная рубка.','Проверить законность,разрешение. Перевести эти леса в заповедный фонд.Это ведь чистый воздух для такого большого промышленного города как Харьков.   ',3,1,1,50.015350,36.161926,0,1),(183,'Забруднена водойма','Забруднена річка Золотоношка через недостатню роботу очисних споруд.','Покращення якості очисних споруд, контроль за викидами в річку.',3,1,15,49.575104,32.092094,0,4),(184,'Забруднене озеро','Забруднене озеро, за 30 років серія озер, в якому купались люди, перетворилось на замулене болото, в яке з часом ще й почали викидати сміття ','Очистити озеро',3,1,12,50.397739,30.431957,0,4),(185,'Забруднення водойм','Міське озеро забруднюється сміттям, що призводить до його пересихання, хоча воно є місцем існування багатьох водоплаваючих птахів','Очищення озера від сміття, просвітницька робота серед населення',3,1,2,50.078297,25.161438,0,4),(186,'Стихійне сміттєзвалище','Дане сміттєзвалище розміщується у місті Снятин Івано-Франківської області і знаходиться недалеко від будинків, де проживають люди, приблизно 250-300 метрів. І практично щовечора по прилеглих вулицях стоїть важкий смердючий смог. Неможливо навіть вийти надвір. Біля звалища протікає струмок. Сміттєзвалище є стихійним і жодних документів на його експлуатування немає, але сміття все одно звозиться на протязі багатьох років. Недавно було зафіксовано, що сміття почали звозити не тільки з міста, а й сіл району, та ще й з сусідніх районів. Жителі прилеглих вулиць неодноразово звертались до влади міста з проханням закрити звалище, але і колишня влада, і теперішня мають 1000 і 1 відговірку: то якийсь проект виробляють, то кошів немає і т. д. А люди всеодно змушені страждати.','Сміттєзвалище закрити, як таке і ліквідувати всю його непоправну шкоду. Винних в незаконному експлуатуванні - покарати!!!',3,1,34,48.449131,25.585999,0,2),(187,'Стврено сміттєзвалище на місці водовідводного каналу','Стврено сміттєзвалище на місці водовідводного каналу, люди викитають сміття яке не перегниває так як не хочуть оплачувати сміттєзбір ','Повідомити місцеву владу, виявити порушників, прибрати',3,1,0,50.552013,30.111036,0,2),(188,'Річка','Не знаю, який унікум поряд описав проблему про Корсунь-Шевченківську дамбу яка буцімто не пускає воду, але вірити цьому не варто. Тому що проблема почалась десяток років назад коли прорили штучний канал з річки Рось до міста Умань, для водопостачання всього міста, де вони і відводять штучно левову частку води. Тому починати з відновлення Річки РОСЬ потрібно тільки з штучного каналу в місто Умань.','Очищення річки, перевірка штучних каналів. ',3,1,0,49.402039,31.251640,0,4),(214,'12345',NULL,NULL,NULL,1,0,51.096622,31.365967,0,1),(217,'Test problem 208',NULL,NULL,NULL,1,0,49.738682,30.135498,0,7),(218,'Тестова проблема_400',NULL,NULL,NULL,1,0,49.738682,30.135498,0,7),(219,'Тестова проблема_40',NULL,NULL,NULL,1,0,49.738682,30.135498,0,7),(220,'problem admin',NULL,NULL,NULL,1,0,49.728252,30.152149,0,5),(221,'problem admin 1',NULL,NULL,NULL,1,0,49.727253,30.157642,0,1),(222,'ghfghfgh',NULL,NULL,NULL,1,0,49.788357,29.355469,0,2),(223,'Bad token',NULL,NULL,NULL,1,0,49.784809,29.383793,0,3),(224,'Not full token',NULL,NULL,NULL,1,0,49.783039,29.404564,0,3),(225,'Very bad token',NULL,NULL,NULL,1,0,49.778381,29.393234,0,2),(226,'ffffffff',NULL,NULL,NULL,1,0,49.769070,29.358730,0,3),(227,'hfghfghgfh',NULL,NULL,NULL,1,0,49.755764,29.394436,0,3),(228,'Тестова проблема_444',NULL,NULL,NULL,1,0,49.738682,30.135498,0,7),(231,'Problem with 10 photos','Problem with 10 photos','Problem with 10 photos',NULL,1,0,51.186230,28.388672,0,1),(236,'Спаси хорька 3','Хорьок знову страждає','Позбавити страждань',NULL,1,0,45.498646,34.035645,0,6),(239,'sddd',NULL,NULL,NULL,1,0,46.467186,30.551605,0,1),(242,'qwe','опис відсутній',NULL,5,1,1,50.798992,34.661865,0,1),(243,'test','123','123',NULL,1,0,51.896835,32.772217,0,7),(249,'YO!',NULL,NULL,NULL,1,0,48.860195,NULL,0,6),(250,'qw',NULL,NULL,NULL,1,2,50.449696,30.503330,0,7),(251,'harsh',NULL,NULL,NULL,1,0,50.460091,30.462786,0,1),(253,'ghdfs','gdfs','gdfs',NULL,1,1,50.450081,30.504290,0,6),(254,'Collapse','Everybody suggests me to be normal.','AK-47',NULL,1,2,49.840637,27.269783,0,7),(255,'моя проблема1222','Тестzhfhh sht','Вталатутzhhzgh aeraer',3,1,2,48.802341,30.005379,0,4),(257,'проблема с телефона 1','Еджеsjjs','Ллллdtys',4,1,1,47.742096,30.302010,0,1),(258,'try','Yet','For',NULL,1,0,50.462696,30.449905,0,3),(259,'we','Ty',NULL,NULL,1,0,50.486965,30.425922,0,7),(260,'tr','Tr',NULL,NULL,1,1,50.480682,30.427853,0,7),(261,'Вимирання лісу','Пробелема вимирання та забруднення лісу.','Не смітіть у лісі.',NULL,1,1,50.875313,32.354736,0,1),(262,'ssssss',NULL,NULL,NULL,1,0,50.453552,30.462894,0,7),(263,'typical ','T\n',NULL,NULL,1,0,49.241810,27.159920,0,7),(264,'Вимирає ліс','Люди выкидать сміття посеред лісу','Не смітіть у лісі',NULL,1,3,51.524124,32.220154,0,1),(265,'dfgdf','dfg','dfg',NULL,1,0,49.603592,26.872559,0,1),(266,'etrew','ert','ert',NULL,1,0,49.653404,26.949463,0,1),(267,'Загразняют реку','Речка вонючка','Построить очистительные системы',NULL,1,0,49.567978,26.828613,0,4),(268,'забруднений ліс','Сміття у лісі','Не смітіть у лісі',NULL,1,0,49.103256,26.655369,0,1),(271,'Палыч распиздяй','Ебашит сутками в танки!!!','Обрезать нахуй интернет! ',NULL,1,2,50.423931,30.469013,0,5);
/*!40000 ALTER TABLE "Problems" ENABLE KEYS */;
UNLOCK TABLES;

--
-- Table structure for table "Resources"
--

DROP TABLE IF EXISTS "Resources";
/*!40101 SET @saved_cs_client     = @@character_set_client */;
/*!40101 SET character_set_client = utf8 */;
CREATE TABLE "Resources" (
  "Id" int(11) NOT NULL,
  "Alias" varchar(30) NOT NULL,
  "Title" varchar(150) NOT NULL,
  "Content" varchar(10000) NOT NULL,
  "IsResource" tinyint(1) NOT NULL,
  PRIMARY KEY ("Id"),
  UNIQUE KEY "Alias" ("Alias"),
  UNIQUE KEY "Title" ("Title")
);
/*!40101 SET character_set_client = @saved_cs_client */;

--
-- Dumping data for table "Resources"
--

LOCK TABLES "Resources" WRITE;
/*!40000 ALTER TABLE "Resources" DISABLE KEYS */;
INSERT INTO "Resources" VALUES (1,'about','Про проект','  <p>Дуже часто про локальні проблеми знають тільки місцеві організації та декілька сот жителів. А як було б добре підключити до їх вирішення однодумців з інших частин країни!</p><p><br/></p><p>Цей проект замислювався Всесвітнім фондом природи в Україні як платформа, здатна об’єднати зусилля громадян, різних неурядових організацій та компаній для обміну досвідом та покращення стану навколишнього середовища в Україні.</p><p><br/></p><p>Ви можете позначити екологічну проблему на карті, дізнатися у розділі Ресурси про те, як її вирішити та разом з однодумцями взятися до справи. Або долучитися до вирішення інших проблем у різних куточках України. Якщо Вам необхідна додаткова інформація, надішліть нам лист із запитом. Якщо у Вас є досвід, поділіться ним! Майбутнє країни у наших руках!</p><p><br/></p><p>До вирішення 3-х найважливіших проблем (за результатами голосування) долучиться безпосередньо команда WWF в Україні.</p><p><br/></p><p>Практичну реалізацію проект отримав, як і всі добрі починання, силами активних та небайдужих людей. Початковий варіант цього сайту був написаний 3-ма людьми за 48 годин в межах доброчинного хакатону Hack4Good.</p><p><br/></p><p>Післі того екологічна карта була повністю оновлена та дороблена командою молодих програмістів IT Академії компанії SoftServe під керівництвом Ігоря Цвєткова. Дякуємо всім активістам за допомогу в реалізації цього корисного проекту!</p><p><br/></p><p>Але нам також потрібна Ваша посильна допомога для підтримки та покращення екокарти. Долучайтесь!</p><p><br/></p><p>Якщо Ви вмілий програміст і бажаєте допомагати в розвитку проекту – ми будемо раді бачити Вас в нашій команді;</p><p>Якщо Ви маєте зауваження чи побажання щодо розширення функціональності проекту;</p><p>Ми також шукаємо людей для наповнення інформаційної секції «Ресурси»;</p><p>На початковій стадії запуску цього сервісу кожний активний користувач для нас на вагу золота, тож люб’язно просимо нас лайкати і про нас щебетати.</p><p>Що більше людей та організацій долучаться, то більше ми зможемо зробити для природи України!</p><p>Контакти</p><p>Oлександра Ковбаско: alex.kovbasko@gmail.com</p><p>Дмитро Григор\'єв: grigorev007@gmail.com</p><ul>&#10;    </ul>&#10;  <p></p>&#10;',1),(2,'cleaning','Як організувати прибирання в парку','  <ol>\n    <li>Обійди територію парку\n      <ol>\n        <li>запиши собі місця найбільших засмічень</li>\n        <li>вибери місце з гарним орієнтиром для зустрічі з активістами</li>\n        <li>вибери місце зручне для під&#8217;їзду сміттєвоза</li>\n      </ol>\n    </li>\n    <li>Вибери зручний день і час для проведення прибирання протягом 2-3 годин. Домовся про це з адміністрацією парку, якщо така є</li>\n    <li>Домовся із перевізником про вивезення сміття в зазначений день і потрібний час із місця зручного для під&#8217;їзду сміттєвоза\n      <ol>\n        <li>Перевізнику відходів важливо, щоб вони були якісно посортовані &#8208; домовся з ним про кількість фракцій і про те, які типи сміття можна класти разом з іншими</li>\n        <li>Домовся про мінімальну кількість відходів, яку готовий вивезти перевізник. В середньому за 2-3 години один учасник збирає 3-4 120-літрових пакети зі сміттям. Загалом же більше половини сміття буде змішане (деякі перевізники його не забирають принципово), а все інше буде окремо скло і окремо пластик у різних співвідношеннях (яке залежить від багатьох факторів)</li>\n        <li>Перевізнику важливо, щоб про нього написали (на сайті і в соц.мережах), що він зробив таку гарну справу &#8208; допоміг вивезти відходи! Підготуйся зробити це і розказати про такі плани на зустрічі з його представником</li>\n        <li>Перевізник зможе краще виконати свою частину роботи, якщо матиме на руках карту із точними вказівками, куди їхати. <a href=\"http://purpose.com.ua/LDU/Maps.doc\">Ось приклад</a> такої карти (зроблено за допомогою Google Maps)</li>\n      </ol>\n    </li>\n\n    <li>Максимально широко повідом про заплановану акцію\n      <ol>\n        <li>в різних соціальних мережах</li>\n        <li>за допомогою об&#8217;яв на дошках для оголошень на будинках навколо парку</li>\n        <li>попроси друзів та знайомих поширити запрошення на акцію і прийти самим</li>\n        <li>Залучи на акцію найближчі до парку організації &#8208; домовся про участь хоча б 5-10 чоловік від кожної:\n          <ol>\n            <li>школи</li>\n            <li>ВНЗ\n              <ol>\n                <li>За декілька днів до акції обов&#8217;язково особисто поговоріть із тими, хто приведе на акцію студентів або школярів &#8208; важливо налаштувати цих керівників на позитивне ставлення до акції &#8208; щоб вони саме так подавали її своїм підопічним (щоб участь в акції не була зіпсована негативним до неї ставленням!)</li>\n              </ol>\n            </li>\n            <li>громадські організації</li>\n            <li>компанії та підприємства\n              <ol>\n                <li>Організаціям та компаніям часто важливо, щоб про них написали (на сайті і в соц.мережах), що вони зробили таку гарну справу &#8208; допомогли провести акцію! Підготуйся зробити це і розказати про такі плани на зустрічі з їх представниками</li>\n                <li>Ось приклад <a href=\"https://docs.google.com/document/pub?id=1DdguRFaLp3Mb5tl4AB4QnEZn2KZNiNi6i3HiPSaG3LQ\">партнерської пропозиції</a> і того, що партнер може <a href=\"https://docs.google.com/document/pub?id=1QMTIpVDrzE3zi8r4mxA4a42awDlUnSh3QHAarmq9IrY\">отримати за підтримку</a> акції</li>\n              </ol>\n            </li>\n            <li>відомих людей\n              <ol>\n                <li>Ось приклад <a href=\"https://docs.google.com/document/pub?id=1j9k5OZkg9Sq9SUALsDcm5ONga4MkjwcPlF9LEU2h13w\">пропозиції для відомої людини</a></li>\n              </ol>\n            </li>\n          </ol>\n        </li>\n      </ol>\n    </li>\n  \n\n    <li>Оціни можливу кількість учасників акції і забезпеч кожного матеріалами для прибирання (іх можна придбати за допомогою організацій з п.5)\n      <ol>\n        <li>Три пакети для сміття по 120 літрів кожен</li>\n        <li>Пара рукавичок з матерії</li>\n        <li>не обов&#8217;язково 0,5 літрів води</li>\n        <li>не обов&#8217;язково 1-2 вологих серветки або рідкий антисептик\n          <ul>\n            <li>Ось <a href=\"https://docs.google.com/spreadsheet/pub?hl=uk&hl=uk&key=0AiZ6hAt9NrE_dDhuR2hHTGN4NnFhMXFVNTM0QUZOOHc&output=html\">приклад розрахунку бюджету</a> акції</li>\n          </ul>\n        </li>\n      </ol>\n    </li>\n\n    <li>Знайди собі 1-2 помічників. Чітко розподіліть між собою ролі під час проведення акції\n      <ol>\n        <li>інструктаж учасників про роздільний збір сміття і обережність поводження з ним\n          <ul>\n            <li>Ось <a href=\"https://docs.google.com/document/pub?id=1EPoVAX8_8m3MIf9p3xBlk9RRprY-Nw2r7qVeb_uW8hc\">приклад інструкції для учасників</a> &#8208; краще її зачитати вголос (з листочків її не читають)</li>\n          </ul>\n        </li>\n        <li>видача матеріалів для прибирання</li>\n        <li>фотографування, запис відео-інтерв&#8217;ю</li>\n        <li>залучення до прибирання відвідувачів парку</li>\n        <li>зв&#8217;язок з водієм сміттєвоза</li>\n        <li>облік результатів акції (ось приклад анкети для координатораприбирання в парку)\n          <ol>\n            <li>кількість учасників прибирання &#8208; їх краще рахувати під час видачі рукавиць<li>\n            <li>кількість зібраних пакетів з пластиком<li>\n            <li>кількість зібраних пакетів зі склом<li>\n            <li>кількість зібраних пакетів з іншим сміттям<li>  \n          </ol>\n        </li>\n      </ol>\n    </li>\n  \n    <li>Проведи акцію</li>\n  </ol>\n\n  <p>Подякуй учасникам (у найкращих і найбільш свідомих бажано взяти контакти для подальшої співпраці) та залученим організаціям. Опублікуй подяку, результати акції, фото та записані відео-інтерв&#8217;ю в соціальних мережах і в блогах. Перешли на <a href=\"mailto:info@letsdoit.org.ua\">info@letsdoit.org.ua</a> результати акції та посилання на фотографії та відео.</p>\n\n  <p>Все про сміття та як з ним боротися знає аполітична некомерційна громадська ініціатива &laquo;Зробимо Україну чистою!&raquo;, частина Всесвітнього руху <a href=\"http://letsdoitworld.org\">&quot;Let&#8217;s do it!&quot; (http://letsdoitworld.org)</a>.</p>\n\n  <p>Мета ініціативи &#8208; докорінно змінити ставлення українців до життєвого простору, прищепити в суспільстві потребу не смітити та дбати про довкілля. Досягти її можна, змінивши повсякденні звички людей &#8208; шляхом дій, спрямованих на створення в Україні чистоти і краси (працюючи над вирішенням проблеми, людина стає частиною рішення).</p>\n\n  <a href=\"http://letsdoit.org.ua/\">http://letsdoit.org.ua/</a>\n',1),(3,'removing','Як добитись ліквідації незаконного звалища?','  <p>В Україні налічуються десятки тисяч несанкціонованих звалищ побутових або будівельних відходів. Більшість таких звалищ розміщені  на природних ділянках, особливо  часто &#8208; в ярах, балках, на узліссях і берегах річок.</p>\n  \n  <p>Звалища являють собою ділянки землі, на яких безконтрольно зберігаються побутові відходи. Часто для зменшення об&#8217;єму відходів звалища підпалують. Такий підхід є неприпустимим, оскільки звалища є серйозним джерелом забруднення як повітряного так і водного середовища. Жоден з таких самовільно створених пунктів скидання відходів не обладнаний відповідним чином, продукти гниття і розпаду потрапляють у ґрунт і ґрунтові води. Температура гниття подекуди настільки висока, що часто легко призводить до їх займання, до того ж у повітря викидається неймовірна кількість шкідливих речовин.</p>\n\n  <p>Згідно законодавства України про відходи, відповідальність за відходи перш за все покладається на власника відходів.</p>\n\n  <p>Стаття 12 Закону визначає, що відходи без власника визначаються як безхазяйні. У випадку, якщо безхазяйні відходи виявлено на земельній ділянці, яка належить приватній особі, ця особа зобов&#8217;язана повідомити про ці відходи органи влади, які, в свою чергу, повинні вжити заходів для визначення власника відходів, класу їх небезпеки, здійснення обліку цих відходів та прийняти рішення щодо поводження з ними.</p>\n\n  <p>Стаття 9. предбачає, що безхазяйні відходи, які знаходяться на об&#8217;єктах територіальної громади, є власністю цієї територіальної громади. Власником безхазяйних відходів, які знаходяться на території України, однак не належать до власності територіальної громади, вважається держава.</p>\n\n  <p>Іншими словами, якщо власника безхазяйних відходів неможливо визначити, то держава або місцеві органи самоврядування беруть на себе відповідальність за такі відходи способом, визначеним в Статті 9 та Статті 12.</p>\n\n  <p>Щоб побороти таке порушення, необхідно відправити поштою кілька листів.</p>\n  \n  <p>Зразок листа дивіться нижче. У доданому нижче зразку заповніть пропуски та замініть підкреслені слова на Ваші дані. По кожному сміттєзвалищу треба окремий листі картинка в додаток (фото і карта де знаходиться звалище; можна принтскрін з Гуглкарт, Яндекскарт тощо).<br/><br/>\n\n  <a href=\"/docs/official-letter-to-clear-up-illegal-dump.docx\">Качнути зразок листа (Word Document)</a></p>\n\n  <p>Інформація надана Національним екологічним центром України <a href=\"http://necu.org.ua/\">http://necu.org.ua/</a></p>\n',1),(4,'stopping-exploitation','Як зупинити комерційну експлуатацію тварин?','  <p>Дуже часто в туристичних містах людям пропонують сфотографуватись з тваринами, найчастіше це хижі птахи і сови. Більшість видів хижих птахів в Україні занесені до Червоної книги України. Крім того, така діяльність є жорстоким поводженням з птахами.</p>\n\n  <p>Щоб побороти таке порушення, необхідно відправити поштою кілька листів.</p>\n\n  <p>Зразок листа дивіться нижче. По кожному випадку треба окремий лист і фотографія в додаток. У доданому нижче зразку заповніть пропуски та замініть підкреслені слова на Ваші дані.<br/><br/>\n\n  <a href=\"/docs/official-letter-to-stop-animal-exploitation.docx\">Качнути зразок листа (Word Document)</a></p>\n\n  <p>Інформація надана Національним екологічним центром України <a href=\"http://necu.org.ua/\">http://necu.org.ua/</a></p>\n',1),(5,'stopping-trade','Торгують первоцвітами - телефонуй: \"102-187!\"','  <p>Активісти природоохоронних організацій закликають кожного не бути байдужим до нищення зникаючих видів рослин та викликати міліцію кожного разу, коли ви бачите торгівлю первоцвітами. Природоохоронці впевнені, що громадяни мають бути свідомими і не допускати порушення законодавства, міліція має виконувати свої обв&#8217;язки, а порушники мають отримати передбачене покарання.</p>\n\n  <p>Всі види підсніжників і більшість інших ранньоквітучих рослин зникають в природі через торгівлю букетами з їх квітів і тому занесені до Червоної книги. Те саме стосується черемші. Збір та торгівля первоцвітами в Україні заборонені низкою законів, зокрема, законом &#171;Про Червону книгу України&#187; та законом &#171;Про рослинний світ&#187;. На порушників накладається штраф відповідно до статей 88-1 та 160 Кодексу України про адміністративні правопорушення. Також за кожну рослину нараховуються збитки, нанесені державі її знищенням.</p>\n\n  <p>Що робити? Кожен з нас має усвідомити особисту відповідальність у справі збереження рідкісних видів рослин. Головне, не бути байдужим і не проходити повз порушників; у разі виявлення фактів торгівлі первоцвітами потрібно обов&#8217;язково звертатись по допомогу до працівників міліції, якщо вони є поруч, або телефонувати 102 та викликати підрозділ ППС на місце незаконної торгівлі. Міліція зобов&#8217;язана реагувати на подібні виклики, зокрема, у рамках операції &#171;Первоцвіт&#187;, яка триває в Україні. Міліціонер повинен зупинити торгівлю і  бажано &#8208; вилучити або знищити квіти.</p>\n\n  <p>Знищення букетів не є чимось аморальним. Кожен роздрібний торгівець купує зранку квіти на вокзалі у оптовиків, які привезли їх у велике місто з Криму або Карпат, витрачаючи кілька тисяч гривень на оптову партію. Вилучення букетів гарантує матеріальний удар по порушнику, що відбиває бажання наступного дня повторити протиправну торгівлю.</p>\n\n  <p>Інформація для журналістів. Практика показує, що працівники міліції дуже старанно виконують свої обов&#8217;язки, коли їх про це просить людина з посвідченням журналіста.</p>\n\n  <p>Інформація надана Національним екологічним центром України <a href=\"http://necu.org.ua/\">http://necu.org.ua/</a></p>\n',1),(6,'testing','Test','<p>lololololo</p>',1);
/*!40000 ALTER TABLE "Resources" ENABLE KEYS */;
UNLOCK TABLES;

--
-- Table structure for table "UserRoles"
--

DROP TABLE IF EXISTS "UserRoles";
/*!40101 SET @saved_cs_client     = @@character_set_client */;
/*!40101 SET character_set_client = utf8 */;
CREATE TABLE "UserRoles" (
  "Id" int(11) NOT NULL,
  "Role" varchar(45) DEFAULT NULL,
  PRIMARY KEY ("Id")
);
/*!40101 SET character_set_client = @saved_cs_client */;

--
-- Dumping data for table "UserRoles"
--

LOCK TABLES "UserRoles" WRITE;
/*!40000 ALTER TABLE "UserRoles" DISABLE KEYS */;
INSERT INTO "UserRoles" VALUES (1,'administrator'),(2,'user');
/*!40000 ALTER TABLE "UserRoles" ENABLE KEYS */;
UNLOCK TABLES;

--
-- Table structure for table "Users"
--

DROP TABLE IF EXISTS "Users";
/*!40101 SET @saved_cs_client     = @@character_set_client */;
/*!40101 SET character_set_client = utf8 */;
CREATE TABLE "Users" (
  "Id" int(11) NOT NULL,
  "Name" varchar(45) DEFAULT NULL,
  "Surname" varchar(45) DEFAULT NULL,
  "Email" varchar(45) DEFAULT NULL,
  "Password" char(64) DEFAULT NULL,
  "UserRoles_Id" int(11) NOT NULL,
  PRIMARY KEY ("Id"),
  KEY "fk_Users_UserRoles1_idx" ("UserRoles_Id"),
  CONSTRAINT "fk_Users_UserRoles1" FOREIGN KEY ("UserRoles_Id") REFERENCES "UserRoles" ("Id") ON DELETE NO ACTION ON UPDATE NO ACTION
);
/*!40101 SET character_set_client = @saved_cs_client */;

--
-- Dumping data for table "Users"
--

LOCK TABLES "Users" WRITE;
/*!40000 ALTER TABLE "Users" DISABLE KEYS */;
INSERT INTO "Users" VALUES (1,'admin',NULL,'admin@.com','dac0d83a682e396b4208fdbd29e2afeb53caeee7',1),(2,'name1',NULL,'name1@.com','850f78d8dace5a42e0d47bd0d73a1bb03173f241',2),(3,'name2',NULL,'name2@.com','850f78d8dace5a42e0d47bd0d73a1bb03173f241',2),(4,'name3',NULL,'name3@.com','850f78d8dace5a42e0d47bd0d73a1bb03173f241',2),(5,'name4',NULL,'name4@.com','850f78d8dace5a42e0d47bd0d73a1bb03173f241',2),(6,'name5',NULL,'name5@.com','850f78d8dace5a42e0d47bd0d73a1bb03173f241',2),(7,'name6',NULL,'name6@.com','850f78d8dace5a42e0d47bd0d73a1bb03173f241',2),(8,'name7',NULL,'name7@.com','850f78d8dace5a42e0d47bd0d73a1bb03173f241',2),(9,'name8',NULL,'name8@.com','850f78d8dace5a42e0d47bd0d73a1bb03173f241',2),(10,'name9',NULL,'name9@.com','850f78d8dace5a42e0d47bd0d73a1bb03173f241',2),(11,'gfcvhnb,mn.km','kjbj,nm,n','tsvetkoff@igyysjhb.ua','9606b4697e1c27bafc976e9a6b4a69046a71e803',2),(12,'day1','day1','day1@example.com','4252be270dcfc7f51e5d724b6c93d603f0fb7af0',2),(13,'test22','test','test@test.test','9606b4697e1c27bafc976e9a6b4a69046a71e803',2),(14,'123','123','cherg2009@yandex.ru','0350a27997bff20ea2aa56d42ec73cfab22b97d5',2),(15,'fvygbuhnjuhij','fvygbkjhnjm','vgbjhn@ljdnmd.fd','9606b4697e1c27bafc976e9a6b4a69046a71e803',2),(16,'fvygbuhnjuhij','fvygbkjhnjm','example1@ab.cd','9606b4697e1c27bafc976e9a6b4a69046a71e803',2),(17,'1234','1234','ex2@ab.cd','9606b4697e1c27bafc976e9a6b4a69046a71e803',2),(18,'fvygbuhnjuhij','fvygbkjhnjm','example3@ab.cd','9606b4697e1c27bafc976e9a6b4a69046a71e803',2),(20,'qw1','qw1','qw1@wq.qw','f1f309e03575374d7dcd3e774591f91eaf82672f',2),(21,'VV1','fff','map@m.com','7c392eeb8f119fa607c90973d0f37abd76791e8f',2),(22,'123','123','cherg2009@gmail.com','0350a27997bff20ea2aa56d42ec73cfab22b97d5',2),(23,'123','123','12345@67','0350a27997bff20ea2aa56d42ec73cfab22b97d5',2),(24,'2222','2222','test2222','249ec8d56204f971fb5aa16a13bc37f96dde6a5c',2),(25,'2222','2222','test@2222','0350a27997bff20ea2aa56d42ec73cfab22b97d5',2),(26,'1111','1111','test@1111','e7c7ceb5d5e8fb848fa6c0d5891c35674053a699',2),(27,'Vasyl','Vasyl','va@va.com','d312d734859a487da8c99b703f4aa6430b3da148',2),(28,'Vav','Vav','va1@va.com','d312d734859a487da8c99b703f4aa6430b3da148',2),(29,'1','1','test@3333','841f08706b7e7fdd05c9ee8dc22c422fd71152e3',2),(30,'Інна','Лабунська','innalabynskaya@gmail.com','e7c7ceb5d5e8fb848fa6c0d5891c35674053a699',2),(31,'Mikh','Prsj','ecomap@mail.ru','16f2b64f1b2f133acefb9b53a1a2c7c007424c27',2),(32,'Inna','Lab','in4ik19@rambler.ru','9606b4697e1c27bafc976e9a6b4a69046a71e803',2),(33,'Vasyl','Kotsiuba','clic@ukr.net','19806e3a38d29af5b6483ae4a0d2b7f786d76127',2),(34,'ert@rg.cvb','ert','ert@rg.cvb','3400a601c8e08c5222eca4fd3633bff493157354',2),(35,'test@t.tt','Test','test@t.tt','2585571fc191c018fe2f17e12f096ba3dc27e145',1),(36,'Vasua','Kotsiuba','test@t.ttt','2585571fc191c018fe2f17e12f096ba3dc27e145',2),(37,'Vas','VasVas','vas@vsa.dd','9a90ef5c9ff43e98ba11966ebac48e1f70bd3edd',2),(38,'ert','ert','ert@r.rr','5b0f249f33c399ab384238fc1a9ed1e511d3c9f5',2),(39,'vasa','vasaa','vasa@v.vv','ddbad3067effcb32d706787975727692e94b5a16',2),(40,'tre','tre','tre@tr.rr','85da5c489c4d33cd032927d9fb8517c23226b23f',2),(41,'xcv','xcv','xcv@cxv.cc','9cdb9a43802597a008141ca14dbfb1729d7ed0ec',2),(42,'Alexey','Huralnyk','gambit@.com','9606b4697e1c27bafc976e9a6b4a69046a71e803',2),(43,'volodymyr','kashyrets','vkashyr@softserveinc.com','53851cde1ebf844c781230be20ce4432bb26cc62',2),(44,'Антон','Коверник','propet90@gmail.com','30eaf48569f9a407329d4be1e31a320a3001031e',2),(45,'Max','Kulik','maximkulik18@gmail.com','d110c8bb9f4d1fbc00915d1edf2b8ae1b915ebf5',2),(46,'фыв','фыв','aa@aa.aa','b8ca80558bb349bc4b1676ee5317bc9c37bca01c',2),(47,'Francis','Smith','flyflyerson2@gmail.com','8a8178b3d32915b9017f619d657e939d76122d7a',2);
/*!40000 ALTER TABLE "Users" ENABLE KEYS */;
UNLOCK TABLES;
/*!40103 SET TIME_ZONE=@OLD_TIME_ZONE */;

/*!40101 SET SQL_MODE=@OLD_SQL_MODE */;
/*!40014 SET FOREIGN_KEY_CHECKS=@OLD_FOREIGN_KEY_CHECKS */;
/*!40014 SET UNIQUE_CHECKS=@OLD_UNIQUE_CHECKS */;
/*!40111 SET SQL_NOTES=@OLD_SQL_NOTES */;

-- Dump completed on 2015-04-29 12:35:07
